iteration,board,shutter_size,max_moves,heuristic_name,heuristic,layers,interaction,exponent,potential,neighborhood,opponent,numberOfNodes,answer,correct,exploredNodes
0,6_hard_full,3,35,shutter,blocking,False,True,2,square,2,True,35,15,0,"[[0.0, -2e-05, 0.1111111111111111, 0.05555555555555555, -1e-05, 0.05555555555555555], [0.027777777777777776, -2e-05, -1e-05, -2e-05, 0.027777777777777776, 0.0], [0.05555555555555555, -1e-05, 0.027777777777777776, 0.0, 0.0, 0.0], [0.05555555555555555, -1e-05, 0.027777777777777776, -2e-05, 0.0, 0.027777777777777776], [0.1111111111111111, -1e-05, 0.027777777777777776, 0.1388888888888889, 0.08333333333333333, 0.08333333333333333], [0.0, -2e-05, 0.027777777777777776, 0.05555555555555555, -2e-05, 0.0]]"
0,6_hard_pruned,3,35,shutter,blocking,False,True,2,square,2,True,35,16,0,"[[0.0, -2e-05, 0.058823529411764705, -1e-05, -1e-05, 0.08823529411764706], [0.0, -2e-05, -1e-05, -2e-05, 0.11764705882352941, 0.058823529411764705], [0.0, -1e-05, 0.058823529411764705, 0.029411764705882353, 0.058823529411764705, 0.029411764705882353], [-2e-05, -1e-05, 0.11764705882352941, -2e-05, 0.058823529411764705, 0.029411764705882353], [0.029411764705882353, -1e-05, 0.11764705882352941, 0.029411764705882353, 0.08823529411764706, 0.029411764705882353], [0.0, -2e-05, 0.0, 0.0, -2e-05, 0.0]]"
0,6_hard_full,3,50,shutter,blocking,False,True,2,square,2,True,50,21,0,"[[0.0, -2e-05, 0.0, 0.020833333333333332, -1e-05, 0.020833333333333332], [0.0625, -2e-05, -1e-05, -2e-05, 0.020833333333333332, 0.0], [0.020833333333333332, -1e-05, 0.0, 0.020833333333333332, 0.041666666666666664, 0.08333333333333333], [0.0, -1e-05, 0.020833333333333332, -2e-05, 0.0625, 0.0625], [0.08333333333333333, -1e-05, 0.10416666666666667, 0.1875, 0.0625, 0.08333333333333333], [0.0, -2e-05, 0.020833333333333332, 0.0, -2e-05, 0.020833333333333332]]"
0,6_hard_pruned,3,50,shutter,blocking,False,True,2,square,2,True,31,15,0,"[[0.038461538461538464, -2e-05, 0.11538461538461539, -1e-05, -1e-05, 0.15384615384615385], [0.038461538461538464, -2e-05, -1e-05, -2e-05, 0.038461538461538464, 0.038461538461538464], [0.038461538461538464, -1e-05, 0.038461538461538464, 0.0, 0.0, 0.07692307692307693], [-2e-05, -1e-05, 0.038461538461538464, -2e-05, 0.07692307692307693, 0.0], [0.038461538461538464, -1e-05, 0.07692307692307693, 0.07692307692307693, 0.038461538461538464, 0.0], [0.038461538461538464, -2e-05, 0.038461538461538464, 0.0, -2e-05, 0.0]]"
0,6_hard_full,3,100,shutter,blocking,False,True,2,square,2,True,100,4,1,"[[0.011764705882352941, -2e-05, 0.023529411764705882, 0.011764705882352941, -1e-05, 0.023529411764705882], [0.08235294117647059, -2e-05, -1e-05, -2e-05, 0.10588235294117647, 0.023529411764705882], [0.03529411764705882, -1e-05, 0.047058823529411764, 0.11764705882352941, 0.023529411764705882, 0.023529411764705882], [0.011764705882352941, -1e-05, 0.1411764705882353, -2e-05, 0.09411764705882353, 0.0], [0.023529411764705882, -1e-05, 0.03529411764705882, 0.07058823529411765, 0.0, 0.047058823529411764], [0.03529411764705882, -2e-05, 0.011764705882352941, 0.0, -2e-05, 0.0]]"
0,6_hard_pruned,3,100,shutter,blocking,False,True,2,square,2,True,37,3,1,"[[0.0, -2e-05, 0.030303030303030304, -1e-05, -1e-05, 0.0], [0.06060606060606061, -2e-05, -1e-05, -2e-05, 0.06060606060606061, 0.0], [0.06060606060606061, -1e-05, 0.06060606060606061, 0.12121212121212122, 0.0, 0.06060606060606061], [-2e-05, -1e-05, 0.12121212121212122, -2e-05, 0.12121212121212122, 0.0], [0.0, -1e-05, 0.030303030303030304, 0.12121212121212122, 0.0, 0.09090909090909091], [0.06060606060606061, -2e-05, 0.0, 0.0, -2e-05, 0.0]]"
0,6_hard_full,5,35,shutter,blocking,False,True,2,square,2,True,35,11,0,"[[0.027777777777777776, -2e-05, 0.05555555555555555, 0.05555555555555555, -1e-05, 0.027777777777777776], [0.08333333333333333, -2e-05, -1e-05, -2e-05, 0.027777777777777776, 0.0], [0.05555555555555555, -1e-05, 0.08333333333333333, 0.0, 0.027777777777777776, 0.027777777777777776], [0.05555555555555555, -1e-05, 0.08333333333333333, -2e-05, 0.05555555555555555, 0.027777777777777776], [0.05555555555555555, -1e-05, 0.05555555555555555, 0.05555555555555555, 0.1111111111111111, 0.0], [0.0, -2e-05, 0.027777777777777776, 0.0, -2e-05, 0.0]]"
0,6_hard_pruned,5,35,shutter,blocking,False,True,2,square,2,True,35,6,0,"[[0.0, -2e-05, 0.02564102564102564, -1e-05, -1e-05, 0.02564102564102564], [0.0, -2e-05, -1e-05, -2e-05, 0.05128205128205128, 0.07692307692307693], [0.02564102564102564, -1e-05, 0.05128205128205128, 0.10256410256410256, 0.02564102564102564, 0.02564102564102564], [-2e-05, -1e-05, 0.10256410256410256, -2e-05, 0.10256410256410256, 0.07692307692307693], [0.0, -1e-05, 0.02564102564102564, 0.07692307692307693, 0.0, 0.10256410256410256], [0.0, -2e-05, 0.02564102564102564, 0.02564102564102564, -2e-05, 0.05128205128205128]]"
0,6_hard_full,5,50,shutter,blocking,False,True,2,square,2,True,50,4,1,"[[0.03333333333333333, -2e-05, 0.016666666666666666, 0.016666666666666666, -1e-05, 0.016666666666666666], [0.03333333333333333, -2e-05, -1e-05, -2e-05, 0.08333333333333333, 0.05], [0.03333333333333333, -1e-05, 0.016666666666666666, 0.06666666666666667, 0.016666666666666666, 0.08333333333333333], [0.016666666666666666, -1e-05, 0.05, -2e-05, 0.11666666666666667, 0.03333333333333333], [0.0, -1e-05, 0.05, 0.1, 0.03333333333333333, 0.03333333333333333], [0.03333333333333333, -2e-05, 0.03333333333333333, 0.016666666666666666, -2e-05, 0.016666666666666666]]"
0,6_hard_pruned,5,50,shutter,blocking,False,True,2,square,2,True,50,3,1,"[[0.018518518518518517, -2e-05, 0.018518518518518517, -1e-05, -1e-05, 0.0], [0.07407407407407407, -2e-05, -1e-05, -2e-05, 0.12962962962962962, 0.018518518518518517], [0.05555555555555555, -1e-05, 0.037037037037037035, 0.1111111111111111, 0.07407407407407407, 0.07407407407407407], [-2e-05, -1e-05, 0.05555555555555555, -2e-05, 0.07407407407407407, 0.0], [0.018518518518518517, -1e-05, 0.07407407407407407, 0.07407407407407407, 0.018518518518518517, 0.0], [0.037037037037037035, -2e-05, 0.018518518518518517, 0.018518518518518517, -2e-05, 0.0]]"
0,6_hard_full,5,100,shutter,blocking,False,True,2,square,2,True,100,4,1,"[[0.021052631578947368, -2e-05, 0.010526315789473684, 0.010526315789473684, -1e-05, 0.010526315789473684], [0.05263157894736842, -2e-05, -1e-05, -2e-05, 0.07368421052631578, 0.031578947368421054], [0.042105263157894736, -1e-05, 0.010526315789473684, 0.05263157894736842, 0.042105263157894736, 0.042105263157894736], [0.010526315789473684, -1e-05, 0.05263157894736842, -2e-05, 0.08421052631578947, 0.0], [0.031578947368421054, -1e-05, 0.08421052631578947, 0.09473684210526316, 0.07368421052631578, 0.06315789473684211], [0.031578947368421054, -2e-05, 0.042105263157894736, 0.031578947368421054, -2e-05, 0.0]]"
0,6_hard_pruned,5,100,shutter,blocking,False,True,2,square,2,True,76,17,0,"[[0.046153846153846156, -2e-05, 0.07692307692307693, -1e-05, -1e-05, 0.15384615384615385], [0.03076923076923077, -2e-05, -1e-05, -2e-05, 0.15384615384615385, 0.09230769230769231], [0.0, -1e-05, 0.0, 0.06153846153846154, 0.015384615384615385, 0.046153846153846156], [-2e-05, -1e-05, 0.015384615384615385, -2e-05, 0.09230769230769231, 0.06153846153846154], [0.0, -1e-05, 0.0, 0.03076923076923077, 0.046153846153846156, 0.06153846153846154], [0.0, -2e-05, 0.015384615384615385, 0.0, -2e-05, 0.0]]"
0,6_hard_full,10,35,shutter,blocking,False,True,2,square,2,True,35,16,0,"[[0.03333333333333333, -2e-05, 0.05, 0.06666666666666667, -1e-05, 0.05], [0.05, -2e-05, -1e-05, -2e-05, 0.06666666666666667, 0.03333333333333333], [0.06666666666666667, -1e-05, 0.016666666666666666, 0.016666666666666666, 0.06666666666666667, 0.03333333333333333], [0.05, -1e-05, 0.06666666666666667, -2e-05, 0.06666666666666667, 0.03333333333333333], [0.08333333333333333, -1e-05, 0.03333333333333333, 0.03333333333333333, 0.016666666666666666, 0.03333333333333333], [0.03333333333333333, -2e-05, 0.0, 0.0, -2e-05, 0.0]]"
0,6_hard_pruned,10,35,shutter,blocking,False,True,2,square,2,True,35,16,0,"[[0.03333333333333333, -2e-05, 0.05, -1e-05, -1e-05, 0.05], [0.03333333333333333, -2e-05, -1e-05, -2e-05, 0.08333333333333333, 0.08333333333333333], [0.016666666666666666, -1e-05, 0.0, 0.016666666666666666, 0.06666666666666667, 0.06666666666666667], [-2e-05, -1e-05, 0.06666666666666667, -2e-05, 0.06666666666666667, 0.05], [0.016666666666666666, -1e-05, 0.03333333333333333, 0.05, 0.03333333333333333, 0.06666666666666667], [0.03333333333333333, -2e-05, 0.016666666666666666, 0.03333333333333333, -2e-05, 0.03333333333333333]]"
0,6_hard_full,10,50,shutter,blocking,False,True,2,square,2,True,50,19,0,"[[0.05128205128205128, -2e-05, 0.05128205128205128, 0.01282051282051282, -1e-05, 0.02564102564102564], [0.0641025641025641, -2e-05, -1e-05, -2e-05, 0.05128205128205128, 0.038461538461538464], [0.038461538461538464, -1e-05, 0.02564102564102564, 0.02564102564102564, 0.038461538461538464, 0.02564102564102564], [0.01282051282051282, -1e-05, 0.07692307692307693, -2e-05, 0.0641025641025641, 0.038461538461538464], [0.07692307692307693, -1e-05, 0.0641025641025641, 0.038461538461538464, 0.038461538461538464, 0.038461538461538464], [0.038461538461538464, -2e-05, 0.038461538461538464, 0.01282051282051282, -2e-05, 0.01282051282051282]]"
0,6_hard_pruned,10,50,shutter,blocking,False,True,2,square,2,True,50,21,0,"[[0.06779661016949153, -2e-05, 0.06779661016949153, -1e-05, -1e-05, 0.0847457627118644], [0.05084745762711865, -2e-05, -1e-05, -2e-05, 0.0847457627118644, 0.06779661016949153], [0.05084745762711865, -1e-05, 0.0, 0.03389830508474576, 0.1016949152542373, 0.03389830508474576], [-2e-05, -1e-05, 0.01694915254237288, -2e-05, 0.0847457627118644, 0.03389830508474576], [0.0, -1e-05, 0.01694915254237288, 0.06779661016949153, 0.03389830508474576, 0.03389830508474576], [0.03389830508474576, -2e-05, 0.0, 0.0, -2e-05, 0.03389830508474576]]"
0,6_hard_full,10,100,shutter,blocking,False,True,2,square,2,True,100,12,0,"[[0.008620689655172414, -2e-05, 0.05172413793103448, 0.008620689655172414, -1e-05, 0.06896551724137931], [0.017241379310344827, -2e-05, -1e-05, -2e-05, 0.07758620689655173, 0.008620689655172414], [0.017241379310344827, -1e-05, 0.008620689655172414, 0.017241379310344827, 0.08620689655172414, 0.06896551724137931], [0.02586206896551724, -1e-05, 0.0603448275862069, -2e-05, 0.07758620689655173, 0.04310344827586207], [0.02586206896551724, -1e-05, 0.04310344827586207, 0.07758620689655173, 0.05172413793103448, 0.0603448275862069], [0.02586206896551724, -2e-05, 0.02586206896551724, 0.02586206896551724, -2e-05, 0.017241379310344827]]"
0,6_hard_pruned,10,100,shutter,blocking,False,True,2,square,2,True,100,36,0,"[[0.018867924528301886, -2e-05, 0.04716981132075472, -1e-05, -1e-05, 0.05660377358490566], [0.04716981132075472, -2e-05, -1e-05, -2e-05, 0.05660377358490566, 0.03773584905660377], [0.04716981132075472, -1e-05, 0.0660377358490566, 0.10377358490566038, 0.07547169811320754, 0.0], [-2e-05, -1e-05, 0.09433962264150944, -2e-05, 0.0660377358490566, 0.018867924528301886], [0.02830188679245283, -1e-05, 0.03773584905660377, 0.05660377358490566, 0.04716981132075472, 0.02830188679245283], [0.02830188679245283, -2e-05, 0.0, 0.02830188679245283, -2e-05, 0.009433962264150943]]"
1,6_hard_full,3,35,shutter,blocking,False,True,2,square,2,True,35,19,0,"[[0.029411764705882353, -2e-05, 0.029411764705882353, 0.029411764705882353, -1e-05, 0.029411764705882353], [0.08823529411764706, -2e-05, -1e-05, -2e-05, 0.029411764705882353, 0.0], [0.058823529411764705, -1e-05, 0.058823529411764705, 0.0, 0.0, 0.029411764705882353], [0.029411764705882353, -1e-05, 0.08823529411764706, -2e-05, 0.058823529411764705, 0.0], [0.08823529411764706, -1e-05, 0.14705882352941177, 0.08823529411764706, 0.029411764705882353, 0.0], [0.0, -2e-05, 0.058823529411764705, 0.029411764705882353, -2e-05, 0.0]]"
1,6_hard_pruned,3,35,shutter,blocking,False,True,2,square,2,True,35,3,1,"[[0.0, -2e-05, 0.03125, -1e-05, -1e-05, 0.03125], [0.03125, -2e-05, -1e-05, -2e-05, 0.15625, 0.0625], [0.0, -1e-05, 0.03125, 0.09375, 0.09375, 0.0625], [-2e-05, -1e-05, 0.125, -2e-05, 0.125, 0.03125], [0.0, -1e-05, 0.0, 0.03125, 0.03125, 0.03125], [0.03125, -2e-05, 0.0, 0.0, -2e-05, 0.0]]"
1,6_hard_full,3,50,shutter,blocking,False,True,2,square,2,True,50,19,0,"[[0.025, -2e-05, 0.0, 0.025, -1e-05, 0.0], [0.075, -2e-05, -1e-05, -2e-05, 0.0, 0.0], [0.125, -1e-05, 0.075, 0.05, 0.0, 0.0], [0.025, -1e-05, 0.1, -2e-05, 0.0, 0.0], [0.125, -1e-05, 0.15, 0.05, 0.0, 0.0], [0.125, -2e-05, 0.05, 0.0, -2e-05, 0.0]]"
1,6_hard_pruned,3,50,shutter,blocking,False,True,2,square,2,True,50,3,1,"[[0.025, -2e-05, 0.025, -1e-05, -1e-05, 0.05], [0.1, -2e-05, -1e-05, -2e-05, 0.125, 0.05], [0.0, -1e-05, 0.025, 0.1, 0.1, 0.075], [-2e-05, -1e-05, 0.075, -2e-05, 0.125, 0.025], [0.0, -1e-05, 0.0, 0.025, 0.025, 0.025], [0.025, -2e-05, 0.0, 0.0, -2e-05, 0.0]]"
1,6_hard_full,3,100,shutter,blocking,False,True,2,square,2,True,66,16,0,"[[0.06521739130434782, -2e-05, 0.17391304347826086, 0.13043478260869565, -1e-05, 0.15217391304347827], [0.043478260869565216, -2e-05, -1e-05, -2e-05, 0.0, 0.043478260869565216], [0.043478260869565216, -1e-05, 0.021739130434782608, 0.021739130434782608, 0.08695652173913043, 0.021739130434782608], [0.021739130434782608, -1e-05, 0.0, -2e-05, 0.021739130434782608, 0.021739130434782608], [0.0, -1e-05, 0.021739130434782608, 0.021739130434782608, 0.021739130434782608, 0.021739130434782608], [0.0, -2e-05, 0.043478260869565216, 0.0, -2e-05, 0.0]]"
1,6_hard_pruned,3,100,shutter,blocking,False,True,2,square,2,True,40,27,0,"[[0.03225806451612903, -2e-05, 0.0967741935483871, -1e-05, -1e-05, 0.16129032258064516], [0.0, -2e-05, -1e-05, -2e-05, 0.16129032258064516, 0.12903225806451613], [0.0, -1e-05, 0.06451612903225806, 0.06451612903225806, 0.03225806451612903, 0.0], [-2e-05, -1e-05, 0.06451612903225806, -2e-05, 0.03225806451612903, 0.0], [0.03225806451612903, -1e-05, 0.03225806451612903, 0.03225806451612903, 0.03225806451612903, 0.0], [0.0, -2e-05, 0.03225806451612903, 0.0, -2e-05, 0.0]]"
1,6_hard_full,5,35,shutter,blocking,False,True,2,square,2,True,35,4,1,"[[0.025, -2e-05, 0.025, 0.025, -1e-05, 0.025], [0.1, -2e-05, -1e-05, -2e-05, 0.1, 0.05], [0.075, -1e-05, 0.05, 0.075, 0.075, 0.025], [0.025, -1e-05, 0.025, -2e-05, 0.075, 0.0], [0.0, -1e-05, 0.075, 0.025, 0.0, 0.05], [0.025, -2e-05, 0.0, 0.05, -2e-05, 0.0]]"
1,6_hard_pruned,5,35,shutter,blocking,False,True,2,square,2,True,35,3,1,"[[0.022222222222222223, -2e-05, 0.022222222222222223, -1e-05, -1e-05, 0.0], [0.06666666666666667, -2e-05, -1e-05, -2e-05, 0.08888888888888889, 0.022222222222222223], [0.044444444444444446, -1e-05, 0.022222222222222223, 0.1111111111111111, 0.06666666666666667, 0.08888888888888889], [-2e-05, -1e-05, 0.044444444444444446, -2e-05, 0.08888888888888889, 0.0], [0.022222222222222223, -1e-05, 0.06666666666666667, 0.08888888888888889, 0.022222222222222223, 0.022222222222222223], [0.044444444444444446, -2e-05, 0.022222222222222223, 0.022222222222222223, -2e-05, 0.0]]"
1,6_hard_full,5,50,shutter,blocking,False,True,2,square,2,True,50,4,1,"[[0.017241379310344827, -2e-05, 0.017241379310344827, 0.017241379310344827, -1e-05, 0.017241379310344827], [0.05172413793103448, -2e-05, -1e-05, -2e-05, 0.08620689655172414, 0.034482758620689655], [0.06896551724137931, -1e-05, 0.017241379310344827, 0.10344827586206896, 0.06896551724137931, 0.05172413793103448], [0.017241379310344827, -1e-05, 0.06896551724137931, -2e-05, 0.1206896551724138, 0.017241379310344827], [0.0, -1e-05, 0.034482758620689655, 0.05172413793103448, 0.0, 0.034482758620689655], [0.034482758620689655, -2e-05, 0.017241379310344827, 0.034482758620689655, -2e-05, 0.017241379310344827]]"
1,6_hard_pruned,5,50,shutter,blocking,False,True,2,square,2,True,50,27,0,"[[0.01818181818181818, -2e-05, 0.05454545454545454, -1e-05, -1e-05, 0.09090909090909091], [0.07272727272727272, -2e-05, -1e-05, -2e-05, 0.09090909090909091, 0.05454545454545454], [0.0, -1e-05, 0.03636363636363636, 0.07272727272727272, 0.01818181818181818, 0.07272727272727272], [-2e-05, -1e-05, 0.07272727272727272, -2e-05, 0.09090909090909091, 0.03636363636363636], [0.01818181818181818, -1e-05, 0.01818181818181818, 0.03636363636363636, 0.05454545454545454, 0.07272727272727272], [0.0, -2e-05, 0.01818181818181818, 0.0, -2e-05, 0.0]]"
1,6_hard_full,5,100,shutter,blocking,False,True,2,square,2,True,73,15,0,"[[0.10606060606060606, -2e-05, 0.030303030303030304, 0.015151515151515152, -1e-05, 0.015151515151515152], [0.07575757575757576, -2e-05, -1e-05, -2e-05, 0.030303030303030304, 0.015151515151515152], [0.10606060606060606, -1e-05, 0.015151515151515152, 0.0, 0.045454545454545456, 0.015151515151515152], [0.13636363636363635, -1e-05, 0.06060606060606061, -2e-05, 0.015151515151515152, 0.030303030303030304], [0.12121212121212122, -1e-05, 0.015151515151515152, 0.045454545454545456, 0.015151515151515152, 0.0], [0.06060606060606061, -2e-05, 0.030303030303030304, 0.0, -2e-05, 0.0]]"
1,6_hard_pruned,5,100,shutter,blocking,False,True,2,square,2,True,66,21,0,"[[0.03333333333333333, -2e-05, 0.06666666666666667, -1e-05, -1e-05, 0.06666666666666667], [0.06666666666666667, -2e-05, -1e-05, -2e-05, 0.06666666666666667, 0.06666666666666667], [0.016666666666666666, -1e-05, 0.016666666666666666, 0.016666666666666666, 0.03333333333333333, 0.1], [-2e-05, -1e-05, 0.016666666666666666, -2e-05, 0.08333333333333333, 0.1], [0.0, -1e-05, 0.016666666666666666, 0.03333333333333333, 0.03333333333333333, 0.08333333333333333], [0.016666666666666666, -2e-05, 0.03333333333333333, 0.0, -2e-05, 0.03333333333333333]]"
1,6_hard_full,10,35,shutter,blocking,False,True,2,square,2,True,35,4,1,"[[0.031746031746031744, -2e-05, 0.015873015873015872, 0.015873015873015872, -1e-05, 0.015873015873015872], [0.06349206349206349, -2e-05, -1e-05, -2e-05, 0.047619047619047616, 0.015873015873015872], [0.07936507936507936, -1e-05, 0.047619047619047616, 0.07936507936507936, 0.047619047619047616, 0.047619047619047616], [0.015873015873015872, -1e-05, 0.06349206349206349, -2e-05, 0.09523809523809523, 0.031746031746031744], [0.031746031746031744, -1e-05, 0.015873015873015872, 0.047619047619047616, 0.031746031746031744, 0.031746031746031744], [0.047619047619047616, -2e-05, 0.031746031746031744, 0.031746031746031744, -2e-05, 0.015873015873015872]]"
1,6_hard_pruned,10,35,shutter,blocking,False,True,2,square,2,True,35,16,0,"[[0.03333333333333333, -2e-05, 0.08333333333333333, -1e-05, -1e-05, 0.05], [0.03333333333333333, -2e-05, -1e-05, -2e-05, 0.05, 0.06666666666666667], [0.03333333333333333, -1e-05, 0.016666666666666666, 0.016666666666666666, 0.06666666666666667, 0.06666666666666667], [-2e-05, -1e-05, 0.1, -2e-05, 0.06666666666666667, 0.06666666666666667], [0.03333333333333333, -1e-05, 0.05, 0.03333333333333333, 0.016666666666666666, 0.06666666666666667], [0.016666666666666666, -2e-05, 0.016666666666666666, 0.0, -2e-05, 0.016666666666666666]]"
1,6_hard_full,10,50,shutter,blocking,False,True,2,square,2,True,50,19,0,"[[0.02531645569620253, -2e-05, 0.0379746835443038, 0.012658227848101266, -1e-05, 0.05063291139240506], [0.05063291139240506, -2e-05, -1e-05, -2e-05, 0.0379746835443038, 0.012658227848101266], [0.0759493670886076, -1e-05, 0.02531645569620253, 0.02531645569620253, 0.0379746835443038, 0.0379746835443038], [0.012658227848101266, -1e-05, 0.05063291139240506, -2e-05, 0.0759493670886076, 0.0379746835443038], [0.0759493670886076, -1e-05, 0.06329113924050633, 0.05063291139240506, 0.0379746835443038, 0.0759493670886076], [0.02531645569620253, -2e-05, 0.05063291139240506, 0.0, -2e-05, 0.012658227848101266]]"
1,6_hard_pruned,10,50,shutter,blocking,False,True,2,square,2,True,50,16,0,"[[0.05, -2e-05, 0.0625, -1e-05, -1e-05, 0.05], [0.0625, -2e-05, -1e-05, -2e-05, 0.0625, 0.0625], [0.05, -1e-05, 0.05, 0.0125, 0.0125, 0.0625], [-2e-05, -1e-05, 0.0375, -2e-05, 0.0625, 0.05], [0.0375, -1e-05, 0.075, 0.0375, 0.0125, 0.05], [0.025, -2e-05, 0.025, 0.025, -2e-05, 0.025]]"
1,6_hard_full,10,100,shutter,blocking,False,True,2,square,2,True,100,17,0,"[[0.03418803418803419, -2e-05, 0.08547008547008547, 0.10256410256410256, -1e-05, 0.03418803418803419], [0.02564102564102564, -2e-05, -1e-05, -2e-05, 0.08547008547008547, 0.08547008547008547], [0.017094017094017096, -1e-05, 0.017094017094017096, 0.017094017094017096, 0.008547008547008548, 0.06837606837606838], [0.05982905982905983, -1e-05, 0.042735042735042736, -2e-05, 0.05982905982905983, 0.05128205128205128], [0.02564102564102564, -1e-05, 0.008547008547008548, 0.0, 0.03418803418803419, 0.06837606837606838], [0.02564102564102564, -2e-05, 0.008547008547008548, 0.017094017094017096, -2e-05, 0.017094017094017096]]"
1,6_hard_pruned,10,100,shutter,blocking,False,True,2,square,2,True,100,3,1,"[[0.018867924528301886, -2e-05, 0.009433962264150943, -1e-05, -1e-05, 0.009433962264150943], [0.05660377358490566, -2e-05, -1e-05, -2e-05, 0.08490566037735849, 0.03773584905660377], [0.05660377358490566, -1e-05, 0.018867924528301886, 0.09433962264150944, 0.08490566037735849, 0.03773584905660377], [-2e-05, -1e-05, 0.02830188679245283, -2e-05, 0.09433962264150944, 0.03773584905660377], [0.04716981132075472, -1e-05, 0.05660377358490566, 0.03773584905660377, 0.04716981132075472, 0.03773584905660377], [0.02830188679245283, -2e-05, 0.02830188679245283, 0.02830188679245283, -2e-05, 0.018867924528301886]]"
2,6_hard_full,3,35,shutter,blocking,False,True,2,square,2,True,35,4,1,"[[0.0, -2e-05, 0.030303030303030304, 0.030303030303030304, -1e-05, 0.030303030303030304], [0.09090909090909091, -2e-05, -1e-05, -2e-05, 0.09090909090909091, 0.06060606060606061], [0.0, -1e-05, 0.030303030303030304, 0.09090909090909091, 0.030303030303030304, 0.030303030303030304], [0.030303030303030304, -1e-05, 0.12121212121212122, -2e-05, 0.09090909090909091, 0.0], [0.0, -1e-05, 0.06060606060606061, 0.09090909090909091, 0.0, 0.06060606060606061], [0.030303030303030304, -2e-05, 0.0, 0.0, -2e-05, 0.0]]"
2,6_hard_pruned,3,35,shutter,blocking,False,True,2,square,2,True,35,3,1,"[[0.0, -2e-05, 0.03125, -1e-05, -1e-05, 0.03125], [0.0625, -2e-05, -1e-05, -2e-05, 0.09375, 0.03125], [0.03125, -1e-05, 0.03125, 0.0625, 0.03125, 0.03125], [-2e-05, -1e-05, 0.125, -2e-05, 0.09375, 0.0], [0.03125, -1e-05, 0.0625, 0.125, 0.0, 0.03125], [0.0625, -2e-05, 0.03125, 0.0, -2e-05, 0.0]]"
2,6_hard_full,3,50,shutter,blocking,False,True,2,square,2,True,50,16,0,"[[0.0425531914893617, -2e-05, 0.02127659574468085, 0.06382978723404255, -1e-05, 0.0], [0.06382978723404255, -2e-05, -1e-05, -2e-05, 0.02127659574468085, 0.0425531914893617], [0.0425531914893617, -1e-05, 0.0851063829787234, 0.02127659574468085, 0.10638297872340426, 0.0851063829787234], [0.0425531914893617, -1e-05, 0.02127659574468085, -2e-05, 0.0851063829787234, 0.0425531914893617], [0.0, -1e-05, 0.02127659574468085, 0.0425531914893617, 0.0851063829787234, 0.06382978723404255], [0.0, -2e-05, 0.0, 0.0, -2e-05, 0.0]]"
2,6_hard_pruned,3,50,shutter,blocking,False,True,2,square,2,True,37,21,0,"[[0.037037037037037035, -2e-05, 0.037037037037037035, -1e-05, -1e-05, 0.1111111111111111], [0.07407407407407407, -2e-05, -1e-05, -2e-05, 0.07407407407407407, 0.1111111111111111], [0.0, -1e-05, 0.0, 0.037037037037037035, 0.037037037037037035, 0.1111111111111111], [-2e-05, -1e-05, 0.037037037037037035, -2e-05, 0.07407407407407407, 0.07407407407407407], [0.0, -1e-05, 0.07407407407407407, 0.07407407407407407, 0.037037037037037035, 0.0], [0.0, -2e-05, 0.0, 0.0, -2e-05, 0.0]]"
2,6_hard_full,3,100,shutter,blocking,False,True,2,square,2,True,75,21,0,"[[0.046153846153846156, -2e-05, 0.03076923076923077, 0.06153846153846154, -1e-05, 0.0], [0.1076923076923077, -2e-05, -1e-05, -2e-05, 0.046153846153846156, 0.015384615384615385], [0.046153846153846156, -1e-05, 0.046153846153846156, 0.015384615384615385, 0.046153846153846156, 0.03076923076923077], [0.015384615384615385, -1e-05, 0.015384615384615385, -2e-05, 0.046153846153846156, 0.03076923076923077], [0.06153846153846154, -1e-05, 0.09230769230769231, 0.15384615384615385, 0.06153846153846154, 0.03076923076923077], [0.0, -2e-05, 0.0, 0.0, -2e-05, 0.0]]"
2,6_hard_pruned,3,100,shutter,blocking,False,True,2,square,2,True,41,6,0,"[[0.0, -2e-05, 0.03125, -1e-05, -1e-05, 0.03125], [0.09375, -2e-05, -1e-05, -2e-05, 0.09375, 0.03125], [0.0, -1e-05, 0.0625, 0.0625, 0.03125, 0.03125], [-2e-05, -1e-05, 0.1875, -2e-05, 0.09375, 0.0], [0.0, -1e-05, 0.0625, 0.09375, 0.0, 0.0625], [0.03125, -2e-05, 0.0, 0.0, -2e-05, 0.0]]"
2,6_hard_full,5,35,shutter,blocking,False,True,2,square,2,True,35,19,0,"[[0.08888888888888889, -2e-05, 0.022222222222222223, 0.022222222222222223, -1e-05, 0.0], [0.06666666666666667, -2e-05, -1e-05, -2e-05, 0.0, 0.0], [0.1111111111111111, -1e-05, 0.06666666666666667, 0.06666666666666667, 0.0, 0.022222222222222223], [0.022222222222222223, -1e-05, 0.08888888888888889, -2e-05, 0.044444444444444446, 0.022222222222222223], [0.044444444444444446, -1e-05, 0.06666666666666667, 0.044444444444444446, 0.022222222222222223, 0.022222222222222223], [0.08888888888888889, -2e-05, 0.044444444444444446, 0.022222222222222223, -2e-05, 0.0]]"
2,6_hard_pruned,5,35,shutter,blocking,False,True,2,square,2,True,35,27,0,"[[0.023255813953488372, -2e-05, 0.0, -1e-05, -1e-05, 0.09302325581395349], [0.06976744186046512, -2e-05, -1e-05, -2e-05, 0.023255813953488372, 0.06976744186046512], [0.046511627906976744, -1e-05, 0.023255813953488372, 0.046511627906976744, 0.023255813953488372, 0.09302325581395349], [-2e-05, -1e-05, 0.09302325581395349, -2e-05, 0.023255813953488372, 0.046511627906976744], [0.046511627906976744, -1e-05, 0.023255813953488372, 0.06976744186046512, 0.11627906976744186, 0.046511627906976744], [0.0, -2e-05, 0.023255813953488372, 0.0, -2e-05, 0.0]]"
2,6_hard_full,5,50,shutter,blocking,False,True,2,square,2,True,50,16,0,"[[0.018867924528301886, -2e-05, 0.0, 0.018867924528301886, -1e-05, 0.03773584905660377], [0.018867924528301886, -2e-05, -1e-05, -2e-05, 0.11320754716981132, 0.07547169811320754], [0.018867924528301886, -1e-05, 0.0, 0.018867924528301886, 0.09433962264150944, 0.09433962264150944], [0.03773584905660377, -1e-05, 0.07547169811320754, -2e-05, 0.09433962264150944, 0.03773584905660377], [0.0, -1e-05, 0.0, 0.03773584905660377, 0.05660377358490566, 0.05660377358490566], [0.0, -2e-05, 0.018867924528301886, 0.018867924528301886, -2e-05, 0.05660377358490566]]"
2,6_hard_pruned,5,50,shutter,blocking,False,True,2,square,2,True,50,6,0,"[[0.02, -2e-05, 0.02, -1e-05, -1e-05, 0.02], [0.06, -2e-05, -1e-05, -2e-05, 0.1, 0.04], [0.0, -1e-05, 0.06, 0.04, 0.1, 0.08], [-2e-05, -1e-05, 0.08, -2e-05, 0.12, 0.04], [0.0, -1e-05, 0.04, 0.04, 0.02, 0.04], [0.06, -2e-05, 0.02, 0.0, -2e-05, 0.0]]"
2,6_hard_full,5,100,shutter,blocking,False,True,2,square,2,True,100,21,0,"[[0.02857142857142857, -2e-05, 0.0380952380952381, 0.05714285714285714, -1e-05, 0.05714285714285714], [0.06666666666666667, -2e-05, -1e-05, -2e-05, 0.0380952380952381, 0.05714285714285714], [0.0, -1e-05, 0.0, 0.02857142857142857, 0.09523809523809523, 0.09523809523809523], [0.009523809523809525, -1e-05, 0.009523809523809525, -2e-05, 0.05714285714285714, 0.09523809523809523], [0.0, -1e-05, 0.01904761904761905, 0.0380952380952381, 0.06666666666666667, 0.0761904761904762], [0.01904761904761905, -2e-05, 0.009523809523809525, 0.0, -2e-05, 0.0380952380952381]]"
2,6_hard_pruned,5,100,shutter,blocking,False,True,2,square,2,True,41,15,0,"[[0.02631578947368421, -2e-05, 0.13157894736842105, -1e-05, -1e-05, 0.10526315789473684], [0.10526315789473684, -2e-05, -1e-05, -2e-05, 0.02631578947368421, 0.02631578947368421], [0.05263157894736842, -1e-05, 0.02631578947368421, 0.02631578947368421, 0.02631578947368421, 0.02631578947368421], [-2e-05, -1e-05, 0.10526315789473684, -2e-05, 0.02631578947368421, 0.0], [0.05263157894736842, -1e-05, 0.07894736842105263, 0.02631578947368421, 0.02631578947368421, 0.0], [0.0, -2e-05, 0.07894736842105263, 0.02631578947368421, -2e-05, 0.0]]"
2,6_hard_full,10,35,shutter,blocking,False,True,2,square,2,True,35,4,1,"[[0.03076923076923077, -2e-05, 0.015384615384615385, 0.015384615384615385, -1e-05, 0.015384615384615385], [0.06153846153846154, -2e-05, -1e-05, -2e-05, 0.07692307692307693, 0.06153846153846154], [0.046153846153846156, -1e-05, 0.046153846153846156, 0.1076923076923077, 0.07692307692307693, 0.046153846153846156], [0.015384615384615385, -1e-05, 0.03076923076923077, -2e-05, 0.046153846153846156, 0.03076923076923077], [0.03076923076923077, -1e-05, 0.03076923076923077, 0.06153846153846154, 0.03076923076923077, 0.03076923076923077], [0.046153846153846156, -2e-05, 0.03076923076923077, 0.015384615384615385, -2e-05, 0.0]]"
2,6_hard_pruned,10,35,shutter,blocking,False,True,2,square,2,True,35,18,0,"[[0.016666666666666666, -2e-05, 0.03333333333333333, -1e-05, -1e-05, 0.08333333333333333], [0.0, -2e-05, -1e-05, -2e-05, 0.08333333333333333, 0.08333333333333333], [0.0, -1e-05, 0.016666666666666666, 0.06666666666666667, 0.08333333333333333, 0.016666666666666666], [-2e-05, -1e-05, 0.08333333333333333, -2e-05, 0.08333333333333333, 0.08333333333333333], [0.03333333333333333, -1e-05, 0.03333333333333333, 0.03333333333333333, 0.05, 0.03333333333333333], [0.016666666666666666, -2e-05, 0.016666666666666666, 0.0, -2e-05, 0.05]]"
2,6_hard_full,10,50,shutter,blocking,False,True,2,square,2,True,50,19,0,"[[0.015151515151515152, -2e-05, 0.030303030303030304, 0.015151515151515152, -1e-05, 0.015151515151515152], [0.015151515151515152, -2e-05, -1e-05, -2e-05, 0.015151515151515152, 0.045454545454545456], [0.045454545454545456, -1e-05, 0.030303030303030304, 0.030303030303030304, 0.10606060606060606, 0.030303030303030304], [0.015151515151515152, -1e-05, 0.030303030303030304, -2e-05, 0.10606060606060606, 0.045454545454545456], [0.030303030303030304, -1e-05, 0.045454545454545456, 0.045454545454545456, 0.045454545454545456, 0.12121212121212122], [0.030303030303030304, -2e-05, 0.030303030303030304, 0.045454545454545456, -2e-05, 0.015151515151515152]]"
2,6_hard_pruned,10,50,shutter,blocking,False,True,2,square,2,True,50,16,0,"[[0.02857142857142857, -2e-05, 0.04285714285714286, -1e-05, -1e-05, 0.05714285714285714], [0.014285714285714285, -2e-05, -1e-05, -2e-05, 0.014285714285714285, 0.05714285714285714], [0.02857142857142857, -1e-05, 0.014285714285714285, 0.014285714285714285, 0.1, 0.05714285714285714], [-2e-05, -1e-05, 0.07142857142857142, -2e-05, 0.07142857142857142, 0.08571428571428572], [0.02857142857142857, -1e-05, 0.014285714285714285, 0.05714285714285714, 0.07142857142857142, 0.05714285714285714], [0.014285714285714285, -2e-05, 0.04285714285714286, 0.02857142857142857, -2e-05, 0.02857142857142857]]"
2,6_hard_full,10,100,shutter,blocking,False,True,2,square,2,True,100,21,0,"[[0.00909090909090909, -2e-05, 0.02727272727272727, 0.045454545454545456, -1e-05, 0.01818181818181818], [0.02727272727272727, -2e-05, -1e-05, -2e-05, 0.03636363636363636, 0.045454545454545456], [0.03636363636363636, -1e-05, 0.05454545454545454, 0.00909090909090909, 0.03636363636363636, 0.045454545454545456], [0.045454545454545456, -1e-05, 0.00909090909090909, -2e-05, 0.06363636363636363, 0.03636363636363636], [0.02727272727272727, -1e-05, 0.09090909090909091, 0.11818181818181818, 0.02727272727272727, 0.045454545454545456], [0.02727272727272727, -2e-05, 0.03636363636363636, 0.05454545454545454, -2e-05, 0.02727272727272727]]"
2,6_hard_pruned,10,100,shutter,blocking,False,True,2,square,2,True,100,21,0,"[[0.03007518796992481, -2e-05, 0.007518796992481203, -1e-05, -1e-05, 0.045112781954887216], [0.05263157894736842, -2e-05, -1e-05, -2e-05, 0.08270676691729323, 0.06015037593984962], [0.05263157894736842, -1e-05, 0.05263157894736842, 0.03007518796992481, 0.06766917293233082, 0.06766917293233082], [-2e-05, -1e-05, 0.007518796992481203, -2e-05, 0.06766917293233082, 0.05263157894736842], [0.022556390977443608, -1e-05, 0.06015037593984962, 0.07518796992481203, 0.045112781954887216, 0.0], [0.015037593984962405, -2e-05, 0.03759398496240601, 0.03759398496240601, -2e-05, 0.03007518796992481]]"
0,6_hard_full,3,35,heuristic,blocking,False,True,2,square,2,True,17,21,0,"[[0.0, -2e-05, 0.0, 0.06666666666666667, -1e-05, 0.0], [0.2, -2e-05, -1e-05, -2e-05, 0.0, 0.0], [0.06666666666666667, -1e-05, 0.0, 0.13333333333333333, 0.06666666666666667, 0.0], [0.0, -1e-05, 0.06666666666666667, -2e-05, 0.06666666666666667, 0.0], [0.0, -1e-05, 0.13333333333333333, 0.06666666666666667, 0.06666666666666667, 0.0], [0.06666666666666667, -2e-05, 0.0, 0.0, -2e-05, 0.0]]"
0,6_hard_pruned,3,35,heuristic,blocking,False,True,2,square,2,True,26,15,0,"[[0.0, -2e-05, 0.10526315789473684, -1e-05, -1e-05, 0.10526315789473684], [0.0, -2e-05, -1e-05, -2e-05, 0.05263157894736842, 0.0], [0.05263157894736842, -1e-05, 0.05263157894736842, 0.0, 0.10526315789473684, 0.0], [-2e-05, -1e-05, 0.10526315789473684, -2e-05, 0.15789473684210525, 0.0], [0.05263157894736842, -1e-05, 0.0, 0.10526315789473684, 0.0, 0.0], [0.0, -2e-05, 0.0, 0.10526315789473684, -2e-05, 0.0]]"
0,6_hard_full,3,50,heuristic,blocking,False,True,2,square,2,True,50,4,1,"[[0.0, -2e-05, 0.09523809523809523, 0.023809523809523808, -1e-05, 0.047619047619047616], [0.023809523809523808, -2e-05, -1e-05, -2e-05, 0.0, 0.0], [0.047619047619047616, -1e-05, 0.023809523809523808, 0.09523809523809523, 0.07142857142857142, 0.023809523809523808], [0.023809523809523808, -1e-05, 0.023809523809523808, -2e-05, 0.07142857142857142, 0.07142857142857142], [0.023809523809523808, -1e-05, 0.047619047619047616, 0.023809523809523808, 0.047619047619047616, 0.023809523809523808], [0.07142857142857142, -2e-05, 0.047619047619047616, 0.023809523809523808, -2e-05, 0.047619047619047616]]"
0,6_hard_pruned,3,50,heuristic,blocking,False,True,2,square,2,True,35,6,0,"[[0.0, -2e-05, 0.0, -1e-05, -1e-05, 0.04], [0.04, -2e-05, -1e-05, -2e-05, 0.04, 0.04], [0.04, -1e-05, 0.16, 0.16, 0.04, 0.08], [-2e-05, -1e-05, 0.04, -2e-05, 0.0, 0.0], [0.04, -1e-05, 0.08, 0.08, 0.04, 0.0], [0.0, -2e-05, 0.0, 0.08, -2e-05, 0.0]]"
0,6_hard_full,3,100,heuristic,blocking,False,True,2,square,2,True,19,27,0,"[[0.0, -2e-05, 0.0, 0.06666666666666667, -1e-05, 0.0], [0.0, -2e-05, -1e-05, -2e-05, 0.0, 0.06666666666666667], [0.0, -1e-05, 0.06666666666666667, 0.06666666666666667, 0.0, 0.0], [0.13333333333333333, -1e-05, 0.13333333333333333, -2e-05, 0.06666666666666667, 0.06666666666666667], [0.0, -1e-05, 0.06666666666666667, 0.0, 0.0, 0.06666666666666667], [0.0, -2e-05, 0.06666666666666667, 0.06666666666666667, -2e-05, 0.06666666666666667]]"
0,6_hard_pruned,3,100,heuristic,blocking,False,True,2,square,2,True,59,27,0,"[[0.022727272727272728, -2e-05, 0.045454545454545456, -1e-05, -1e-05, 0.022727272727272728], [0.0, -2e-05, -1e-05, -2e-05, 0.022727272727272728, 0.022727272727272728], [0.06818181818181818, -1e-05, 0.06818181818181818, 0.09090909090909091, 0.06818181818181818, 0.045454545454545456], [-2e-05, -1e-05, 0.022727272727272728, -2e-05, 0.022727272727272728, 0.0], [0.022727272727272728, -1e-05, 0.045454545454545456, 0.1590909090909091, 0.045454545454545456, 0.06818181818181818], [0.0, -2e-05, 0.06818181818181818, 0.045454545454545456, -2e-05, 0.022727272727272728]]"
0,6_hard_full,5,35,heuristic,blocking,False,True,2,square,2,True,35,28,0,"[[0.0, -2e-05, 0.16, 0.06, -1e-05, 0.02], [0.02, -2e-05, -1e-05, -2e-05, 0.04, 0.02], [0.0, -1e-05, 0.08, 0.1, 0.04, 0.04], [0.02, -1e-05, 0.02, -2e-05, 0.02, 0.0], [0.06, -1e-05, 0.12, 0.02, 0.04, 0.0], [0.08, -2e-05, 0.04, 0.0, -2e-05, 0.0]]"
0,6_hard_pruned,5,35,heuristic,blocking,False,True,2,square,2,True,35,3,1,"[[0.05263157894736842, -2e-05, 0.02631578947368421, -1e-05, -1e-05, 0.02631578947368421], [0.05263157894736842, -2e-05, -1e-05, -2e-05, 0.02631578947368421, 0.02631578947368421], [0.0, -1e-05, 0.05263157894736842, 0.05263157894736842, 0.07894736842105263, 0.02631578947368421], [-2e-05, -1e-05, 0.07894736842105263, -2e-05, 0.05263157894736842, 0.0], [0.05263157894736842, -1e-05, 0.02631578947368421, 0.05263157894736842, 0.05263157894736842, 0.10526315789473684], [0.02631578947368421, -2e-05, 0.05263157894736842, 0.05263157894736842, -2e-05, 0.02631578947368421]]"
0,6_hard_full,5,50,heuristic,blocking,False,True,2,square,2,True,50,21,0,"[[0.014925373134328358, -2e-05, 0.08955223880597014, 0.07462686567164178, -1e-05, 0.014925373134328358], [0.05970149253731343, -2e-05, -1e-05, -2e-05, 0.0, 0.014925373134328358], [0.0, -1e-05, 0.1044776119402985, 0.08955223880597014, 0.04477611940298507, 0.014925373134328358], [0.029850746268656716, -1e-05, 0.014925373134328358, -2e-05, 0.04477611940298507, 0.014925373134328358], [0.04477611940298507, -1e-05, 0.07462686567164178, 0.08955223880597014, 0.04477611940298507, 0.029850746268656716], [0.07462686567164178, -2e-05, 0.014925373134328358, 0.0, -2e-05, 0.0]]"
0,6_hard_pruned,5,50,heuristic,blocking,False,True,2,square,2,True,50,6,0,"[[0.0425531914893617, -2e-05, 0.0, -1e-05, -1e-05, 0.02127659574468085], [0.06382978723404255, -2e-05, -1e-05, -2e-05, 0.0, 0.02127659574468085], [0.0851063829787234, -1e-05, 0.02127659574468085, 0.06382978723404255, 0.06382978723404255, 0.02127659574468085], [-2e-05, -1e-05, 0.10638297872340426, -2e-05, 0.02127659574468085, 0.0], [0.06382978723404255, -1e-05, 0.0851063829787234, 0.0425531914893617, 0.06382978723404255, 0.02127659574468085], [0.06382978723404255, -2e-05, 0.0851063829787234, 0.02127659574468085, -2e-05, 0.02127659574468085]]"
0,6_hard_full,5,100,heuristic,blocking,False,True,2,square,2,True,100,28,0,"[[0.031914893617021274, -2e-05, 0.0, 0.06382978723404255, -1e-05, 0.02127659574468085], [0.0851063829787234, -2e-05, -1e-05, -2e-05, 0.010638297872340425, 0.02127659574468085], [0.010638297872340425, -1e-05, 0.02127659574468085, 0.031914893617021274, 0.05319148936170213, 0.031914893617021274], [0.07446808510638298, -1e-05, 0.07446808510638298, -2e-05, 0.05319148936170213, 0.010638297872340425], [0.06382978723404255, -1e-05, 0.10638297872340426, 0.010638297872340425, 0.11702127659574468, 0.010638297872340425], [0.0, -2e-05, 0.0851063829787234, 0.0, -2e-05, 0.010638297872340425]]"
0,6_hard_pruned,5,100,heuristic,blocking,False,True,2,square,2,True,26,17,0,"[[0.0, -2e-05, 0.045454545454545456, -1e-05, -1e-05, 0.13636363636363635], [0.0, -2e-05, -1e-05, -2e-05, 0.13636363636363635, 0.0], [0.0, -1e-05, 0.0, 0.045454545454545456, 0.045454545454545456, 0.13636363636363635], [-2e-05, -1e-05, 0.045454545454545456, -2e-05, 0.09090909090909091, 0.0], [0.045454545454545456, -1e-05, 0.0, 0.0, 0.045454545454545456, 0.045454545454545456], [0.045454545454545456, -2e-05, 0.09090909090909091, 0.0, -2e-05, 0.045454545454545456]]"
0,6_hard_full,10,35,heuristic,blocking,False,True,2,square,2,True,35,19,0,"[[0.05, -2e-05, 0.05, 0.016666666666666666, -1e-05, 0.03333333333333333], [0.05, -2e-05, -1e-05, -2e-05, 0.08333333333333333, 0.05], [0.03333333333333333, -1e-05, 0.016666666666666666, 0.016666666666666666, 0.05, 0.03333333333333333], [0.016666666666666666, -1e-05, 0.06666666666666667, -2e-05, 0.06666666666666667, 0.03333333333333333], [0.06666666666666667, -1e-05, 0.08333333333333333, 0.03333333333333333, 0.016666666666666666, 0.05], [0.03333333333333333, -2e-05, 0.016666666666666666, 0.016666666666666666, -2e-05, 0.016666666666666666]]"
0,6_hard_pruned,10,35,heuristic,blocking,False,True,2,square,2,True,35,27,0,"[[0.0, -2e-05, 0.11320754716981132, -1e-05, -1e-05, 0.05660377358490566], [0.018867924528301886, -2e-05, -1e-05, -2e-05, 0.05660377358490566, 0.05660377358490566], [0.09433962264150944, -1e-05, 0.018867924528301886, 0.07547169811320754, 0.03773584905660377, 0.07547169811320754], [-2e-05, -1e-05, 0.03773584905660377, -2e-05, 0.07547169811320754, 0.018867924528301886], [0.03773584905660377, -1e-05, 0.018867924528301886, 0.018867924528301886, 0.018867924528301886, 0.03773584905660377], [0.018867924528301886, -2e-05, 0.03773584905660377, 0.03773584905660377, -2e-05, 0.03773584905660377]]"
0,6_hard_full,10,50,heuristic,blocking,False,True,2,square,2,True,50,4,1,"[[0.038461538461538464, -2e-05, 0.0641025641025641, 0.01282051282051282, -1e-05, 0.10256410256410256], [0.01282051282051282, -2e-05, -1e-05, -2e-05, 0.0, 0.02564102564102564], [0.05128205128205128, -1e-05, 0.01282051282051282, 0.038461538461538464, 0.038461538461538464, 0.038461538461538464], [0.01282051282051282, -1e-05, 0.038461538461538464, -2e-05, 0.05128205128205128, 0.038461538461538464], [0.0641025641025641, -1e-05, 0.11538461538461539, 0.07692307692307693, 0.0641025641025641, 0.038461538461538464], [0.01282051282051282, -2e-05, 0.01282051282051282, 0.01282051282051282, -2e-05, 0.02564102564102564]]"
0,6_hard_pruned,10,50,heuristic,blocking,False,True,2,square,2,True,50,6,0,"[[0.015625, -2e-05, 0.015625, -1e-05, -1e-05, 0.015625], [0.015625, -2e-05, -1e-05, -2e-05, 0.109375, 0.03125], [0.0625, -1e-05, 0.015625, 0.046875, 0.046875, 0.03125], [-2e-05, -1e-05, 0.078125, -2e-05, 0.078125, 0.015625], [0.03125, -1e-05, 0.0625, 0.109375, 0.03125, 0.0625], [0.0625, -2e-05, 0.015625, 0.03125, -2e-05, 0.015625]]"
0,6_hard_full,10,100,heuristic,blocking,False,True,2,square,2,True,100,29,0,"[[0.03389830508474576, -2e-05, 0.025423728813559324, 0.0847457627118644, -1e-05, 0.05084745762711865], [0.05084745762711865, -2e-05, -1e-05, -2e-05, 0.07627118644067797, 0.03389830508474576], [0.05084745762711865, -1e-05, 0.00847457627118644, 0.03389830508474576, 0.00847457627118644, 0.03389830508474576], [0.0847457627118644, -1e-05, 0.025423728813559324, -2e-05, 0.1016949152542373, 0.0423728813559322], [0.025423728813559324, -1e-05, 0.00847457627118644, 0.0423728813559322, 0.00847457627118644, 0.025423728813559324], [0.03389830508474576, -2e-05, 0.059322033898305086, 0.025423728813559324, -2e-05, 0.025423728813559324]]"
0,6_hard_pruned,10,100,heuristic,blocking,False,True,2,square,2,True,100,3,1,"[[0.037383177570093455, -2e-05, 0.009345794392523364, -1e-05, -1e-05, 0.009345794392523364], [0.056074766355140186, -2e-05, -1e-05, -2e-05, 0.08411214953271028, 0.009345794392523364], [0.037383177570093455, -1e-05, 0.018691588785046728, 0.037383177570093455, 0.06542056074766354, 0.037383177570093455], [-2e-05, -1e-05, 0.04672897196261682, -2e-05, 0.08411214953271028, 0.028037383177570093], [0.028037383177570093, -1e-05, 0.056074766355140186, 0.102803738317757, 0.056074766355140186, 0.06542056074766354], [0.06542056074766354, -2e-05, 0.037383177570093455, 0.018691588785046728, -2e-05, 0.009345794392523364]]"
1,6_hard_full,3,35,heuristic,blocking,False,True,2,square,2,True,33,19,0,"[[0.04, -2e-05, 0.0, 0.0, -1e-05, 0.04], [0.0, -2e-05, -1e-05, -2e-05, 0.08, 0.08], [0.04, -1e-05, 0.0, 0.08, 0.04, 0.0], [0.04, -1e-05, 0.04, -2e-05, 0.12, 0.04], [0.04, -1e-05, 0.04, 0.04, 0.04, 0.04], [0.0, -2e-05, 0.04, 0.04, -2e-05, 0.08]]"
1,6_hard_pruned,3,35,heuristic,blocking,False,True,2,square,2,True,35,15,0,"[[0.034482758620689655, -2e-05, 0.034482758620689655, -1e-05, -1e-05, 0.10344827586206896], [0.0, -2e-05, -1e-05, -2e-05, 0.0, 0.0], [0.13793103448275862, -1e-05, 0.034482758620689655, 0.10344827586206896, 0.034482758620689655, 0.034482758620689655], [-2e-05, -1e-05, 0.034482758620689655, -2e-05, 0.0, 0.0], [0.06896551724137931, -1e-05, 0.06896551724137931, 0.06896551724137931, 0.06896551724137931, 0.0], [0.034482758620689655, -2e-05, 0.034482758620689655, 0.06896551724137931, -2e-05, 0.034482758620689655]]"
1,6_hard_full,3,50,heuristic,blocking,False,True,2,square,2,True,19,27,0,"[[0.06666666666666667, -2e-05, 0.06666666666666667, 0.2, -1e-05, 0.06666666666666667], [0.0, -2e-05, -1e-05, -2e-05, 0.0, 0.0], [0.0, -1e-05, 0.0, 0.06666666666666667, 0.0, 0.0], [0.06666666666666667, -1e-05, 0.0, -2e-05, 0.0, 0.0], [0.0, -1e-05, 0.06666666666666667, 0.13333333333333333, 0.13333333333333333, 0.0], [0.0, -2e-05, 0.13333333333333333, 0.0, -2e-05, 0.0]]"
1,6_hard_pruned,3,50,heuristic,blocking,False,True,2,square,2,True,28,3,1,"[[0.0, -2e-05, 0.05, -1e-05, -1e-05, 0.0], [0.0, -2e-05, -1e-05, -2e-05, 0.0, 0.0], [0.15, -1e-05, 0.05, 0.05, 0.05, 0.1], [-2e-05, -1e-05, 0.1, -2e-05, 0.05, 0.0], [0.05, -1e-05, 0.15, 0.0, 0.0, 0.05], [0.05, -2e-05, 0.0, 0.05, -2e-05, 0.05]]"
1,6_hard_full,3,100,heuristic,blocking,False,True,2,square,2,True,89,4,1,"[[0.015151515151515152, -2e-05, 0.045454545454545456, 0.015151515151515152, -1e-05, 0.030303030303030304], [0.015151515151515152, -2e-05, -1e-05, -2e-05, 0.06060606060606061, 0.015151515151515152], [0.09090909090909091, -1e-05, 0.10606060606060606, 0.15151515151515152, 0.09090909090909091, 0.0], [0.015151515151515152, -1e-05, 0.06060606060606061, -2e-05, 0.015151515151515152, 0.0], [0.0, -1e-05, 0.030303030303030304, 0.030303030303030304, 0.045454545454545456, 0.09090909090909091], [0.030303030303030304, -2e-05, 0.015151515151515152, 0.015151515151515152, -2e-05, 0.015151515151515152]]"
1,6_hard_pruned,3,100,heuristic,blocking,False,True,2,square,2,True,35,3,1,"[[0.041666666666666664, -2e-05, 0.041666666666666664, -1e-05, -1e-05, 0.0], [0.041666666666666664, -2e-05, -1e-05, -2e-05, 0.0, 0.041666666666666664], [0.041666666666666664, -1e-05, 0.041666666666666664, 0.08333333333333333, 0.125, 0.0], [-2e-05, -1e-05, 0.08333333333333333, -2e-05, 0.041666666666666664, 0.041666666666666664], [0.0, -1e-05, 0.16666666666666666, 0.125, 0.041666666666666664, 0.041666666666666664], [0.0, -2e-05, 0.0, 0.0, -2e-05, 0.0]]"
1,6_hard_full,5,35,heuristic,blocking,False,True,2,square,2,True,35,28,0,"[[0.0, -2e-05, 0.02702702702702703, 0.02702702702702703, -1e-05, 0.0], [0.02702702702702703, -2e-05, -1e-05, -2e-05, 0.08108108108108109, 0.0], [0.0, -1e-05, 0.08108108108108109, 0.05405405405405406, 0.16216216216216217, 0.02702702702702703], [0.0, -1e-05, 0.05405405405405406, -2e-05, 0.13513513513513514, 0.0], [0.02702702702702703, -1e-05, 0.05405405405405406, 0.02702702702702703, 0.05405405405405406, 0.02702702702702703], [0.02702702702702703, -2e-05, 0.05405405405405406, 0.05405405405405406, -2e-05, 0.0]]"
1,6_hard_pruned,5,35,heuristic,blocking,False,True,2,square,2,True,35,13,0,"[[0.030303030303030304, -2e-05, 0.06060606060606061, -1e-05, -1e-05, 0.06060606060606061], [0.06060606060606061, -2e-05, -1e-05, -2e-05, 0.06060606060606061, 0.06060606060606061], [0.030303030303030304, -1e-05, 0.06060606060606061, 0.06060606060606061, 0.030303030303030304, 0.030303030303030304], [-2e-05, -1e-05, 0.030303030303030304, -2e-05, 0.030303030303030304, 0.06060606060606061], [0.030303030303030304, -1e-05, 0.09090909090909091, 0.06060606060606061, 0.0, 0.0], [0.0, -2e-05, 0.0, 0.12121212121212122, -2e-05, 0.030303030303030304]]"
1,6_hard_full,5,50,heuristic,blocking,False,True,2,square,2,True,50,23,0,"[[0.04081632653061224, -2e-05, 0.02040816326530612, 0.12244897959183673, -1e-05, 0.04081632653061224], [0.04081632653061224, -2e-05, -1e-05, -2e-05, 0.0, 0.08163265306122448], [0.04081632653061224, -1e-05, 0.02040816326530612, 0.0, 0.04081632653061224, 0.04081632653061224], [0.04081632653061224, -1e-05, 0.04081632653061224, -2e-05, 0.02040816326530612, 0.02040816326530612], [0.04081632653061224, -1e-05, 0.04081632653061224, 0.08163265306122448, 0.08163265306122448, 0.08163265306122448], [0.02040816326530612, -2e-05, 0.0, 0.02040816326530612, -2e-05, 0.02040816326530612]]"
1,6_hard_pruned,5,50,heuristic,blocking,False,True,2,square,2,True,50,6,0,"[[0.022222222222222223, -2e-05, 0.0, -1e-05, -1e-05, 0.022222222222222223], [0.0, -2e-05, -1e-05, -2e-05, 0.044444444444444446, 0.06666666666666667], [0.06666666666666667, -1e-05, 0.044444444444444446, 0.06666666666666667, 0.044444444444444446, 0.08888888888888889], [-2e-05, -1e-05, 0.1111111111111111, -2e-05, 0.022222222222222223, 0.022222222222222223], [0.044444444444444446, -1e-05, 0.044444444444444446, 0.044444444444444446, 0.044444444444444446, 0.08888888888888889], [0.044444444444444446, -2e-05, 0.0, 0.022222222222222223, -2e-05, 0.044444444444444446]]"
1,6_hard_full,5,100,heuristic,blocking,False,True,2,square,2,True,100,4,1,"[[0.020833333333333332, -2e-05, 0.07291666666666667, 0.020833333333333332, -1e-05, 0.10416666666666667], [0.041666666666666664, -2e-05, -1e-05, -2e-05, 0.041666666666666664, 0.041666666666666664], [0.041666666666666664, -1e-05, 0.041666666666666664, 0.0625, 0.020833333333333332, 0.020833333333333332], [0.0, -1e-05, 0.052083333333333336, -2e-05, 0.0625, 0.041666666666666664], [0.03125, -1e-05, 0.052083333333333336, 0.03125, 0.03125, 0.03125], [0.041666666666666664, -2e-05, 0.020833333333333332, 0.041666666666666664, -2e-05, 0.03125]]"
1,6_hard_pruned,5,100,heuristic,blocking,False,True,2,square,2,True,54,27,0,"[[0.021739130434782608, -2e-05, 0.13043478260869565, -1e-05, -1e-05, 0.10869565217391304], [0.021739130434782608, -2e-05, -1e-05, -2e-05, 0.021739130434782608, 0.0], [0.021739130434782608, -1e-05, 0.021739130434782608, 0.0, 0.021739130434782608, 0.043478260869565216], [-2e-05, -1e-05, 0.043478260869565216, -2e-05, 0.06521739130434782, 0.0], [0.06521739130434782, -1e-05, 0.021739130434782608, 0.13043478260869565, 0.10869565217391304, 0.043478260869565216], [0.021739130434782608, -2e-05, 0.06521739130434782, 0.0, -2e-05, 0.021739130434782608]]"
1,6_hard_full,10,35,heuristic,blocking,False,True,2,square,2,True,35,19,0,"[[0.014285714285714285, -2e-05, 0.05714285714285714, 0.014285714285714285, -1e-05, 0.02857142857142857], [0.014285714285714285, -2e-05, -1e-05, -2e-05, 0.05714285714285714, 0.0], [0.08571428571428572, -1e-05, 0.08571428571428572, 0.014285714285714285, 0.05714285714285714, 0.08571428571428572], [0.014285714285714285, -1e-05, 0.07142857142857142, -2e-05, 0.05714285714285714, 0.014285714285714285], [0.02857142857142857, -1e-05, 0.02857142857142857, 0.07142857142857142, 0.02857142857142857, 0.08571428571428572], [0.02857142857142857, -2e-05, 0.014285714285714285, 0.02857142857142857, -2e-05, 0.014285714285714285]]"
1,6_hard_pruned,10,35,heuristic,blocking,False,True,2,square,2,True,35,3,1,"[[0.0, -2e-05, 0.017241379310344827, -1e-05, -1e-05, 0.017241379310344827], [0.1206896551724138, -2e-05, -1e-05, -2e-05, 0.05172413793103448, 0.017241379310344827], [0.0, -1e-05, 0.10344827586206896, 0.06896551724137931, 0.034482758620689655, 0.017241379310344827], [-2e-05, -1e-05, 0.08620689655172414, -2e-05, 0.034482758620689655, 0.017241379310344827], [0.06896551724137931, -1e-05, 0.06896551724137931, 0.034482758620689655, 0.08620689655172414, 0.034482758620689655], [0.017241379310344827, -2e-05, 0.017241379310344827, 0.06896551724137931, -2e-05, 0.017241379310344827]]"
1,6_hard_full,10,50,heuristic,blocking,False,True,2,square,2,True,50,23,0,"[[0.03896103896103896, -2e-05, 0.012987012987012988, 0.07792207792207792, -1e-05, 0.05194805194805195], [0.025974025974025976, -2e-05, -1e-05, -2e-05, 0.03896103896103896, 0.025974025974025976], [0.012987012987012988, -1e-05, 0.0, 0.012987012987012988, 0.05194805194805195, 0.025974025974025976], [0.07792207792207792, -1e-05, 0.06493506493506493, -2e-05, 0.012987012987012988, 0.025974025974025976], [0.07792207792207792, -1e-05, 0.05194805194805195, 0.06493506493506493, 0.07792207792207792, 0.012987012987012988], [0.03896103896103896, -2e-05, 0.025974025974025976, 0.05194805194805195, -2e-05, 0.03896103896103896]]"
1,6_hard_pruned,10,50,heuristic,blocking,False,True,2,square,2,True,50,3,1,"[[0.0, -2e-05, 0.015873015873015872, -1e-05, -1e-05, 0.015873015873015872], [0.06349206349206349, -2e-05, -1e-05, -2e-05, 0.06349206349206349, 0.015873015873015872], [0.031746031746031744, -1e-05, 0.06349206349206349, 0.07936507936507936, 0.06349206349206349, 0.047619047619047616], [-2e-05, -1e-05, 0.07936507936507936, -2e-05, 0.047619047619047616, 0.0], [0.07936507936507936, -1e-05, 0.12698412698412698, 0.015873015873015872, 0.06349206349206349, 0.047619047619047616], [0.015873015873015872, -2e-05, 0.031746031746031744, 0.015873015873015872, -2e-05, 0.015873015873015872]]"
1,6_hard_full,10,100,heuristic,blocking,False,True,2,square,2,True,100,19,0,"[[0.0, -2e-05, 0.03508771929824561, 0.008771929824561403, -1e-05, 0.02631578947368421], [0.02631578947368421, -2e-05, -1e-05, -2e-05, 0.07017543859649122, 0.017543859649122806], [0.07017543859649122, -1e-05, 0.06140350877192982, 0.017543859649122806, 0.03508771929824561, 0.02631578947368421], [0.008771929824561403, -1e-05, 0.07017543859649122, -2e-05, 0.07017543859649122, 0.017543859649122806], [0.07017543859649122, -1e-05, 0.043859649122807015, 0.043859649122807015, 0.043859649122807015, 0.07017543859649122], [0.07894736842105263, -2e-05, 0.02631578947368421, 0.043859649122807015, -2e-05, 0.017543859649122806]]"
1,6_hard_pruned,10,100,heuristic,blocking,False,True,2,square,2,True,100,3,1,"[[0.0, -2e-05, 0.009900990099009901, -1e-05, -1e-05, 0.009900990099009901], [0.06930693069306931, -2e-05, -1e-05, -2e-05, 0.0594059405940594, 0.009900990099009901], [0.06930693069306931, -1e-05, 0.039603960396039604, 0.10891089108910891, 0.0594059405940594, 0.039603960396039604], [-2e-05, -1e-05, 0.039603960396039604, -2e-05, 0.06930693069306931, 0.009900990099009901], [0.039603960396039604, -1e-05, 0.09900990099009901, 0.0891089108910891, 0.019801980198019802, 0.04950495049504951], [0.0594059405940594, -2e-05, 0.019801980198019802, 0.009900990099009901, -2e-05, 0.019801980198019802]]"
2,6_hard_full,3,35,heuristic,blocking,False,True,2,square,2,True,35,16,0,"[[0.0, -2e-05, 0.034482758620689655, 0.034482758620689655, -1e-05, 0.0], [0.0, -2e-05, -1e-05, -2e-05, 0.06896551724137931, 0.034482758620689655], [0.034482758620689655, -1e-05, 0.034482758620689655, 0.13793103448275862, 0.0, 0.034482758620689655], [0.06896551724137931, -1e-05, 0.034482758620689655, -2e-05, 0.034482758620689655, 0.10344827586206896], [0.0, -1e-05, 0.034482758620689655, 0.06896551724137931, 0.06896551724137931, 0.034482758620689655], [0.06896551724137931, -2e-05, 0.0, 0.034482758620689655, -2e-05, 0.034482758620689655]]"
2,6_hard_pruned,3,35,heuristic,blocking,False,True,2,square,2,True,33,6,0,"[[0.0, -2e-05, 0.0, -1e-05, -1e-05, 0.043478260869565216], [0.0, -2e-05, -1e-05, -2e-05, 0.0, 0.043478260869565216], [0.08695652173913043, -1e-05, 0.08695652173913043, 0.13043478260869565, 0.08695652173913043, 0.0], [-2e-05, -1e-05, 0.08695652173913043, -2e-05, 0.043478260869565216, 0.043478260869565216], [0.043478260869565216, -1e-05, 0.08695652173913043, 0.043478260869565216, 0.0, 0.043478260869565216], [0.043478260869565216, -2e-05, 0.0, 0.08695652173913043, -2e-05, 0.0]]"
2,6_hard_full,3,50,heuristic,blocking,False,True,2,square,2,True,32,21,0,"[[0.0, -2e-05, 0.15151515151515152, 0.09090909090909091, -1e-05, 0.06060606060606061], [0.030303030303030304, -2e-05, -1e-05, -2e-05, 0.0, 0.0], [0.030303030303030304, -1e-05, 0.24242424242424243, 0.0, 0.0, 0.030303030303030304], [0.06060606060606061, -1e-05, 0.030303030303030304, -2e-05, 0.030303030303030304, 0.0], [0.030303030303030304, -1e-05, 0.06060606060606061, 0.12121212121212122, 0.030303030303030304, 0.0], [0.0, -2e-05, 0.0, 0.0, -2e-05, 0.0]]"
2,6_hard_pruned,3,50,heuristic,blocking,False,True,2,square,2,True,30,21,0,"[[0.0, -2e-05, 0.043478260869565216, -1e-05, -1e-05, 0.043478260869565216], [0.0, -2e-05, -1e-05, -2e-05, 0.08695652173913043, 0.043478260869565216], [0.043478260869565216, -1e-05, 0.0, 0.13043478260869565, 0.0, 0.0], [-2e-05, -1e-05, 0.043478260869565216, -2e-05, 0.043478260869565216, 0.0], [0.0, -1e-05, 0.08695652173913043, 0.13043478260869565, 0.043478260869565216, 0.043478260869565216], [0.13043478260869565, -2e-05, 0.043478260869565216, 0.043478260869565216, -2e-05, 0.0]]"
2,6_hard_full,3,100,heuristic,blocking,False,True,2,square,2,True,30,16,0,"[[0.041666666666666664, -2e-05, 0.041666666666666664, 0.0, -1e-05, 0.041666666666666664], [0.041666666666666664, -2e-05, -1e-05, -2e-05, 0.041666666666666664, 0.041666666666666664], [0.125, -1e-05, 0.041666666666666664, 0.041666666666666664, 0.0, 0.041666666666666664], [0.08333333333333333, -1e-05, 0.0, -2e-05, 0.125, 0.0], [0.08333333333333333, -1e-05, 0.041666666666666664, 0.0, 0.0, 0.041666666666666664], [0.0, -2e-05, 0.041666666666666664, 0.08333333333333333, -2e-05, 0.0]]"
2,6_hard_pruned,3,100,heuristic,blocking,False,True,2,square,2,True,40,3,1,"[[0.0, -2e-05, 0.034482758620689655, -1e-05, -1e-05, 0.0], [0.0, -2e-05, -1e-05, -2e-05, 0.034482758620689655, 0.0], [0.10344827586206896, -1e-05, 0.06896551724137931, 0.06896551724137931, 0.13793103448275862, 0.06896551724137931], [-2e-05, -1e-05, 0.0, -2e-05, 0.06896551724137931, 0.034482758620689655], [0.06896551724137931, -1e-05, 0.034482758620689655, 0.034482758620689655, 0.06896551724137931, 0.034482758620689655], [0.034482758620689655, -2e-05, 0.0, 0.10344827586206896, -2e-05, 0.0]]"
2,6_hard_full,5,35,heuristic,blocking,False,True,2,square,2,True,35,19,0,"[[0.075, -2e-05, 0.025, 0.025, -1e-05, 0.025], [0.05, -2e-05, -1e-05, -2e-05, 0.0, 0.025], [0.05, -1e-05, 0.05, 0.075, 0.075, 0.1], [0.025, -1e-05, 0.05, -2e-05, 0.025, 0.025], [0.075, -1e-05, 0.0, 0.025, 0.025, 0.05], [0.1, -2e-05, 0.0, 0.025, -2e-05, 0.0]]"
2,6_hard_pruned,5,35,heuristic,blocking,False,True,2,square,2,True,35,3,1,"[[0.0, -2e-05, 0.029411764705882353, -1e-05, -1e-05, 0.0], [0.029411764705882353, -2e-05, -1e-05, -2e-05, 0.0, 0.058823529411764705], [0.058823529411764705, -1e-05, 0.058823529411764705, 0.08823529411764706, 0.08823529411764706, 0.029411764705882353], [-2e-05, -1e-05, 0.029411764705882353, -2e-05, 0.14705882352941177, 0.0], [0.0, -1e-05, 0.11764705882352941, 0.029411764705882353, 0.029411764705882353, 0.08823529411764706], [0.029411764705882353, -2e-05, 0.0, 0.08823529411764706, -2e-05, 0.0]]"
2,6_hard_full,5,50,heuristic,blocking,False,True,2,square,2,True,50,4,1,"[[0.017241379310344827, -2e-05, 0.10344827586206896, 0.017241379310344827, -1e-05, 0.08620689655172414], [0.017241379310344827, -2e-05, -1e-05, -2e-05, 0.0, 0.0], [0.06896551724137931, -1e-05, 0.034482758620689655, 0.13793103448275862, 0.06896551724137931, 0.017241379310344827], [0.017241379310344827, -1e-05, 0.10344827586206896, -2e-05, 0.05172413793103448, 0.0], [0.0, -1e-05, 0.1206896551724138, 0.06896551724137931, 0.017241379310344827, 0.0], [0.017241379310344827, -2e-05, 0.034482758620689655, 0.0, -2e-05, 0.0]]"
2,6_hard_pruned,5,50,heuristic,blocking,False,True,2,square,2,True,50,3,1,"[[0.02, -2e-05, 0.02, -1e-05, -1e-05, 0.0], [0.04, -2e-05, -1e-05, -2e-05, 0.1, 0.0], [0.1, -1e-05, 0.1, 0.06, 0.08, 0.02], [-2e-05, -1e-05, 0.1, -2e-05, 0.08, 0.02], [0.02, -1e-05, 0.04, 0.02, 0.02, 0.06], [0.04, -2e-05, 0.02, 0.02, -2e-05, 0.02]]"
2,6_hard_full,5,100,heuristic,blocking,False,True,2,square,2,True,100,19,0,"[[0.01834862385321101, -2e-05, 0.027522935779816515, 0.0, -1e-05, 0.009174311926605505], [0.03669724770642202, -2e-05, -1e-05, -2e-05, 0.06422018348623854, 0.027522935779816515], [0.08256880733944955, -1e-05, 0.10091743119266056, 0.03669724770642202, 0.045871559633027525, 0.027522935779816515], [0.009174311926605505, -1e-05, 0.06422018348623854, -2e-05, 0.08256880733944955, 0.027522935779816515], [0.07339449541284404, -1e-05, 0.03669724770642202, 0.05504587155963303, 0.03669724770642202, 0.045871559633027525], [0.03669724770642202, -2e-05, 0.027522935779816515, 0.01834862385321101, -2e-05, 0.009174311926605505]]"
2,6_hard_pruned,5,100,heuristic,blocking,False,True,2,square,2,True,69,15,0,"[[0.03333333333333333, -2e-05, 0.13333333333333333, -1e-05, -1e-05, 0.1], [0.03333333333333333, -2e-05, -1e-05, -2e-05, 0.1, 0.0], [0.016666666666666666, -1e-05, 0.016666666666666666, 0.03333333333333333, 0.1, 0.016666666666666666], [-2e-05, -1e-05, 0.11666666666666667, -2e-05, 0.06666666666666667, 0.016666666666666666], [0.016666666666666666, -1e-05, 0.0, 0.06666666666666667, 0.0, 0.03333333333333333], [0.016666666666666666, -2e-05, 0.03333333333333333, 0.016666666666666666, -2e-05, 0.03333333333333333]]"
2,6_hard_full,10,35,heuristic,blocking,False,True,2,square,2,True,35,19,0,"[[0.05, -2e-05, 0.06666666666666667, 0.016666666666666666, -1e-05, 0.0], [0.06666666666666667, -2e-05, -1e-05, -2e-05, 0.08333333333333333, 0.0], [0.03333333333333333, -1e-05, 0.03333333333333333, 0.03333333333333333, 0.05, 0.016666666666666666], [0.016666666666666666, -1e-05, 0.1, -2e-05, 0.0, 0.06666666666666667], [0.06666666666666667, -1e-05, 0.06666666666666667, 0.05, 0.05, 0.05], [0.05, -2e-05, 0.0, 0.03333333333333333, -2e-05, 0.0]]"
2,6_hard_pruned,10,35,heuristic,blocking,False,True,2,square,2,True,35,6,0,"[[0.0, -2e-05, 0.017857142857142856, -1e-05, -1e-05, 0.017857142857142856], [0.08928571428571429, -2e-05, -1e-05, -2e-05, 0.05357142857142857, 0.0], [0.03571428571428571, -1e-05, 0.03571428571428571, 0.08928571428571429, 0.05357142857142857, 0.03571428571428571], [-2e-05, -1e-05, 0.07142857142857142, -2e-05, 0.08928571428571429, 0.03571428571428571], [0.03571428571428571, -1e-05, 0.08928571428571429, 0.017857142857142856, 0.10714285714285714, 0.03571428571428571], [0.017857142857142856, -2e-05, 0.03571428571428571, 0.017857142857142856, -2e-05, 0.017857142857142856]]"
2,6_hard_full,10,50,heuristic,blocking,False,True,2,square,2,True,50,19,0,"[[0.014285714285714285, -2e-05, 0.02857142857142857, 0.014285714285714285, -1e-05, 0.02857142857142857], [0.02857142857142857, -2e-05, -1e-05, -2e-05, 0.05714285714285714, 0.02857142857142857], [0.04285714285714286, -1e-05, 0.05714285714285714, 0.02857142857142857, 0.05714285714285714, 0.04285714285714286], [0.014285714285714285, -1e-05, 0.07142857142857142, -2e-05, 0.05714285714285714, 0.02857142857142857], [0.04285714285714286, -1e-05, 0.05714285714285714, 0.08571428571428572, 0.02857142857142857, 0.05714285714285714], [0.04285714285714286, -2e-05, 0.014285714285714285, 0.04285714285714286, -2e-05, 0.02857142857142857]]"
2,6_hard_pruned,10,50,heuristic,blocking,False,True,2,square,2,True,50,16,0,"[[0.028169014084507043, -2e-05, 0.08450704225352113, -1e-05, -1e-05, 0.08450704225352113], [0.014084507042253521, -2e-05, -1e-05, -2e-05, 0.04225352112676056, 0.014084507042253521], [0.07042253521126761, -1e-05, 0.056338028169014086, 0.014084507042253521, 0.014084507042253521, 0.028169014084507043], [-2e-05, -1e-05, 0.056338028169014086, -2e-05, 0.056338028169014086, 0.0], [0.056338028169014086, -1e-05, 0.028169014084507043, 0.08450704225352113, 0.014084507042253521, 0.07042253521126761], [0.056338028169014086, -2e-05, 0.04225352112676056, 0.056338028169014086, -2e-05, 0.028169014084507043]]"
2,6_hard_full,10,100,heuristic,blocking,False,True,2,square,2,True,100,4,1,"[[0.017241379310344827, -2e-05, 0.017241379310344827, 0.008620689655172414, -1e-05, 0.008620689655172414], [0.034482758620689655, -2e-05, -1e-05, -2e-05, 0.05172413793103448, 0.02586206896551724], [0.0603448275862069, -1e-05, 0.07758620689655173, 0.02586206896551724, 0.05172413793103448, 0.02586206896551724], [0.008620689655172414, -1e-05, 0.09482758620689655, -2e-05, 0.09482758620689655, 0.02586206896551724], [0.017241379310344827, -1e-05, 0.07758620689655173, 0.05172413793103448, 0.04310344827586207, 0.07758620689655173], [0.04310344827586207, -2e-05, 0.008620689655172414, 0.034482758620689655, -2e-05, 0.017241379310344827]]"
2,6_hard_pruned,10,100,heuristic,blocking,False,True,2,square,2,True,100,17,0,"[[0.01680672268907563, -2e-05, 0.09243697478991597, -1e-05, -1e-05, 0.07563025210084033], [0.0, -2e-05, -1e-05, -2e-05, 0.09243697478991597, 0.008403361344537815], [0.04201680672268908, -1e-05, 0.05042016806722689, 0.05042016806722689, 0.008403361344537815, 0.025210084033613446], [-2e-05, -1e-05, 0.07563025210084033, -2e-05, 0.058823529411764705, 0.01680672268907563], [0.05042016806722689, -1e-05, 0.03361344537815126, 0.058823529411764705, 0.05042016806722689, 0.04201680672268908], [0.05042016806722689, -2e-05, 0.01680672268907563, 0.06722689075630252, -2e-05, 0.01680672268907563]]"
