,size,type,condition,board_x,heuristic_name,moves,board_size,board_type,actionsSolution,solutionCorrect,solutionAndValidationCorrect,timeMinutes,PercentCorrect,solutionAndValidationCorrectPercent,board_y,timePerMoveMinutes,timePerMove
0,10,MC,full,10 MC full,interaction,450,10,medium,0.09556,1,0,6.24675,100,0,10 MC,0.145273256,8.71639536
1,10,MC,full,10 MC full,interaction,450,10,medium,0.06,1,0,4.1896,100,0,10 MC,0.15517037,9.3102222
2,10,MC,full,10 MC full,interaction,450,10,medium,0.05778,0,0,3.763416667,0,0,10 MC,0.144746795,8.6848077
3,10,MC,full,10 MC full,interaction,450,10,medium,0.01778,0,0,0.431733333,0,0,10 MC,0.053966667,3.23800002
4,10,MC,full,10 MC full,interaction,450,10,medium,0.12444,0,0,6.845566667,0,0,10 MC,0.122242262,7.33453572
5,10,MC,full,10 MC full,interaction,450,10,medium,0.04,0,0,3.47875,0,0,10 MC,0.193263889,11.59583334
6,10,MC,full,10 MC full,interaction,450,10,medium,0.03333,0,0,2.290883333,0,0,10 MC,0.152725556,9.16353336
7,10,MC,full,10 MC full,interaction,450,10,medium,0.06222,0,0,4.3189,0,0,10 MC,0.154246429,9.25478574
8,10,MC,full,10 MC full,interaction,450,10,medium,0.02889,1,1,1.411633333,100,100,10 MC,0.108587179,6.51523074
9,10,MC,full,10 MC full,interaction,450,10,medium,0.38222,0,0,10.03778333,0,0,10 MC,0.058359205,3.5015523
10,10,MC,full,10 MC full,interaction,450,10,medium,0.13556,0,0,10.06065,0,0,10 MC,0.164928689,9.89572134
11,10,MC,full,10 MC full,interaction,450,10,medium,0.16667,0,0,8.114033333,0,0,10 MC,0.108187111,6.49122666
12,10,MC,full,10 MC full,interaction,450,10,medium,0.17778,0,0,9.548483333,0,0,10 MC,0.119356042,7.16136252
13,10,MC,full,10 MC full,interaction,450,10,medium,0.04889,0,0,1.2113,0,0,10 MC,0.055059091,3.30354546
14,10,MC,full,10 MC full,interaction,450,10,medium,0.02667,0,0,2.488333333,0,0,10 MC,0.207361111,12.44166666
15,10,MC,full,10 MC full,interaction,450,10,medium,0.14222,0,0,7.1288,0,0,10 MC,0.1113875,6.68325
16,10,MC,full,10 MC full,interaction,450,10,medium,0.1,1,1,3.771483333,100,100,10 MC,0.083810741,5.02864446
17,10,MC,full,10 MC full,interaction,450,10,medium,0.05556,1,1,3.40345,100,100,10 MC,0.136138,8.16828
18,10,MC,full,10 MC full,interaction,450,10,medium,0.01111,0,0,2.505783333,0,0,10 MC,0.501156667,30.06940002
19,10,MC,full,10 MC full,interaction,450,10,medium,0.07556,0,0,6.415666667,0,0,10 MC,0.188696078,11.32176468
20,10,MC,full,10 MC full,interaction,450,10,medium,0.10667,1,1,6.319783333,100,100,10 MC,0.131662153,7.89972918
21,10,MC,full,10 MC full,interaction,450,10,medium,0.03111,0,0,5.42665,0,0,10 MC,0.387617857,23.25707142
22,10,MC,full,10 MC full,interaction,450,10,medium,0.03556,1,0,4.18425,100,0,10 MC,0.261515625,15.6909375
23,10,MC,full,10 MC full,interaction,450,10,medium,0.10222,0,0,8.536633333,0,0,10 MC,0.185578986,11.13473916
24,10,MC,full,10 MC full,interaction,450,10,medium,0.10444,0,0,5.620316667,0,0,10 MC,0.119581206,7.17487236
25,10,MC,full,10 MC full,interaction,450,10,medium,0.09778,1,1,5.100216667,100,100,10 MC,0.115914015,6.9548409
26,10,MC,full,10 MC full,interaction,450,10,medium,0.07333,0,0,10.08538333,0,0,10 MC,0.305617677,18.33706062
27,10,MC,full,10 MC full,interaction,450,10,medium,0.05333,1,1,3.0535,100,100,10 MC,0.127229167,7.63375002
28,10,MC,full,10 MC full,interaction,450,10,medium,0.17111,0,0,9.375083333,0,0,10 MC,0.121754329,7.30525974
29,10,MC,full,10 MC full,interaction,450,10,medium,0.02222,1,1,3.0907,100,100,10 MC,0.30907,18.5442
30,10,MC,full,10 MC full,interaction,450,10,medium,0.01778,1,1,2.7476,100,100,10 MC,0.34345,20.607
31,10,MC,full,10 MC full,interaction,450,10,medium,0.06667,1,1,6.97205,100,100,10 MC,0.232401667,13.94410002
32,10,MC,full,10 MC full,interaction,450,10,medium,0.17111,0,0,6.740933333,0,0,10 MC,0.087544589,5.25267534
33,10,MC,full,10 MC full,interaction,450,10,medium,0.03333,0,0,3.471866667,0,0,10 MC,0.231457778,13.88746668
34,10,MC,full,10 MC full,interaction,450,10,medium,0.07778,0,0,5.103233333,0,0,10 MC,0.145806667,8.74840002
35,10,MC,full,10 MC full,interaction,450,10,medium,0.09333,1,1,6.7194,100,100,10 MC,0.159985714,9.59914284
36,10,MC,full,10 MC full,interaction,450,10,medium,0.07111,1,1,8.9829,100,100,10 MC,0.280715625,16.8429375
37,10,MC,full,10 MC full,interaction,450,10,medium,0.02889,1,1,3.700216667,100,100,10 MC,0.284632051,17.07792306
38,10,MC,full,10 MC full,interaction,450,10,medium,0.06444,0,0,6.484133333,0,0,10 MC,0.223590805,13.4154483
39,10,MC,full,10 MC full,interaction,450,10,medium,0.18,1,1,8.954366667,100,100,10 MC,0.110547737,6.63286422
40,10,MC,full,10 MC full,interaction,450,10,medium,0.11111,0,0,8.9814,0,0,10 MC,0.179628,10.77768
41,10,MC,full,10 MC full,interaction,450,10,medium,0.11333,0,0,10.10885,0,0,10 MC,0.198212745,11.8927647
42,10,MC,full,10 MC full,interaction,450,10,medium,0.13111,0,0,9.218383333,0,0,10 MC,0.156243785,9.3746271
43,10,MC,full,10 MC full,interaction,450,10,medium,0.15556,0,0,10.07871667,0,0,10 MC,0.143981667,8.63890002
44,10,MC,full,10 MC full,interaction,450,10,medium,0.08667,1,1,6.730933333,100,100,10 MC,0.172588034,10.35528204
45,10,MC,full,10 MC full,interaction,450,10,medium,0.18889,0,0,6.257633333,0,0,10 MC,0.073619216,4.41715296
46,10,MC,full,10 MC full,interaction,450,10,medium,0.19111,0,0,9.510566667,0,0,10 MC,0.110587985,6.6352791
47,10,MC,full,10 MC full,interaction,450,10,medium,0.22444,0,0,9.94635,0,0,10 MC,0.098478713,5.90872278
48,10,MC,full,10 MC full,interaction,450,10,medium,0.16444,0,0,10.0594,0,0,10 MC,0.135937838,8.15627028
49,10,MC,full,10 MC full,interaction,450,10,medium,0.16889,1,1,9.71135,100,100,10 MC,0.127780921,7.66685526
50,10,MC,full,10 MC full,interaction,450,10,medium,0.16444,0,0,4.411783333,0,0,10 MC,0.059618694,3.57712164
51,10,MC,truncated,10 MC truncated,interaction,198,10,medium,0.12889,1,1,5.6076,100,100,10 MC,0.096682759,5.80096554
52,10,MC,truncated,10 MC truncated,interaction,198,10,medium,0.06889,0,0,2.647083333,0,0,10 MC,0.085389785,5.1233871
53,10,MC,truncated,10 MC truncated,interaction,198,10,medium,0.06,0,0,3.328216667,0,0,10 MC,0.123267284,7.39603704
54,10,MC,truncated,10 MC truncated,interaction,198,10,medium,0.01111,0,0,0.569233333,0,0,10 MC,0.113846667,6.83080002
55,10,MC,truncated,10 MC truncated,interaction,198,10,medium,0.06222,0,0,9.07905,0,0,10 MC,0.324251786,19.45510716
56,10,MC,truncated,10 MC truncated,interaction,198,10,medium,0.07111,1,1,7.580416667,100,100,10 MC,0.236888021,14.21328126
57,10,MC,truncated,10 MC truncated,interaction,198,10,medium,0.02222,1,1,3.34015,100,100,10 MC,0.334015,20.0409
58,10,MC,truncated,10 MC truncated,interaction,198,10,medium,0.01778,0,0,1.092983333,0,0,10 MC,0.136622917,8.19737502
59,10,MC,truncated,10 MC truncated,interaction,198,10,medium,0.14444,1,1,8.292566667,100,100,10 MC,0.127577949,7.65467694
60,10,MC,truncated,10 MC truncated,interaction,198,10,medium,0.05111,1,1,3.933,100,100,10 MC,0.171,10.26
61,10,MC,truncated,10 MC truncated,interaction,198,10,medium,0.14889,0,0,9.52725,0,0,10 MC,0.142197761,8.53186566
62,10,MC,truncated,10 MC truncated,interaction,198,10,medium,0.06889,1,1,2.039866667,100,100,10 MC,0.065802151,3.94812906
63,10,MC,truncated,10 MC truncated,interaction,198,10,medium,0.05556,1,1,5.292633333,100,100,10 MC,0.211705333,12.70231998
64,10,MC,truncated,10 MC truncated,interaction,198,10,medium,0.03333,1,1,2.189066667,100,100,10 MC,0.145937778,8.75626668
65,10,MC,truncated,10 MC truncated,interaction,198,10,medium,0.00667,1,1,3.080716667,100,100,10 MC,1.026905556,61.61433336
66,10,MC,truncated,10 MC truncated,interaction,198,10,medium,0.04444,1,1,5.033616667,100,100,10 MC,0.251680833,15.10084998
67,10,MC,truncated,10 MC truncated,interaction,198,10,medium,0.03778,1,1,3.219283333,100,100,10 MC,0.189369608,11.36217648
68,10,MC,truncated,10 MC truncated,interaction,198,10,medium,0.01111,0,0,1.48615,0,0,10 MC,0.29723,17.8338
69,10,MC,truncated,10 MC truncated,interaction,198,10,medium,0.02444,1,1,1.737,100,100,10 MC,0.157909091,9.47454546
70,10,MC,truncated,10 MC truncated,interaction,198,10,medium,0.14222,0,0,3.82715,0,0,10 MC,0.059799219,3.58795314
71,10,MC,truncated,10 MC truncated,interaction,198,10,medium,0.10444,1,1,5.045766667,100,100,10 MC,0.107356738,6.44140428
72,10,MC,truncated,10 MC truncated,interaction,198,10,medium,0.09556,0,0,10.12833333,0,0,10 MC,0.235542636,14.13255816
73,10,MC,truncated,10 MC truncated,interaction,198,10,medium,0.00444,0,0,1.354033333,0,0,10 MC,0.677016667,40.62100002
74,10,MC,truncated,10 MC truncated,interaction,198,10,medium,0.01778,1,1,2.052666667,100,100,10 MC,0.256583333,15.39499998
75,10,MC,truncated,10 MC truncated,interaction,198,10,medium,0.04,0,0,2.938383333,0,0,10 MC,0.163243519,9.79461114
76,10,MC,truncated,10 MC truncated,interaction,198,10,medium,0.06889,1,1,4.361283333,100,100,10 MC,0.140686559,8.44119354
77,10,MC,truncated,10 MC truncated,interaction,198,10,medium,0.00889,1,1,1.350466667,100,100,10 MC,0.337616667,20.25700002
78,10,MC,truncated,10 MC truncated,interaction,198,10,medium,0.18444,1,1,9.077833333,100,100,10 MC,0.109371486,6.56228916
79,10,MC,truncated,10 MC truncated,interaction,198,10,medium,0.02889,1,1,2.238833333,100,100,10 MC,0.172217949,10.33307694
80,10,MC,truncated,10 MC truncated,interaction,198,10,medium,0.20667,0,0,9.794966667,0,0,10 MC,0.105322222,6.31933332
81,10,MC,truncated,10 MC truncated,interaction,198,10,medium,0.10444,0,0,10.16466667,0,0,10 MC,0.216269504,12.97617024
82,10,MC,truncated,10 MC truncated,interaction,198,10,medium,0.01778,1,1,2.3246,100,100,10 MC,0.290575,17.4345
83,10,HC,full,10 HC full,interaction,3243,10,hard,0.05556,1,1,4.3583,100,100,10 HC,0.174332,10.45992
84,10,HC,full,10 HC full,interaction,3243,10,hard,0.00444,0,0,1.01,0,0,10 HC,0.505,30.3
85,10,HC,full,10 HC full,interaction,3243,10,hard,0.05333,1,1,4.027866667,100,100,10 HC,0.167827778,10.06966668
86,10,HC,full,10 HC full,interaction,3243,10,hard,0.00667,0,0,0.779183333,0,0,10 HC,0.259727778,15.58366668
87,10,HC,full,10 HC full,interaction,3243,10,hard,0.07778,1,0,3.0183,100,0,10 HC,0.086237143,5.17422858
88,10,HC,full,10 HC full,interaction,3243,10,hard,0.06,0,0,2.0956,0,0,10 HC,0.077614815,4.6568889
89,10,HC,full,10 HC full,interaction,3243,10,hard,0.00667,0,0,0.23455,0,0,10 HC,0.078183333,4.69099998
90,10,HC,full,10 HC full,interaction,3243,10,hard,0.04667,0,0,2.961483333,0,0,10 HC,0.141023016,8.46138096
91,10,HC,full,10 HC full,interaction,3243,10,hard,0.08222,0,0,4.018333333,0,0,10 HC,0.108603604,6.51621624
92,10,HC,full,10 HC full,interaction,3243,10,hard,0.01111,1,0,1.727583333,100,0,10 HC,0.345516667,20.73100002
93,10,HC,full,10 HC full,interaction,3243,10,hard,0.14667,0,0,9.124166667,0,0,10 HC,0.13824495,8.294697
94,10,HC,full,10 HC full,interaction,3243,10,hard,0.10444,0,0,10.03676667,0,0,10 HC,0.213548227,12.81289362
95,10,HC,full,10 HC full,interaction,3243,10,hard,0.06222,0,0,5.045616667,0,0,10 HC,0.180200595,10.8120357
96,10,HC,full,10 HC full,interaction,3243,10,hard,0.02667,1,1,3.200666667,100,100,10 HC,0.266722222,16.00333332
97,10,HC,full,10 HC full,interaction,3243,10,hard,0.05778,0,0,6.422116667,0,0,10 HC,0.247004487,14.82026922
98,10,HC,full,10 HC full,interaction,3243,10,hard,0.02667,1,1,1.532233333,100,100,10 HC,0.127686111,7.66116666
99,10,HC,full,10 HC full,interaction,3243,10,hard,0.03333,1,1,1.415916667,100,100,10 HC,0.094394444,5.66366664
100,10,HC,full,10 HC full,interaction,3243,10,hard,0.04,1,0,2.633233333,100,0,10 HC,0.146290741,8.77744446
101,10,HC,full,10 HC full,interaction,3243,10,hard,0.10667,1,1,2.044616667,100,100,10 HC,0.042596181,2.55577086
102,10,HC,full,10 HC full,interaction,3243,10,hard,0.03111,1,1,1.52185,100,100,10 HC,0.108703571,6.52221426
103,10,HC,full,10 HC full,interaction,3243,10,hard,0.03556,1,1,3.3054,100,100,10 HC,0.2065875,12.39525
104,10,HC,full,10 HC full,interaction,3243,10,hard,0.03333,1,1,3.17925,100,100,10 HC,0.21195,12.717
105,10,HC,full,10 HC full,interaction,3243,10,hard,0.06222,0,0,5.189266667,0,0,10 HC,0.185330952,11.11985712
106,10,HC,full,10 HC full,interaction,3243,10,hard,0.06889,0,0,5.777183333,0,0,10 HC,0.186360753,11.18164518
107,10,HC,full,10 HC full,interaction,3243,10,hard,0.04889,0,0,6.3855,0,0,10 HC,0.29025,17.415
108,10,HC,full,10 HC full,interaction,3243,10,hard,0.18667,0,0,6.662083333,0,0,10 HC,0.079310516,4.75863096
109,10,HC,full,10 HC full,interaction,3243,10,hard,0.08444,0,0,9.1248,0,0,10 HC,0.240126316,14.40757896
110,10,HC,full,10 HC full,interaction,3243,10,hard,0.08222,0,0,7.74545,0,0,10 HC,0.209336486,12.56018916
111,10,HC,full,10 HC full,interaction,3243,10,hard,0.07333,0,0,3.0033,0,0,10 HC,0.091009091,5.46054546
112,10,HC,full,10 HC full,interaction,3243,10,hard,0.04,0,0,3.827,0,0,10 HC,0.212611111,12.75666666
113,10,HC,full,10 HC full,interaction,3243,10,hard,0.00889,1,0,2.435666667,100,0,10 HC,0.608916667,36.53500002
114,10,HC,full,10 HC full,interaction,3243,10,hard,0.08444,0,0,4.028216667,0,0,10 HC,0.106005702,6.36034212
115,10,HC,truncated,10 HC truncated,interaction,496,10,hard,0.01111,1,0,1.717233333,100,0,10 HC,0.343446667,20.60680002
116,10,HC,truncated,10 HC truncated,interaction,496,10,hard,0.01333,1,1,1.5414,100,100,10 HC,0.2569,15.414
117,10,HC,truncated,10 HC truncated,interaction,496,10,hard,0.06889,0,0,6.402,0,0,10 HC,0.206516129,12.39096774
118,10,HC,truncated,10 HC truncated,interaction,496,10,hard,0.07556,0,0,3.94445,0,0,10 HC,0.116013235,6.9607941
119,10,HC,truncated,10 HC truncated,interaction,496,10,hard,0.05333,1,1,3.65855,100,100,10 HC,0.152439583,9.14637498
120,10,HC,truncated,10 HC truncated,interaction,496,10,hard,0.16222,0,0,7.58165,0,0,10 HC,0.103858219,6.23149314
121,10,HC,truncated,10 HC truncated,interaction,496,10,hard,0.10222,1,1,9.457683333,100,100,10 HC,0.205601812,12.33610872
122,10,HC,truncated,10 HC truncated,interaction,496,10,hard,0.13333,0,0,8.158116667,0,0,10 HC,0.135968611,8.15811666
123,10,HC,truncated,10 HC truncated,interaction,496,10,hard,0.02889,0,0,6.257683333,0,0,10 HC,0.481360256,28.88161536
124,10,HC,truncated,10 HC truncated,interaction,496,10,hard,0.22444,0,0,9.933716667,0,0,10 HC,0.09835363,5.9012178
125,10,HC,truncated,10 HC truncated,interaction,496,10,hard,0.12444,0,0,9.628533333,0,0,10 HC,0.171938095,10.3162857
126,10,HC,truncated,10 HC truncated,interaction,496,10,hard,0.01333,1,0,1.3599,100,0,10 HC,0.22665,13.599
127,10,HC,truncated,10 HC truncated,interaction,496,10,hard,0.15333,0,0,9.09195,0,0,10 HC,0.131767391,7.90604346
128,10,HC,truncated,10 HC truncated,interaction,496,10,hard,0.15556,1,1,7.72025,100,100,10 HC,0.110289286,6.61735716
129,10,HC,truncated,10 HC truncated,interaction,496,10,hard,0.15556,1,0,9.880716667,100,0,10 HC,0.141153095,8.4691857
130,10,HC,truncated,10 HC truncated,interaction,496,10,hard,0.02444,0,0,1.77325,0,0,10 HC,0.161204545,9.6722727
131,10,HC,truncated,10 HC truncated,interaction,496,10,hard,0.04,0,0,2.415,0,0,10 HC,0.134166667,8.05000002
132,10,HC,truncated,10 HC truncated,interaction,496,10,hard,0.03556,0,0,4.8891,0,0,10 HC,0.30556875,18.334125
133,10,HC,truncated,10 HC truncated,interaction,496,10,hard,0.08222,1,1,4.817183333,100,100,10 HC,0.130194144,7.81164864
134,10,HC,truncated,10 HC truncated,interaction,496,10,hard,0.02222,0,0,2.4617,0,0,10 HC,0.24617,14.7702
135,10,HC,truncated,10 HC truncated,interaction,496,10,hard,0.02222,0,0,1.636,0,0,10 HC,0.1636,9.816
136,10,HC,truncated,10 HC truncated,interaction,496,10,hard,0.11333,1,1,2.9373,100,100,10 HC,0.057594118,3.45564708
137,10,HC,truncated,10 HC truncated,interaction,496,10,hard,0.03111,1,1,3.144633333,100,100,10 HC,0.224616667,13.47700002
138,10,HC,truncated,10 HC truncated,interaction,496,10,hard,0.04444,1,1,1.825116667,100,100,10 HC,0.091255833,5.47534998
139,10,HC,truncated,10 HC truncated,interaction,496,10,hard,0.0,0,0,1.233316667,0,0,10 HC,0.0,0.0
140,10,HC,truncated,10 HC truncated,interaction,496,10,hard,0.08,0,0,5.225383333,0,0,10 HC,0.145149537,8.70897222
141,10,HC,truncated,10 HC truncated,interaction,496,10,hard,0.15778,0,0,9.906183333,0,0,10 HC,0.139523709,8.37142254
142,10,HC,truncated,10 HC truncated,interaction,496,10,hard,0.0,0,0,1.277333333,0,0,10 HC,0.0,0.0
143,10,HC,truncated,10 HC truncated,interaction,496,10,hard,0.07111,0,0,4.674483333,0,0,10 HC,0.146077604,8.76465624
144,10,HC,truncated,10 HC truncated,interaction,496,10,hard,0.07778,0,0,5.82215,0,0,10 HC,0.166347143,9.98082858
145,10,HC,truncated,10 HC truncated,interaction,496,10,hard,0.07778,1,1,4.23795,100,100,10 HC,0.121084286,7.26505716
146,10,HC,truncated,10 HC truncated,interaction,496,10,hard,0.11778,1,0,9.746933333,100,0,10 HC,0.183904403,11.03426418
147,10,HC,truncated,10 HC truncated,interaction,496,10,hard,0.12444,0,0,9.390416667,0,0,10 HC,0.167686012,10.06116072
148,10,HC,truncated,10 HC truncated,interaction,496,10,hard,0.19333,0,0,8.948733333,0,0,10 HC,0.102859004,6.17154024
149,10,HC,truncated,10 HC truncated,interaction,496,10,hard,0.05778,0,0,5.574033333,0,0,10 HC,0.214385897,12.86315382
150,10,HC,truncated,10 HC truncated,interaction,496,10,hard,0.01556,0,0,1.81075,0,0,10 HC,0.258678571,15.52071426
151,10,DC,full,10 DC full,interaction,97098,10,CV,0.02667,0,0,2.133516667,0,0,10 DC,0.177793056,10.66758336
152,10,DC,full,10 DC full,interaction,97098,10,CV,0.12222,1,0,5.270566667,100,0,10 DC,0.095828485,5.7497091
153,10,DC,full,10 DC full,interaction,97098,10,CV,0.00444,0,0,0.448683333,0,0,10 DC,0.224341667,13.46050002
154,10,DC,full,10 DC full,interaction,97098,10,CV,0.08889,0,0,3.525683333,0,0,10 DC,0.088142083,5.28852498
155,10,DC,full,10 DC full,interaction,97098,10,CV,0.00444,0,0,0.659833333,0,0,10 DC,0.329916667,19.79500002
156,10,DC,full,10 DC full,interaction,97098,10,CV,0.05556,0,0,2.821866667,0,0,10 DC,0.112874667,6.77248002
157,10,DC,full,10 DC full,interaction,97098,10,CV,0.02889,0,0,0.754083333,0,0,10 DC,0.05800641,3.4803846
158,10,DC,full,10 DC full,interaction,97098,10,CV,0.02667,0,0,2.68045,0,0,10 DC,0.223370833,13.40224998
159,10,DC,full,10 DC full,interaction,97098,10,CV,0.02667,0,0,1.874916667,0,0,10 DC,0.156243056,9.37458336
160,10,DC,full,10 DC full,interaction,97098,10,CV,0.04222,1,0,2.783533333,100,0,10 DC,0.146501754,8.79010524
161,10,DC,full,10 DC full,interaction,97098,10,CV,0.12222,0,0,5.13965,0,0,10 DC,0.093448182,5.60689092
162,10,DC,full,10 DC full,interaction,97098,10,CV,0.02444,1,1,1.358833333,100,100,10 DC,0.123530303,7.41181818
163,10,DC,full,10 DC full,interaction,97098,10,CV,0.02,0,0,1.5131,0,0,10 DC,0.168122222,10.08733332
164,10,DC,full,10 DC full,interaction,97098,10,CV,0.07333,0,0,4.731816667,0,0,10 DC,0.143388384,8.60330304
165,10,DC,full,10 DC full,interaction,97098,10,CV,0.05333,0,0,5.1614,0,0,10 DC,0.215058333,12.90349998
166,10,DC,full,10 DC full,interaction,97098,10,CV,0.07111,0,0,4.242783333,0,0,10 DC,0.132586979,7.95521874
167,10,DC,full,10 DC full,interaction,97098,10,CV,0.03111,0,0,1.5902,0,0,10 DC,0.113585714,6.81514284
168,10,DC,full,10 DC full,interaction,97098,10,CV,0.02889,1,0,2.190233333,100,0,10 DC,0.168479487,10.10876922
169,10,DC,full,10 DC full,interaction,97098,10,CV,0.10667,0,0,6.166016667,0,0,10 DC,0.128458681,7.70752086
170,10,DC,full,10 DC full,interaction,97098,10,CV,0.15556,0,0,7.629183333,0,0,10 DC,0.108988333,6.53929998
171,10,DC,full,10 DC full,interaction,97098,10,CV,0.10889,1,1,6.280433333,100,100,10 DC,0.128172109,7.69032654
172,10,DC,full,10 DC full,interaction,97098,10,CV,0.10889,0,0,2.631,0,0,10 DC,0.053693878,3.22163268
173,10,DC,full,10 DC full,interaction,97098,10,CV,0.00667,0,0,1.7553,0,0,10 DC,0.5851,35.106
174,10,DC,full,10 DC full,interaction,97098,10,CV,0.07778,0,0,3.382,0,0,10 DC,0.096628571,5.79771426
175,10,DC,full,10 DC full,interaction,97098,10,CV,0.10222,0,0,4.599433333,0,0,10 DC,0.099987681,5.99926086
176,10,DC,full,10 DC full,interaction,97098,10,CV,0.00889,0,0,1.098716667,0,0,10 DC,0.274679167,16.48075002
177,10,DC,full,10 DC full,interaction,97098,10,CV,0.02889,0,0,1.7595,0,0,10 DC,0.135346154,8.12076924
178,10,DC,full,10 DC full,interaction,97098,10,CV,0.17111,0,0,7.148516667,0,0,10 DC,0.092837879,5.57027274
179,10,DC,full,10 DC full,interaction,97098,10,CV,0.01333,0,0,2.603866667,0,0,10 DC,0.433977778,26.03866668
180,10,DC,full,10 DC full,interaction,97098,10,CV,0.22444,0,0,9.835816667,0,0,10 DC,0.097384323,5.84305938
181,10,DC,full,10 DC full,interaction,97098,10,CV,0.03333,0,0,2.702,0,0,10 DC,0.180133333,10.80799998
182,10,DC,full,10 DC full,interaction,97098,10,CV,0.02222,1,1,3.491516667,100,100,10 DC,0.349151667,20.94910002
183,10,DC,full,10 DC full,interaction,97098,10,CV,0.21556,0,0,9.947666667,0,0,10 DC,0.102553265,6.1531959
184,10,DC,full,10 DC full,interaction,97098,10,CV,0.08,0,0,3.496083333,0,0,10 DC,0.097113426,5.82680556
185,10,DC,full,10 DC full,interaction,97098,10,CV,0.07778,1,1,4.530366667,100,100,10 DC,0.129439048,7.76634288
186,10,DC,full,10 DC full,interaction,97098,10,CV,0.04667,1,1,4.712016667,100,100,10 DC,0.224381746,13.46290476
187,10,DC,full,10 DC full,interaction,97098,10,CV,0.06667,0,0,3.449233333,0,0,10 DC,0.114974444,6.89846664
188,10,DC,full,10 DC full,interaction,97098,10,CV,0.02444,0,0,2.184816667,0,0,10 DC,0.198619697,11.91718182
189,10,DC,full,10 DC full,interaction,97098,10,CV,0.04,0,0,2.555566667,0,0,10 DC,0.141975926,8.51855556
190,10,DC,full,10 DC full,interaction,97098,10,CV,0.02889,0,0,1.6769,0,0,10 DC,0.128992308,7.73953848
191,10,DC,full,10 DC full,interaction,97098,10,CV,0.01778,1,1,4.9828,100,100,10 DC,0.62285,37.371
192,10,DC,truncated,10 DC truncated,interaction,255,10,CV,0.04667,1,1,2.438883333,100,100,10 DC,0.116137302,6.96823812
193,10,DC,truncated,10 DC truncated,interaction,255,10,CV,0.04889,1,1,2.755583333,100,100,10 DC,0.125253788,7.51522728
194,10,DC,truncated,10 DC truncated,interaction,255,10,CV,0.03778,1,1,2.0063,100,100,10 DC,0.118017647,7.08105882
195,10,DC,truncated,10 DC truncated,interaction,255,10,CV,0.09111,1,1,6.385066667,100,100,10 DC,0.155733333,9.34399998
196,10,DC,truncated,10 DC truncated,interaction,255,10,CV,0.02667,1,1,0.851266667,100,100,10 DC,0.070938889,4.25633334
197,10,DC,truncated,10 DC truncated,interaction,255,10,CV,0.03111,1,1,1.2724,100,100,10 DC,0.090885714,5.45314284
198,10,DC,truncated,10 DC truncated,interaction,255,10,CV,0.03556,0,0,1.203266667,0,0,10 DC,0.075204167,4.51225002
199,10,DC,truncated,10 DC truncated,interaction,255,10,CV,0.02,0,0,0.62685,0,0,10 DC,0.06965,4.179
200,10,DC,truncated,10 DC truncated,interaction,255,10,CV,0.01333,1,1,1.219966667,100,100,10 DC,0.203327778,12.19966668
201,10,DC,truncated,10 DC truncated,interaction,255,10,CV,0.00444,1,0,2.71255,100,0,10 DC,1.356275,81.3765
202,10,DC,truncated,10 DC truncated,interaction,255,10,CV,0.05556,0,0,2.2183,0,0,10 DC,0.088732,5.32392
203,10,DC,truncated,10 DC truncated,interaction,255,10,CV,0.03778,1,1,2.41105,100,100,10 DC,0.141826471,8.50958826
204,10,DC,truncated,10 DC truncated,interaction,255,10,CV,0.03556,1,1,1.773233333,100,100,10 DC,0.110827083,6.64962498
205,10,DC,truncated,10 DC truncated,interaction,255,10,CV,0.21111,0,0,9.372333333,0,0,10 DC,0.09865614,5.9193684
206,10,DC,truncated,10 DC truncated,interaction,255,10,CV,0.01333,1,1,0.952433333,100,100,10 DC,0.158738889,9.52433334
207,10,DC,truncated,10 DC truncated,interaction,255,10,CV,0.11111,0,0,10.14926667,0,0,10 DC,0.202985333,12.17911998
208,10,DC,truncated,10 DC truncated,interaction,255,10,CV,0.09111,0,0,10.06283333,0,0,10 DC,0.245434959,14.72609754
209,10,DC,truncated,10 DC truncated,interaction,255,10,CV,0.02222,1,1,1.5461,100,100,10 DC,0.15461,9.2766
210,10,DC,truncated,10 DC truncated,interaction,255,10,CV,0.02889,1,0,3.033633333,100,0,10 DC,0.23335641,14.0013846
211,10,DC,truncated,10 DC truncated,interaction,255,10,CV,0.04222,0,0,4.987433333,0,0,10 DC,0.262496491,15.74978946
212,10,DC,truncated,10 DC truncated,interaction,255,10,CV,0.05111,0,0,1.0024,0,0,10 DC,0.043582609,2.61495654
213,10,DC,truncated,10 DC truncated,interaction,255,10,CV,0.02444,1,1,1.296566667,100,100,10 DC,0.117869697,7.07218182
214,10,DC,truncated,10 DC truncated,interaction,255,10,CV,0.00889,0,0,1.329083333,0,0,10 DC,0.332270833,19.93624998
215,10,DC,truncated,10 DC truncated,interaction,255,10,CV,0.07556,1,1,2.81165,100,100,10 DC,0.082695588,4.96173528
216,10,DC,truncated,10 DC truncated,interaction,255,10,CV,0.12222,1,1,4.610616667,100,100,10 DC,0.083829394,5.02976364
217,10,DC,truncated,10 DC truncated,interaction,255,10,CV,0.11333,1,0,6.379566667,100,0,10 DC,0.125089542,7.50537252
218,10,DC,truncated,10 DC truncated,interaction,255,10,CV,0.00667,1,1,1.177733333,100,100,10 DC,0.392577778,23.55466668
219,10,DC,truncated,10 DC truncated,interaction,255,10,CV,0.26222,0,0,9.778133333,0,0,10 DC,0.082865537,4.97193222
220,10,DC,truncated,10 DC truncated,interaction,255,10,CV,0.01556,1,1,1.550783333,100,100,10 DC,0.221540476,13.29242856
221,10,DC,truncated,10 DC truncated,interaction,255,10,CV,0.04,1,1,2.969383333,100,100,10 DC,0.164965741,9.89794446
222,10,DC,truncated,10 DC truncated,interaction,255,10,CV,0.14444,1,1,6.22185,100,100,10 DC,0.095720769,5.74324614
223,10,DC,truncated,10 DC truncated,interaction,255,10,CV,0.11778,1,1,4.576366667,100,100,10 DC,0.086346541,5.18079246
224,10,DC,truncated,10 DC truncated,interaction,255,10,CV,0.03778,1,1,2.52595,100,100,10 DC,0.148585294,8.91511764
225,10,DC,truncated,10 DC truncated,interaction,255,10,CV,0.03556,1,1,1.53875,100,100,10 DC,0.096171875,5.7703125
226,10,DC,truncated,10 DC truncated,interaction,255,10,CV,0.03556,1,1,1.916966667,100,100,10 DC,0.119810417,7.18862502
227,6,MC,full,6 MC full,interaction,112,6,medium,0.04222,1,1,1.7695,100,100,6 MC,0.093131579,5.58789474
228,6,MC,full,6 MC full,interaction,112,6,medium,0.04667,1,1,2.879216667,100,100,6 MC,0.137105556,8.22633336
229,6,MC,full,6 MC full,interaction,112,6,medium,0.06222,1,0,3.027166667,100,0,6 MC,0.108113095,6.4867857
230,6,MC,full,6 MC full,interaction,112,6,medium,0.02444,1,1,1.814866667,100,100,6 MC,0.164987879,9.89927274
231,6,MC,full,6 MC full,interaction,112,6,medium,0.02444,1,1,2.275333333,100,100,6 MC,0.206848485,12.4109091
232,6,MC,full,6 MC full,interaction,112,6,medium,0.09778,1,1,3.957583333,100,100,6 MC,0.089945076,5.39670456
233,6,MC,full,6 MC full,interaction,112,6,medium,0.11778,1,1,5.135333333,100,100,6 MC,0.096893082,5.81358492
234,6,MC,full,6 MC full,interaction,112,6,medium,0.08667,0,0,8.000333333,0,0,6 MC,0.205136752,12.30820512
235,6,MC,full,6 MC full,interaction,112,6,medium,0.04889,0,0,10.06768333,0,0,6 MC,0.45762197,27.4573182
236,6,MC,full,6 MC full,interaction,112,6,medium,0.07111,0,0,5.757433333,0,0,6 MC,0.179919792,10.79518752
237,6,MC,full,6 MC full,interaction,112,6,medium,0.07778,1,0,6.163783333,100,0,6 MC,0.176108095,10.5664857
238,6,MC,full,6 MC full,interaction,112,6,medium,0.07333,1,1,9.076633333,100,100,6 MC,0.275049495,16.5029697
239,6,MC,full,6 MC full,interaction,112,6,medium,0.07111,1,1,2.371166667,100,100,6 MC,0.074098958,4.44593748
240,6,MC,full,6 MC full,interaction,112,6,medium,0.01556,0,0,2.535933333,0,0,6 MC,0.36227619,21.7365714
241,6,MC,full,6 MC full,interaction,112,6,medium,0.23556,0,0,8.58575,0,0,6 MC,0.080997642,4.85985852
242,6,MC,full,6 MC full,interaction,112,6,medium,0.04889,1,1,6.4552,100,100,6 MC,0.293418182,17.60509092
243,6,MC,full,6 MC full,interaction,112,6,medium,0.04,1,1,4.079466667,100,100,6 MC,0.226637037,13.59822222
244,6,MC,full,6 MC full,interaction,112,6,medium,0.14667,0,0,9.55955,0,0,6 MC,0.144841667,8.69050002
245,6,MC,full,6 MC full,interaction,112,6,medium,0.12889,0,0,9.727933333,0,0,6 MC,0.167722989,10.06337934
246,6,MC,full,6 MC full,interaction,112,6,medium,0.33333,0,0,8.668266667,0,0,6 MC,0.057788444,3.46730664
247,6,MC,full,6 MC full,interaction,112,6,medium,0.10889,0,0,3.387516667,0,0,6 MC,0.069132993,4.14797958
248,6,MC,full,6 MC full,interaction,112,6,medium,0.05333,0,0,2.243916667,0,0,6 MC,0.093496528,5.60979168
249,6,MC,full,6 MC full,interaction,112,6,medium,0.13556,0,0,8.569966667,0,0,6 MC,0.140491257,8.42947542
250,6,MC,full,6 MC full,interaction,112,6,medium,0.02889,1,1,1.083433333,100,100,6 MC,0.083341026,5.00046156
251,6,MC,full,6 MC full,interaction,112,6,medium,0.07778,0,0,3.089416667,0,0,6 MC,0.088269048,5.29614288
252,6,MC,full,6 MC full,interaction,112,6,medium,0.17778,0,0,9.7855,0,0,6 MC,0.12231875,7.339125
253,6,MC,full,6 MC full,interaction,112,6,medium,0.02,1,0,1.777333333,100,0,6 MC,0.197481481,11.84888886
254,6,MC,full,6 MC full,interaction,112,6,medium,0.11111,1,1,7.066733333,100,100,6 MC,0.141334667,8.48008002
255,6,MC,full,6 MC full,interaction,112,6,medium,0.00889,0,0,1.490216667,0,0,6 MC,0.372554167,22.35325002
256,6,MC,full,6 MC full,interaction,112,6,medium,0.06444,1,1,5.46165,100,100,6 MC,0.188332759,11.29996554
257,6,MC,full,6 MC full,interaction,112,6,medium,0.08667,1,1,4.58995,100,100,6 MC,0.117691026,7.06146156
258,6,MC,full,6 MC full,interaction,112,6,medium,0.01111,0,0,2.199416667,0,0,6 MC,0.439883333,26.39299998
259,6,MC,full,6 MC full,interaction,112,6,medium,0.04889,0,0,7.111383333,0,0,6 MC,0.323244697,19.39468182
260,6,MC,full,6 MC full,interaction,112,6,medium,0.06889,0,0,10.13365,0,0,6 MC,0.326891935,19.6135161
261,6,MC,truncated,6 MC truncated,interaction,49,6,medium,0.03333,1,1,3.692116667,100,100,6 MC,0.246141111,14.76846666
262,6,MC,truncated,6 MC truncated,interaction,49,6,medium,0.01111,1,1,1.957916667,100,100,6 MC,0.391583333,23.49499998
263,6,MC,truncated,6 MC truncated,interaction,49,6,medium,0.01778,1,1,2.745316667,100,100,6 MC,0.343164583,20.58987498
264,6,MC,truncated,6 MC truncated,interaction,49,6,medium,0.08889,0,0,6.207866667,0,0,6 MC,0.155196667,9.31180002
265,6,MC,truncated,6 MC truncated,interaction,49,6,medium,0.05333,1,1,3.563733333,100,100,6 MC,0.148488889,8.90933334
266,6,MC,truncated,6 MC truncated,interaction,49,6,medium,0.00444,1,1,1.405633333,100,100,6 MC,0.702816667,42.16900002
267,6,MC,truncated,6 MC truncated,interaction,49,6,medium,0.01333,1,0,0.880466667,100,0,6 MC,0.146744445,8.8046667
268,6,MC,truncated,6 MC truncated,interaction,49,6,medium,0.08,1,0,2.797833333,100,0,6 MC,0.077717593,4.66305558
269,6,MC,truncated,6 MC truncated,interaction,49,6,medium,0.22667,1,1,9.91375,100,100,6 MC,0.097193627,5.83161762
270,6,MC,truncated,6 MC truncated,interaction,49,6,medium,0.09333,0,0,5.837416667,0,0,6 MC,0.138986111,8.33916666
271,6,MC,truncated,6 MC truncated,interaction,49,6,medium,0.04667,1,1,2.670933333,100,100,6 MC,0.127187302,7.63123812
272,6,MC,truncated,6 MC truncated,interaction,49,6,medium,0.01778,1,0,2.554766667,100,0,6 MC,0.319345833,19.16074998
273,6,MC,truncated,6 MC truncated,interaction,49,6,medium,0.01778,1,1,2.378966667,100,100,6 MC,0.297370833,17.84224998
274,6,MC,truncated,6 MC truncated,interaction,49,6,medium,0.03333,1,1,2.30055,100,100,6 MC,0.15337,9.2022
275,6,MC,truncated,6 MC truncated,interaction,49,6,medium,0.01333,0,0,3.663833333,0,0,6 MC,0.610638889,36.63833334
276,6,MC,truncated,6 MC truncated,interaction,49,6,medium,0.01111,1,0,1.420966667,100,0,6 MC,0.284193333,17.05159998
277,6,MC,truncated,6 MC truncated,interaction,49,6,medium,0.09556,0,0,2.803233333,0,0,6 MC,0.065191473,3.91148838
278,6,MC,truncated,6 MC truncated,interaction,49,6,medium,0.04222,1,1,2.0489,100,100,6 MC,0.107836842,6.47021052
279,6,MC,truncated,6 MC truncated,interaction,49,6,medium,0.00444,1,1,1.887133333,100,100,6 MC,0.943566667,56.61400002
280,6,MC,truncated,6 MC truncated,interaction,49,6,medium,0.06889,0,0,2.227983333,0,0,6 MC,0.07187043,4.3122258
281,6,MC,truncated,6 MC truncated,interaction,49,6,medium,0.01778,1,1,1.49095,100,100,6 MC,0.18636875,11.182125
282,6,MC,truncated,6 MC truncated,interaction,49,6,medium,0.07778,0,0,9.854816667,0,0,6 MC,0.28156619,16.8939714
283,6,MC,truncated,6 MC truncated,interaction,49,6,medium,0.0,1,0,0.305816667,100,0,6 MC,0.0,0.0
284,6,MC,truncated,6 MC truncated,interaction,49,6,medium,0.02889,1,1,1.993116667,100,100,6 MC,0.153316667,9.19900002
285,6,MC,truncated,6 MC truncated,interaction,49,6,medium,0.06667,0,0,8.496833333,0,0,6 MC,0.283227778,16.99366668
286,6,MC,truncated,6 MC truncated,interaction,49,6,medium,0.07333,1,1,5.429116667,100,100,6 MC,0.164518687,9.87112122
287,6,MC,truncated,6 MC truncated,interaction,49,6,medium,0.02889,1,1,2.942316667,100,100,6 MC,0.226332051,13.57992306
288,6,MC,truncated,6 MC truncated,interaction,49,6,medium,0.00667,1,0,1.640566667,100,0,6 MC,0.546855556,32.81133336
289,6,MC,truncated,6 MC truncated,interaction,49,6,medium,0.03333,1,1,1.243633333,100,100,6 MC,0.082908889,4.97453334
290,6,MC,truncated,6 MC truncated,interaction,49,6,medium,0.00444,0,0,1.346483333,0,0,6 MC,0.673241667,40.39450002
291,6,MC,truncated,6 MC truncated,interaction,49,6,medium,0.04889,0,0,4.075383333,0,0,6 MC,0.185244697,11.11468182
292,6,MC,truncated,6 MC truncated,interaction,49,6,medium,0.01333,0,0,1.344433333,0,0,6 MC,0.224072222,13.44433332
293,6,MC,truncated,6 MC truncated,interaction,49,6,medium,0.04222,1,1,3.564466667,100,100,6 MC,0.187603509,11.25621054
294,6,MC,truncated,6 MC truncated,interaction,49,6,medium,0.09778,1,0,7.623416667,100,0,6 MC,0.17325947,10.3955682
295,6,MC,truncated,6 MC truncated,interaction,49,6,medium,0.06667,1,1,3.342483333,100,100,6 MC,0.111416111,6.68496666
296,6,MC,truncated,6 MC truncated,interaction,49,6,medium,0.04667,1,1,3.698333333,100,100,6 MC,0.176111111,10.56666666
297,6,MC,truncated,6 MC truncated,interaction,49,6,medium,0.07778,1,1,2.533916667,100,100,6 MC,0.072397619,4.34385714
298,6,MC,truncated,6 MC truncated,interaction,49,6,medium,0.14444,1,1,7.906366667,100,100,6 MC,0.12163641,7.2981846
299,6,MC,truncated,6 MC truncated,interaction,49,6,medium,0.07111,1,1,1.7495,100,100,6 MC,0.054671875,3.2803125
300,6,MC,truncated,6 MC truncated,interaction,49,6,medium,0.02,1,1,3.978333333,100,100,6 MC,0.442037037,26.52222222
301,6,MC,truncated,6 MC truncated,interaction,49,6,medium,0.13111,1,1,8.25385,100,100,6 MC,0.139895763,8.39374578
302,6,MC,truncated,6 MC truncated,interaction,49,6,medium,0.10444,1,1,5.026916667,100,100,6 MC,0.106955674,6.41734044
303,6,MC,truncated,6 MC truncated,interaction,49,6,medium,0.11556,0,0,9.7203,0,0,6 MC,0.186928846,11.21573076
304,6,HC,full,6 HC full,interaction,830,6,hard,0.21333,0,0,10.01368333,0,0,6 HC,0.104309201,6.25855206
305,6,HC,full,6 HC full,interaction,830,6,hard,0.03778,1,1,1.7741,100,100,6 HC,0.104358824,6.26152944
306,6,HC,full,6 HC full,interaction,830,6,hard,0.12667,0,0,9.61445,0,0,6 HC,0.168674561,10.12047366
307,6,HC,full,6 HC full,interaction,830,6,hard,0.10889,1,1,3.18755,100,100,6 HC,0.065052041,3.90312246
308,6,HC,full,6 HC full,interaction,830,6,hard,0.05778,0,0,5.161133333,0,0,6 HC,0.198505128,11.91030768
309,6,HC,full,6 HC full,interaction,830,6,hard,0.03556,0,0,2.681383333,0,0,6 HC,0.167586458,10.05518748
310,6,HC,full,6 HC full,interaction,830,6,hard,0.03556,1,0,3.31055,100,0,6 HC,0.206909375,12.4145625
311,6,HC,full,6 HC full,interaction,830,6,hard,0.02889,1,0,4.455216667,100,0,6 HC,0.342708974,20.56253844
312,6,HC,full,6 HC full,interaction,830,6,hard,0.07556,0,0,3.618333333,0,0,6 HC,0.106421569,6.38529414
313,6,HC,full,6 HC full,interaction,830,6,hard,0.01111,0,0,0.890016667,0,0,6 HC,0.178003333,10.68019998
314,6,HC,full,6 HC full,interaction,830,6,hard,0.05111,0,0,3.665016667,0,0,6 HC,0.159348551,9.56091306
315,6,HC,full,6 HC full,interaction,830,6,hard,0.16444,0,0,10.03331667,0,0,6 HC,0.13558536,8.1351216
316,6,HC,full,6 HC full,interaction,830,6,hard,0.20889,0,0,9.95205,0,0,6 HC,0.105872872,6.35237232
317,6,HC,full,6 HC full,interaction,830,6,hard,0.12222,0,0,4.228633333,0,0,6 HC,0.076884242,4.61305452
318,6,HC,full,6 HC full,interaction,830,6,hard,0.02,0,0,2.942733333,0,0,6 HC,0.32697037,19.6182222
319,6,HC,full,6 HC full,interaction,830,6,hard,0.06667,0,0,2.046833333,0,0,6 HC,0.068227778,4.09366668
320,6,HC,full,6 HC full,interaction,830,6,hard,0.09111,1,1,3.66615,100,100,6 HC,0.089418293,5.36509758
321,6,HC,full,6 HC full,interaction,830,6,hard,0.16667,0,0,8.212433333,0,0,6 HC,0.109499111,6.56994666
322,6,HC,full,6 HC full,interaction,830,6,hard,0.08444,0,0,5.902316667,0,0,6 HC,0.155324123,9.31944738
323,6,HC,full,6 HC full,interaction,830,6,hard,0.02,1,0,2.078683333,100,0,6 HC,0.230964815,13.8578889
324,6,HC,full,6 HC full,interaction,830,6,hard,0.02667,0,0,1.39695,0,0,6 HC,0.1164125,6.98475
325,6,HC,full,6 HC full,interaction,830,6,hard,0.06444,0,0,4.7544,0,0,6 HC,0.163944828,9.83668968
326,6,HC,full,6 HC full,interaction,830,6,hard,0.12444,0,0,4.019233333,0,0,6 HC,0.071772024,4.30632144
327,6,HC,full,6 HC full,interaction,830,6,hard,0.05556,0,0,1.834583333,0,0,6 HC,0.073383333,4.40299998
328,6,HC,full,6 HC full,interaction,830,6,hard,0.06,1,0,6.905616667,100,0,6 HC,0.25576358,15.3458148
329,6,HC,full,6 HC full,interaction,830,6,hard,0.03556,0,0,3.377516667,0,0,6 HC,0.211094792,12.66568752
330,6,HC,full,6 HC full,interaction,830,6,hard,0.08889,1,0,3.37335,100,0,6 HC,0.08433375,5.060025
331,6,HC,full,6 HC full,interaction,830,6,hard,0.02667,0,0,1.751633333,0,0,6 HC,0.145969444,8.75816664
332,6,HC,full,6 HC full,interaction,830,6,hard,0.12222,0,0,9.737716667,0,0,6 HC,0.177049394,10.62296364
333,6,HC,full,6 HC full,interaction,830,6,hard,0.03333,0,0,1.823266667,0,0,6 HC,0.121551111,7.29306666
334,6,HC,full,6 HC full,interaction,830,6,hard,0.12,0,0,9.58165,0,0,6 HC,0.177437963,10.64627778
335,6,HC,full,6 HC full,interaction,830,6,hard,0.04889,0,0,1.92585,0,0,6 HC,0.087538636,5.25231816
336,6,HC,full,6 HC full,interaction,830,6,hard,0.13556,0,0,8.797733333,0,0,6 HC,0.144225137,8.65350822
337,6,HC,full,6 HC full,interaction,830,6,hard,0.03111,0,0,1.512833333,0,0,6 HC,0.108059524,6.48357144
338,6,HC,full,6 HC full,interaction,830,6,hard,0.09556,1,0,6.97065,100,0,6 HC,0.16210814,9.7264884
339,6,HC,full,6 HC full,interaction,830,6,hard,0.10667,1,1,6.152116667,100,100,6 HC,0.128169097,7.69014582
340,6,HC,full,6 HC full,interaction,830,6,hard,0.15111,0,0,9.257933333,0,0,6 HC,0.136146078,8.16876468
341,6,HC,full,6 HC full,interaction,830,6,hard,0.03111,0,0,1.042783333,0,0,6 HC,0.074484524,4.46907144
342,6,HC,full,6 HC full,interaction,830,6,hard,0.06222,1,1,3.16295,100,100,6 HC,0.1129625,6.77775
343,6,HC,full,6 HC full,interaction,830,6,hard,0.15333,1,1,6.135516667,100,100,6 HC,0.088920531,5.33523186
344,6,HC,full,6 HC full,interaction,830,6,hard,0.07778,1,0,2.516566667,100,0,6 HC,0.071901905,4.3141143
345,6,HC,truncated,6 HC truncated,interaction,296,6,hard,0.03778,0,0,0.82055,0,0,6 HC,0.048267647,2.89605882
346,6,HC,truncated,6 HC truncated,interaction,296,6,hard,0.02,0,0,2.528833333,0,0,6 HC,0.280981481,16.85888886
347,6,HC,truncated,6 HC truncated,interaction,296,6,hard,0.07333,0,0,9.1994,0,0,6 HC,0.278769697,16.72618182
348,6,HC,truncated,6 HC truncated,interaction,296,6,hard,0.00444,0,0,1.037733333,0,0,6 HC,0.518866667,31.13200002
349,6,HC,truncated,6 HC truncated,interaction,296,6,hard,0.04222,1,0,2.642933333,100,0,6 HC,0.139101754,8.34610524
350,6,HC,truncated,6 HC truncated,interaction,296,6,hard,0.09111,0,0,4.274383333,0,0,6 HC,0.104253252,6.25519512
351,6,HC,truncated,6 HC truncated,interaction,296,6,hard,0.09111,0,0,3.336416667,0,0,6 HC,0.081376016,4.88256096
352,6,HC,truncated,6 HC truncated,interaction,296,6,hard,0.02889,0,0,2.963433333,0,0,6 HC,0.22795641,13.6773846
353,6,HC,truncated,6 HC truncated,interaction,296,6,hard,0.01778,0,0,1.7887,0,0,6 HC,0.2235875,13.41525
354,6,HC,truncated,6 HC truncated,interaction,296,6,hard,0.14,0,0,6.090766667,0,0,6 HC,0.096678836,5.80073016
355,6,HC,truncated,6 HC truncated,interaction,296,6,hard,0.07556,0,0,3.475816667,0,0,6 HC,0.102229902,6.13379412
356,6,HC,truncated,6 HC truncated,interaction,296,6,hard,0.02444,1,1,1.346566667,100,100,6 HC,0.122415152,7.34490912
357,6,HC,truncated,6 HC truncated,interaction,296,6,hard,0.0,0,0,0.4724,0,0,6 HC,0.0,0.0
358,6,HC,truncated,6 HC truncated,interaction,296,6,hard,0.01778,0,0,1.6189,0,0,6 HC,0.2023625,12.14175
359,6,HC,truncated,6 HC truncated,interaction,296,6,hard,0.06889,0,0,7.1495,0,0,6 HC,0.230629032,13.83774192
360,6,HC,truncated,6 HC truncated,interaction,296,6,hard,0.04,0,0,4.812,0,0,6 HC,0.267333333,16.03999998
361,6,HC,truncated,6 HC truncated,interaction,296,6,hard,0.04,1,1,3.126616667,100,100,6 HC,0.173700926,10.42205556
362,6,HC,truncated,6 HC truncated,interaction,296,6,hard,0.05778,0,0,2.569866667,0,0,6 HC,0.098841026,5.93046156
363,6,HC,truncated,6 HC truncated,interaction,296,6,hard,0.04222,0,0,1.212966667,0,0,6 HC,0.063840351,3.83042106
364,6,HC,truncated,6 HC truncated,interaction,296,6,hard,0.15778,0,0,6.18235,0,0,6 HC,0.087075352,5.22452112
365,6,HC,truncated,6 HC truncated,interaction,296,6,hard,0.09556,0,0,3.772816667,0,0,6 HC,0.087739922,5.26439532
366,6,HC,truncated,6 HC truncated,interaction,296,6,hard,0.22444,1,1,6.8294,100,100,6 HC,0.067617822,4.05706932
367,6,HC,truncated,6 HC truncated,interaction,296,6,hard,0.05556,0,0,4.2958,0,0,6 HC,0.171832,10.30992
368,6,HC,truncated,6 HC truncated,interaction,296,6,hard,0.00889,1,1,0.68805,100,100,6 HC,0.1720125,10.32075
369,6,HC,truncated,6 HC truncated,interaction,296,6,hard,0.03556,1,1,0.779233333,100,100,6 HC,0.048702083,2.92212498
370,6,HC,truncated,6 HC truncated,interaction,296,6,hard,0.01333,0,0,1.205816667,0,0,6 HC,0.200969445,12.0581667
371,6,HC,truncated,6 HC truncated,interaction,296,6,hard,0.09111,0,0,4.958083333,0,0,6 HC,0.120928862,7.25573172
372,6,HC,truncated,6 HC truncated,interaction,296,6,hard,0.00444,1,1,1.658733333,100,100,6 HC,0.829366667,49.76200002
373,6,HC,truncated,6 HC truncated,interaction,296,6,hard,0.02222,0,0,1.8633,0,0,6 HC,0.18633,11.1798
374,6,HC,truncated,6 HC truncated,interaction,296,6,hard,0.03556,0,0,2.444016667,0,0,6 HC,0.152751042,9.16506252
375,6,HC,truncated,6 HC truncated,interaction,296,6,hard,0.01778,0,0,1.232166667,0,0,6 HC,0.154020833,9.24124998
376,6,HC,truncated,6 HC truncated,interaction,296,6,hard,0.06667,0,0,4.846816667,0,0,6 HC,0.161560556,9.69363336
377,6,HC,truncated,6 HC truncated,interaction,296,6,hard,0.10444,1,0,6.531066667,100,0,6 HC,0.138958865,8.3375319
378,6,HC,truncated,6 HC truncated,interaction,296,6,hard,0.01778,0,0,1.412866667,0,0,6 HC,0.176608333,10.59649998
