,board,heuristic,likelihood_linear,likelihoods_block,likelihoods_block_dens,likelihoods_density,likelihoods_int_dens,likelihoods_interaction,likelihoods_linear_dens,userid
0,6_hard_full,interaction,-1.89520864568,-1.83106378137,-2.0541289914,-2.02167668716,-2.10985426614,-1.78322229027,-2.20496614396,14c5dc72
1,6_hard_full,density,-2.17762999014,-2.20227444291,-2.0412254395,-1.7721135031,-2.01074170548,-2.0582263347,-2.11048609658,17b4c1ea
2,6_hard_full,density,-2.4375058044,-2.80476587382,-2.82294853729,-2.33678794808,-2.76051190118,-2.40586231499,-2.77481593592,17e120dd
3,6_hard_full,density,-1.90987696341,-2.09663904076,-1.97766790659,-1.79941048626,-1.79968410802,-1.89647453843,-1.80939960141,20bfd7bd
4,6_hard_full,interaction,-2.55160357832,-2.72685373958,-3.63403777362,-3.79538141956,-3.67852394276,-2.54271674187,-3.66317716873,22dac859
5,6_hard_full,interaction,-1.7327043809,-1.69645520615,-1.56170051301,-2.3260222276,-1.66485596997,-1.55403803244,-1.82167589474,24a5e25a
6,6_hard_full,blocking,-1.5848144804,-1.41889145467,-2.00070217382,-2.54965397608,-2.12961795135,-1.43926557738,-2.26868146586,24f4c091
7,6_hard_full,blocking,-1.58366608194,-1.3863835209,-1.47984277687,-1.81399084338,-1.62916460579,-1.45349528513,-1.74997383066,26dbf6e9
8,6_hard_full,interaction,-2.20428451376,-2.61888125632,-2.98534473876,-3.00571193863,-2.93517298776,-2.10618385203,-2.97739803572,31e63b91
9,6_hard_full,interaction,-1.72530144238,-1.63209235193,-1.90526505706,-2.06670941714,-2.01502636105,-1.59961662151,-2.13163071403,32ebf2e8
10,6_hard_full,blocking,-3.98086686056,-3.52721289435,-3.52721289435,-4.01400981946,-3.84970788698,-3.84970788698,-3.98086686056,37f61258
11,6_hard_full,blocking,-1.77898143737,-1.52456076191,-1.6066969296,-1.75701929504,-1.70171894137,-1.54359644695,-1.92166677932,3bb613b2
12,6_hard_full,interaction,-1.39755583538,-1.24574231033,-1.33408608516,-1.72349767742,-1.37926951945,-1.21034124511,-1.55208895384,3cd60baf
13,6_hard_full,blocking_dens,-1.8140069523,-1.58797104538,-1.5063540046,-2.15193408161,-1.66096102514,-1.65710280185,-1.8136373689,43c60cd9
14,6_hard_full,blocking,-2.1932587207,-1.97417008912,-2.21509201316,-2.36062657693,-2.36366424607,-2.01249079846,-2.51496999837,47f614be
15,6_hard_full,blocking,-1.42902071414,-0.801641477967,-1.1895939288,-1.84859909917,-1.52606126236,-1.13810881153,-1.81697316497,49e6113d
16,6_hard_full,blocking_dens,-1.73011242366,-1.39620551418,-1.3942712895,-1.78211897007,-1.54612225079,-1.49265486375,-1.775448107,4ed4c1d3
17,6_hard_full,blocking,-1.30579628207,-1.04259906819,-1.08753127556,-1.58435221513,-1.17601424905,-1.0881613107,-1.38259412743,54f4bf95
18,6_hard_full,blocking_dens,-2.58789106644,-2.51021094486,-2.348522053,-2.82259568185,-2.53669820535,-2.55801253909,-2.59398199162,5ce612bc
19,6_hard_full,blocking,-1.7107906643,-1.40432953421,-1.4767512528,-2.01992060164,-1.62344572744,-1.60567320306,-1.73115024027,63e5efe1
20,6_hard_full,blocking_dens,-3.68497156152,-3.7826403268,-3.14091409683,-3.29178342367,-3.23699948772,-3.6448085439,-3.24995114133,67eac875
21,6_hard_full,interaction,-1.77936298114,-1.93126869433,-2.10641342093,-2.48306863092,-2.10183991736,-1.71295207005,-2.16277752146,68d5e249
22,6_hard_full,density,-2.33873841912,-2.24900028058,-2.41439050517,-2.24656174489,-2.39159152472,-2.28452722562,-2.44956304989,69bad0fe
23,6_hard_full,interaction,-2.03200084218,-2.22766335831,-2.5691367097,-2.86027502511,-2.41828245227,-2.00406958696,-2.43657529732,6bf51f66
24,6_hard_full,density,-2.61913976508,-2.99911766144,-2.88365367466,-2.29684986103,-2.81541884075,-2.67304672659,-2.76198225868,6ee61190
25,6_hard_full,interaction,-1.51005533655,-1.69883645512,-2.07090900028,-2.35135060573,-1.92258699765,-1.41128736623,-2.00397439609,70da8cfb
26,6_hard_full,blocking,-1.61945811107,-1.1991420322,-1.54176947082,-2.35044375291,-1.89649691756,-1.43185402403,-2.07909252213,76e60f84
27,6_hard_full,density,-3.04879630378,-3.02920182817,-2.76196622167,-2.08039092125,-2.67277062904,-3.13418624234,-2.60467002248,7bf4bf38
28,6_hard_full,blocking,-2.23317429459,-1.78271403555,-1.78271403555,-1.98782237,-1.97633856723,-1.97633856723,-2.23317429459,84a4bf3c
29,6_hard_full,interaction,-1.93919170313,-2.11358272049,-2.61936728947,-2.37429158953,-2.51710820002,-1.86230421435,-2.57495396759,87b50908
30,6_hard_full,interaction,-1.95296858989,-1.89438408675,-2.02461026753,-2.20577490753,-2.0364462132,-1.85824985297,-2.11733391241,89d60ba4
31,6_hard_full,blocking,-1.95184883638,-1.65711172251,-2.14885996505,-2.87395893091,-2.31050457547,-1.75366476769,-2.50530745873,8ac4c37c
32,6_hard_full,interaction,-1.60321883901,-1.8251576302,-1.8135776769,-1.91947741521,-1.72203157343,-1.47527463472,-1.82886923268,8ea4bf56
33,6_hard_full,blocking_dens,-2.32764949632,-2.07336362844,-1.90366221086,-2.4175823422,-2.05755552204,-2.17376077315,-2.20906093983,8fc76287
34,6_hard_full,linear_dens,-3.90897070042,-4.4018965928,-3.81697533636,-3.79352818162,-3.69448400864,-4.0101025536,-3.60729331684,8fcbec83
35,6_hard_full,interaction,-2.85189060907,-2.90144862324,-3.0548967232,-2.8647534675,-2.9424220569,-2.8098544109,-2.98778949955,90c60de8
36,6_hard_full,blocking,-1.80144316876,-1.65783864852,-1.7453360543,-2.22142137276,-1.80945502802,-1.6768988845,-1.93044402777,91cfd7fb
37,6_hard_full,density,-2.88710162942,-2.98855581313,-2.9578428392,-2.76780842513,-3.04428977654,-2.82482841792,-3.08274782431,92b722f3
38,6_hard_full,interaction,-2.21358769956,-2.35209515223,-2.27690073078,-2.51665888454,-2.25501510983,-2.08033061357,-2.37528585545,94d6ef33
39,6_hard_full,interaction,-2.84142355855,-2.96899717143,-3.05386395374,-3.40647870742,-3.03745033213,-2.82214577261,-3.0631383469,94e4c554
40,6_hard_full,interaction,-2.87324644743,-3.12730561059,-3.10606716357,-2.98132769089,-3.09029358666,-2.84046419366,-3.11685460737,9adbc2df
41,6_hard_full,density,-3.76953309688,-3.61984754381,-3.4739599855,-3.18326064085,-3.42144167084,-3.85861714873,-3.35075769047,9dc50a3d
42,6_hard_full,interaction,-1.84794995584,-2.26554906835,-1.81660405852,-2.12210746474,-1.79044530583,-1.72082463232,-1.92015750599,9df60bf8
43,6_hard_full,blocking,-1.92456111467,-1.70252480917,-2.08057857571,-2.92277156409,-2.21846232983,-1.78773255818,-2.33586889193,a3d4c3b2
44,6_hard_full,blocking_dens,-3.11624760308,-3.24860517765,-2.8284523436,-3.11232159087,-2.87518922559,-3.08752443867,-2.90461247959,a3d5dfda
45,6_hard_full,blocking,-2.07500685954,-1.95866513136,-2.09591597916,-2.3618606344,-2.09105477381,-1.96530790628,-2.18114359872,a6f610e1
46,6_hard_full,linear,-3.62260814941,-4.17620886895,-4.07233576344,-3.75275963099,-4.01867031825,-3.71311501466,-3.90586071057,acd61c3d
47,6_hard_full,interaction,-2.0286440867,-2.02344116974,-2.39831204852,-2.98064096757,-2.48709953301,-1.95106863696,-2.53957958705,ada4c06f
48,6_hard_full,interaction,-1.95315338328,-1.92268294232,-2.54633564807,-3.30933867315,-2.62966290024,-1.83895797413,-2.70840851703,b0d518a1
49,6_hard_full,interaction_dens,-3.15592765699,-3.15519877253,-2.67342210967,-2.6612976832,-2.62280605706,-3.12864724117,-2.66360646709,b2d60bc9
50,6_hard_full,blocking_dens,-1.60881184259,-1.60456951698,-1.30222710267,-1.57470958013,-1.35750216037,-1.49720623355,-1.47849267909,bae515f2
51,6_hard_full,interaction,-2.44646881065,-2.47129228285,-3.25145824987,-3.66618721903,-3.37905387916,-2.42867078491,-3.38257380844,bcdfd2df
52,6_hard_full,blocking,-2.30328731255,-1.81724495929,-1.84341355096,-2.50034549045,-2.06120060907,-2.01201319928,-2.3498534822,bed50a1d
53,6_hard_full,interaction,-1.99626794544,-2.04078798369,-1.90811312945,-2.35051111081,-1.91756591496,-1.81404097323,-2.08898257672,bfa60c8b
54,6_hard_full,linear,-1.80216250988,-1.93508914752,-2.28954760176,-2.29636160374,-2.17133383708,-1.81397440333,-2.19590642779,bfe4c87d
55,6_hard_full,density,-2.93364725158,-2.85437159806,-2.35079788792,-1.90444708567,-2.37082626533,-2.82039312971,-2.46641937876,c0f60e45
56,6_hard_full,interaction,-4.08867226119,-3.97146752903,-4.17354801137,-5.0948738201,-4.32700083773,-3.92915450527,-4.49183862876,c6b4c141
57,6_hard_full,blocking_dens,-2.99976433521,-2.80541990849,-2.74530315185,-3.72181906463,-2.86764722054,-3.02027891221,-2.87027856367,c6b60d63
58,6_hard_full,blocking,-2.46297478811,-2.42420123911,-2.75105217018,-2.81158960584,-2.75550204319,-2.43547826321,-2.79584706225,c7a61295
59,6_hard_full,interaction,-1.72431278937,-1.97386261226,-2.39067947637,-3.59864132225,-2.33072820511,-1.69582838965,-2.35052794129,c7a67aab
60,6_hard_full,interaction,-2.41066985327,-2.64437030912,-2.79714542128,-3.22995510571,-2.73099080108,-2.36736662249,-2.7646711135,c8a4fa50
61,6_hard_full,density,-2.80336650351,-2.49708281112,-2.74345825552,-2.47856293852,-2.76956327898,-2.73900552957,-2.85617382786,c8f4c13d
62,6_hard_full,blocking,-2.3816985328,-1.77936675684,-1.77936675684,-2.34501815255,-2.16400592257,-2.16400592257,-2.3816985328,cab61023
63,6_hard_full,interaction,-1.83038066077,-2.09092820174,-2.30298485674,-2.80270683471,-2.27902250904,-1.79039748959,-2.30765311997,cceac8ca
64,6_hard_full,linear,-2.11958098019,-2.3046743168,-2.29098480868,-2.55739793353,-2.31497382111,-2.12982863099,-2.30305031062,cee4bfa4
65,6_hard_full,interaction,-1.6876615562,-2.01950638623,-2.47058104917,-3.10367826214,-2.27623089226,-1.59953251443,-2.3192823501,dbe71b15
66,6_hard_full,interaction,-1.53007755858,-1.9767659501,-2.06024208009,-2.80757092788,-1.89117851389,-1.49276932259,-1.91407300261,dcc4f10e
67,6_hard_full,density,-2.28529769187,-2.12315830584,-2.16704770364,-2.05962032764,-2.22386429359,-2.14596221061,-2.35047949797,dfcbf407
68,6_hard_full,density,-3.53874724147,-3.49421372506,-2.66480686778,-2.44676025055,-2.69176618314,-3.48748737169,-2.74675559464,dfe6bee3
69,6_hard_full,blocking,-1.54293916614,-0.983433384126,-0.983433384126,-1.58037703996,-1.33568132356,-1.33568132356,-1.54293916614,e0d4bfdf
70,6_hard_full,blocking,-2.32675428295,-2.18951231826,-3.67034642355,-3.94548227244,-3.82588986568,-2.26369791654,-3.87239069393,ead61455
71,6_hard_full,blocking,-2.31754047369,-2.05564887169,-2.05564887169,-2.59282348303,-2.19595879445,-2.19595879445,-2.31754047369,ebc61801
72,6_hard_full,interaction,-2.14625773459,-2.74873702528,-2.29018611178,-2.92659382286,-2.13572887636,-2.12179691988,-2.15016127953,eec7360c
73,6_hard_full,blocking,-3.09688359114,-2.75198323297,-3.58434331006,-3.92234211276,-3.77231494739,-2.88749619911,-3.9681905591,efebc5bb
74,6_hard_full,blocking,-1.41293559446,-1.14111959779,-1.52910784479,-1.94795696811,-1.63448079338,-1.20587488615,-1.83607668334,f1e613a1
75,6_hard_full,interaction,-2.15195834697,-2.10513859262,-2.31604067441,-2.35895069319,-2.37815824607,-2.09075320486,-2.43679404174,f2f60bd9
76,6_hard_full,density,-2.93644070645,-2.84621645495,-3.11545471518,-2.58674791479,-3.02427743524,-2.91884743006,-3.05672676151,f3dbeb7e
77,6_hard_full,linear,-3.44108665446,-3.82099547838,-3.77615220343,-3.44456119491,-3.78643229691,-3.52843879541,-3.69523480203,f6fbf6b1
78,6_hard_full,linear,-3.82046612001,-4.45871374845,-4.92217600815,-4.2229927975,-4.73505826193,-3.95376568822,-4.596456425,f8d60bcb
79,6_hard_full,density,-2.93746092723,-3.6857374498,-3.41204117385,-2.8075044923,-3.33034791421,-2.95620656001,-3.23422067039,fac10d6e
80,6_hard_full,linear,-3.96159790658,-4.53476942663,-4.56892302366,-4.2585203229,-4.42731411909,-4.02108518591,-4.35197223442,fac6126a
81,6_hard_full,interaction,-1.74427606404,-1.82953869933,-2.11777982731,-2.27198080299,-2.11668689134,-1.70354402755,-2.15713718669,fde4bf4b
82,6_hard_full,interaction,-3.23174902071,-3.14140351322,-3.10460764017,-3.48454215372,-3.17519752664,-3.10275343258,-3.28283944421,fff4bf68
83,6_hard_pruned,interaction,-1.86120452216,-2.16750517149,-2.03270943998,-1.85445330045,-1.89760635437,-1.84261336255,-1.90416552161,11a64d17
84,6_hard_pruned,interaction,-1.82318749112,-1.86540451116,-2.36165322254,-2.20723283042,-2.334849255,-1.7507299867,-2.43188321537,11e652f7
85,6_hard_pruned,blocking,-1.78425641897,-1.5168983418,-1.80980889801,-1.53018048237,-1.81478824119,-1.71320473634,-1.91193059954,14d64999
86,6_hard_pruned,blocking,-1.55794703761,-1.17822010425,-1.33026044134,-1.75162901341,-1.55160643788,-1.39956610079,-1.7099873747,1dac01e7
87,6_hard_pruned,interaction,-1.90725874344,-2.22045977619,-2.14152122389,-1.93338710939,-2.07209556869,-1.83488635822,-2.09322286302,25cfdeaf
88,6_hard_pruned,interaction,-1.91644653638,-2.08005404688,-2.51951632466,-2.62064125773,-2.55223113181,-1.86170195476,-2.57945458233,2afbbf79
89,6_hard_pruned,blocking,-1.74041546032,-1.5647836845,-1.75531613632,-2.47339480167,-1.90936708563,-1.59829712673,-2.04156679428,2cb650ed
90,6_hard_pruned,blocking_dens,-1.81345779554,-2.09897411142,-1.76362870536,-2.17843387157,-1.83654377432,-1.80936160723,-1.83313117193,2ff50f64
91,6_hard_pruned,linear,-2.92178643867,-3.43968823975,-3.10279025242,-3.54021750278,-2.96318191941,-2.94410651409,-2.95235497163,30e4feac
92,6_hard_pruned,interaction,-2.03692354252,-2.79963926005,-2.27257704582,-2.41962655815,-2.11550948219,-2.03452307448,-2.12444454518,33e649bd
93,6_hard_pruned,blocking,-2.34051826944,-2.00501847411,-2.00501847411,-2.63388835168,-2.13318899427,-2.13318899427,-2.34051826944,3ef64929
94,6_hard_pruned,density,-3.06163761294,-2.97091489344,-3.02512621473,-2.84075836606,-3.08318245707,-2.99826679022,-3.11647100341,43e64821
95,6_hard_pruned,density,-2.66514698224,-2.85720413361,-2.90594033579,-2.27351089079,-2.86217908045,-2.60956760661,-2.90131635965,4ca65156
96,6_hard_pruned,interaction,-1.85801071582,-2.19054890791,-2.13088582648,-3.18255686025,-2.01071339222,-1.85263032497,-2.01000917644,4cb651bd
97,6_hard_pruned,interaction,-2.11961935021,-2.09543127463,-2.08830460309,-2.14559447249,-2.17866712275,-2.03460174978,-2.24992744061,4ee64c2a
98,6_hard_pruned,interaction,-2.98769013959,-2.94557117125,-3.18100826354,-4.09528913585,-3.27403587999,-2.89850885806,-3.3398497975,53a654e5
99,6_hard_pruned,interaction,-2.77658302843,-2.97101261664,-3.1419533485,-3.21025880817,-3.1226168057,-2.63665307588,-3.22776330586,53d65632
100,6_hard_pruned,interaction,-2.57601995003,-2.57317280319,-2.50643077482,-2.6555907862,-2.49498385125,-2.42643360018,-2.62973956423,5adff9a5
101,6_hard_pruned,linear,-3.20212951056,-3.55728752805,-3.70379575502,-3.40586321553,-3.55156821171,-3.2219876873,-3.52586704597,5fa651bb
102,6_hard_pruned,interaction,-2.48531423549,-2.5117803452,-3.19315707893,-3.49012121035,-3.28930664974,-2.47675837858,-3.29206680549,61e65cc1
103,6_hard_pruned,interaction,-1.79868555275,-1.99754072693,-2.42275353579,-3.70056043611,-2.33245797627,-1.75176821691,-2.37632633244,67f64a50
104,6_hard_pruned,blocking_dens,-2.27786848496,-2.27778161621,-2.15035655524,-2.54697757732,-2.36621050385,-2.22861559728,-2.40803889363,68c659b8
105,6_hard_pruned,interaction,-2.09850847684,-2.28215574967,-2.30763570764,-2.29953682937,-2.2645358076,-2.0679917472,-2.27403882983,6dd103e2
106,6_hard_pruned,interaction,-1.75724313202,-2.05056032072,-2.07005048907,-1.86503533819,-1.97439785805,-1.72107267047,-2.00883157973,7dd704e0
107,6_hard_pruned,interaction,-1.21966472152,-1.26724784356,-1.17752432872,-1.10325065961,-1.1102353607,-1.0708535005,-1.2245092883,81c11c9f
108,6_hard_pruned,interaction,-1.66154720156,-1.74088743856,-1.77926385253,-2.26646473956,-1.78151944742,-1.56464216996,-1.8601052389,92a74a76
109,6_hard_pruned,linear,-1.88254565046,-2.31018914717,-2.31018914717,-2.59177382172,-1.89703848993,-1.89703848993,-1.88254565046,95a648a3
110,6_hard_pruned,interaction,-1.79240410156,-1.93467561843,-3.18548152451,-5.30450132144,-3.1821406039,-1.72171575361,-3.23334078616,9dd66bae
111,6_hard_pruned,density,-3.30295419268,-3.21234473535,-3.39244451644,-3.14559023613,-3.36830846828,-3.23087521186,-3.41688181038,a0d659c9
112,6_hard_pruned,linear,-3.50030283734,-3.61185939403,-3.63286591845,-3.59320792952,-3.61512894045,-3.55443712643,-3.57297589081,a0f4f1bf
113,6_hard_pruned,interaction,-1.42317229871,-1.72552161908,-2.41298604856,-2.84600331495,-2.16172472128,-1.38740686435,-2.17723500311,a2ebe618
114,6_hard_pruned,blocking,-2.2423054001,-2.21202014328,-2.53264310549,-2.30223148627,-2.45323375776,-2.23358482356,-2.50084837179,aafbd6ab
115,6_hard_pruned,blocking_dens,-3.00744726847,-3.10141982759,-2.77743922813,-2.81332692928,-2.83757630752,-3.02215819168,-2.83666983706,aed647d3
116,6_hard_pruned,density,-2.02950242437,-2.0564487526,-2.32307689062,-1.57803845983,-2.26740776349,-2.04545890237,-2.27889685226,b9e512db
117,6_hard_pruned,interaction,-1.70650998949,-1.82201706414,-2.19578173122,-2.60302156882,-2.22434846233,-1.65919405605,-2.26633018207,c7fffe38
118,6_hard_pruned,linear,-2.03556801077,-2.51070805227,-2.68101382521,-2.77976564428,-2.44736022315,-2.08730483212,-2.39925308976,c9f64da2
119,6_hard_pruned,interaction,-2.03596137452,-2.55134062403,-2.16491902962,-2.74231254034,-2.03864586141,-2.00407166762,-2.04058995362,d2f65bb5
120,6_hard_pruned,interaction,-1.53602934398,-1.70292702097,-2.62191804334,-3.94502176435,-2.622044335,-1.50225116131,-2.62862611259,d4fac87b
121,6_hard_pruned,density,-2.36837792282,-2.78219884354,-2.60684685258,-2.15662655953,-2.44634229194,-2.28367260474,-2.44199763172,dbe65101
122,6_hard_pruned,linear_dens,-3.58296422454,-3.85700975139,-3.63406302328,-4.17197837518,-3.53323184207,-3.52774499824,-3.50275417201,dec64994
123,6_hard_pruned,interaction,-2.11888365899,-2.26490144301,-2.59135202726,-2.58415670585,-2.66348667091,-2.1020159024,-2.65701780135,e1a64c7d
124,6_hard_pruned,interaction_dens,-2.29913713906,-2.84659783842,-2.40484321264,-2.83635747523,-2.29880907623,-2.33085921437,-2.31938236766,e2b655ad
125,6_hard_pruned,blocking_dens,-2.30534313991,-2.40160383092,-1.87727959877,-2.92843200628,-1.99870398461,-2.20707308474,-2.07253037957,e9dbbf8a
126,6_hard_pruned,blocking_dens,-2.80369968184,-2.73558042395,-2.33945355848,-2.84711255309,-2.40699872635,-2.73109310592,-2.49131900095,e9e64bef
127,6_hard_pruned,linear,-1.90183860272,-2.4106158037,-2.57398704411,-2.45411230916,-2.44034630939,-1.9500401773,-2.39655181705,f1f65080
128,6_hard_pruned,interaction,-2.07139099347,-2.21789322737,-2.37775084697,-2.9856972275,-2.48286379482,-2.02101531441,-2.51379925974,f6b64ced
129,6_hard_pruned,linear,-2.75429429714,-2.85029032605,-3.20567361674,-3.41074072389,-3.33024367643,-2.7596998462,-3.32485637085,fcaffad4
130,6_hard_pruned,blocking_dens,-3.08024374355,-3.26769143918,-2.98704666311,-3.6375511623,-3.0281615144,-3.08035296844,-3.03353002788,fdaa7ebb
131,6_hard_pruned,interaction,-1.85431927458,-2.38853057055,-2.73217216365,-2.50878203867,-2.53198220464,-1.81880327494,-2.54870541281,fde6491d
132,10_hard_full,interaction,-2.49545957803,-2.17324860769,-2.59545823368,-3.32949148419,-2.58864981986,-2.17268566931,-2.87378463744,13f4ff5a
133,10_hard_full,interaction_dens,-2.97159314785,-2.841091321,-2.66391716969,-2.77160280601,-2.60477115709,-2.75385667329,-2.80762309487,1ff4f828
134,10_hard_full,blocking,-2.95537482183,-2.69755829365,-3.03656011852,-3.36271852998,-3.10792606327,-2.74024106189,-3.2230496487,21abc061
135,10_hard_full,interaction,-3.45132965796,-3.38308983281,-3.95463643414,-4.67610689281,-4.00518387345,-3.24293636084,-4.14401564605,23dbc11c
136,10_hard_full,blocking,-1.60024042584,-1.03178592426,-1.03178592426,-1.80454885581,-1.2555873821,-1.2555873821,-1.60024042584,2fb4f99a
137,10_hard_full,blocking,-2.3851052531,-1.77407727223,-1.77407727223,-2.68086790256,-1.89186675117,-1.89186675117,-2.3851052531,65f68460
138,10_hard_full,blocking,-3.08547519677,-2.75769039139,-3.11820104894,-3.89383291987,-3.14177355818,-2.84570679377,-3.25835799632,75ffd9e8
139,10_hard_full,interaction,-3.48417418018,-3.57789861636,-3.44655614458,-3.60465955161,-3.42691600155,-3.32779148009,-3.51534710091,7cf6845b
140,10_hard_full,interaction,-2.06807646407,-1.68244468047,-1.87115760482,-2.69214981603,-1.89549019053,-1.67256512832,-2.16434986993,84dbf4f9
141,10_hard_full,blocking,-2.82141617196,-1.42337923931,-1.42337923931,-3.24356843746,-1.74992266714,-1.74992266714,-2.82141617196,87cfed83
142,10_hard_full,interaction,-3.03931059168,-3.01853083206,-2.94256150871,-3.21703113768,-2.96098729219,-2.87920664794,-3.05330292051,8bc69c49
143,10_hard_full,interaction,-1.84718477218,-1.49664022038,-1.72373197576,-2.459733356,-1.73668949579,-1.4467225362,-2.08940466693,98d105c1
144,10_hard_full,blocking,-2.77708718564,-2.53386009691,-2.83804465817,-2.89054189331,-2.86740209483,-2.6248335691,-2.89555771434,9befd8ad
145,10_hard_full,blocking,-2.60757469218,-2.19928660168,-2.70340151035,-3.13192926573,-2.79299435766,-2.29102480401,-3.07574009642,a3eacaa9
146,10_hard_full,blocking,-2.99090608635,-2.7981297353,-3.06121212513,-2.80036819202,-3.00778776633,-2.85095402766,-3.136298309,a4f74985
147,10_hard_full,blocking,-1.61088587778,-1.10356342985,-1.10356342985,-1.87488745287,-1.19792852257,-1.19792852257,-1.61088587778,abc728e1
148,10_hard_full,interaction,-2.58011721535,-2.44704010234,-2.72882463982,-3.42860996936,-2.73805127754,-2.3122904713,-2.89200434333,aceaccbc
149,10_hard_full,interaction,-2.05037927141,-2.15571431281,-3.52967581637,-4.29711025248,-3.42140528036,-1.86049069672,-3.53595002301,add50f98
150,10_hard_full,linear_dens,-4.05553454377,-4.06576037547,-4.1126327348,-4.01700064493,-3.99599711045,-4.1397291936,-3.91157075981,b5b6dcbc
151,10_hard_full,interaction_dens,-2.27094770146,-2.04646181711,-1.96721004952,-2.43012214862,-1.93458319611,-1.95731562994,-2.17528660629,d2ac158a
152,10_hard_full,interaction,-2.02942116201,-1.94119773934,-3.06075880147,-4.01559395742,-2.99261892935,-1.75794746598,-3.22041441994,edf12206
153,10_hard_full,interaction,-2.10334600547,-2.02459868805,-2.90283616909,-3.83604584704,-2.8822298662,-1.81088852043,-3.074659877,f0ebc21e
154,10_hard_full,interaction,-2.73020118943,-2.69672634124,-2.82419108952,-4.10962336136,-2.91940630843,-2.54397675808,-3.02334532504,f6fbf7bf
155,10_hard_full,interaction,-3.76842085533,-3.73627769868,-4.04919524509,-4.29897581523,-4.08945371847,-3.70704776972,-4.13620239128,f7ebbfe9
156,10_hard_pruned,interaction,-1.78263203049,-1.75591437902,-1.97325829237,-3.10489123346,-1.78099848328,-1.41858194647,-2.07885540734,13b7468e
157,10_hard_pruned,blocking,-2.54846550318,-2.12154119213,-2.38760465295,-2.75364191439,-2.56440031492,-2.30308137843,-2.78348597756,16f6e58d
158,10_hard_pruned,interaction,-3.07589584312,-3.16182848025,-3.30684935653,-3.91562613515,-3.22758825164,-2.92789112423,-3.26722923728,18a695e2
159,10_hard_pruned,interaction,-2.45772115508,-2.33182677679,-2.51518930391,-3.09685823307,-2.53176910324,-2.19299592908,-2.6571738485,28d4fefb
160,10_hard_pruned,interaction,-2.94743316591,-2.8948239002,-2.89417626911,-3.28003360441,-2.93989976777,-2.68580795175,-3.16041847869,31f6a576
161,10_hard_pruned,blocking,-2.14921723278,-1.83679650297,-1.83679650297,-2.45167637256,-1.8666044648,-1.8666044648,-2.14921723278,32fad07f
162,10_hard_pruned,blocking,-3.16964373876,-2.49758928393,-3.01901204978,-3.18712499844,-2.93090147358,-3.00672651478,-3.04598337098,41bad9a2
163,10_hard_pruned,linear,-2.44879474653,-2.78925391109,-3.83224974667,-5.33852629807,-3.76378400782,-2.46058094614,-3.72786967648,4bfffc8c
164,10_hard_pruned,blocking,-1.57344465669,-1.13484960923,-1.13484960923,-1.88990987806,-1.1924771039,-1.1924771039,-1.57344465669,5bc4f225
165,10_hard_pruned,density,-4.41585734471,-4.70452215247,-4.0796254579,-3.83378732148,-3.99367405282,-4.4945805891,-3.93244843177,77ba7edc
166,10_hard_pruned,blocking,-2.47070974007,-2.15895849086,-2.36371513492,-2.76439520472,-2.46265102869,-2.17914205863,-2.71179432293,7dea8d37
167,10_hard_pruned,interaction,-3.27457053384,-3.17760076707,-3.35345977355,-3.33873838079,-3.37279549716,-3.17327571719,-3.39405812819,7ef11f8d
168,10_hard_pruned,interaction,-2.05981495846,-1.6817015385,-1.77032940257,-2.35102729844,-1.82937013299,-1.66111968796,-2.18806424546,8aa6d830
169,10_hard_pruned,blocking,-3.28299291315,-2.74787788457,-2.89449936876,-2.97857976587,-3.02632694307,-3.14738600435,-3.11488705532,8ea50714
170,10_hard_pruned,blocking,-2.56002113967,-2.17901649352,-2.36507529566,-2.31310042428,-2.34559785966,-2.25751937529,-2.59550462498,98c10b8a
171,10_hard_pruned,blocking,-3.45985067538,-2.72091293008,-3.190620725,-3.04974811457,-3.14452633017,-3.38956185681,-3.19185906959,acdac85f
172,10_hard_pruned,interaction,-2.73703576313,-2.99395476757,-3.12402193116,-3.35413470909,-3.08009400661,-2.49873686451,-3.20551604096,b8bac8b7
173,10_hard_pruned,interaction,-1.92893256064,-1.74526516112,-1.60029098606,-2.29879748144,-1.61291737015,-1.59257133414,-1.9105028025,bcf51783
174,10_hard_pruned,interaction,-3.31724244698,-3.39695953684,-3.77990755708,-3.36629673724,-3.73224341916,-3.27432947918,-3.71182475919,cce7504c
175,10_hard_pruned,blocking,-2.38630402358,-2.04936122852,-2.4471020966,-3.16574073745,-2.5105755098,-2.06914807938,-2.76768864396,cdc514e1
176,10_hard_pruned,interaction,-3.54713257546,-3.79064406166,-3.8537398131,-4.07457023683,-3.8536043631,-3.47743617099,-3.80149358407,d1cac84b
177,10_hard_pruned,blocking,-2.64634520325,-2.50500874584,-2.75781441936,-3.36515192972,-2.71373885992,-2.54970170676,-2.76235423563,e2b10de5
178,10_hard_pruned,blocking,-2.26375233728,-1.91050518301,-2.16411013665,-2.9672379653,-2.29684372828,-1.92169252925,-2.57875925743,e6efec72
179,10_hard_pruned,blocking,-2.97898050212,-2.51161804933,-2.59605548895,-2.70800096327,-2.6038050387,-2.71841744972,-2.85172748095,edfff93e
180,10_hard_pruned,interaction,-2.19435784088,-2.37539542218,-2.66691795959,-3.38954591501,-2.66759742592,-2.032191195,-2.69064892045,efd4fa4a
181,10_hard_pruned,linear,-2.36623080046,-2.58321262561,-3.05152424821,-4.49156122382,-2.91520875651,-2.48152397546,-2.84321580215,f3f4f4ae
182,10_hard_pruned,blocking_dens,-3.58633339374,-3.29054693441,-2.89489324039,-3.38630550268,-2.92484752196,-3.20967618429,-3.19800634194,f4c4f33c
183,10_hard_pruned,blocking_dens,-2.20108295468,-1.73318001759,-1.7201642107,-2.41995879898,-1.86781894291,-1.82447026314,-2.25236257156,fcb764e3
184,6_easy_full,blocking,-1.26961222494,-1.08936603954,-1.10467099629,-1.78208031303,-1.26000218678,-1.12243064119,-1.4050662354,25dfef96
185,6_easy_full,interaction_dens,-1.87129131057,-1.58685445608,-1.53649314164,-1.71172521514,-1.52731930858,-1.71963525069,-1.68127422262,2aabe76a
186,6_easy_full,density,-3.37881090672,-3.77843682302,-3.5001518656,-3.05568830992,-3.45169719695,-3.39043577716,-3.46367433232,2bcfe659
187,6_easy_full,blocking,-3.82373400657,-2.76153597817,-3.28329971844,-3.31948386085,-3.26014928467,-3.839058368,-3.24649087101,32b10037
188,6_easy_full,linear,-2.06500870797,-2.96583280337,-3.03788083916,-3.10412453968,-2.66367204728,-2.16822895382,-2.55531817999,34cffc40
189,6_easy_full,interaction,-0.717591350044,-0.579300062135,-0.579300062135,-1.47788881575,-0.577607249312,-0.577607249312,-0.717591350044,38abe966
190,6_easy_full,density,-4.04417273767,-4.29211662146,-3.95540784308,-3.43558162344,-4.12633518338,-3.84411528398,-4.32639263707,3acff9fa
191,6_easy_full,interaction,-0.814071582335,-0.783160400876,-0.783160400876,-1.69145724475,-0.725745085714,-0.725745085714,-0.814071582335,3bac0799
192,6_easy_full,density,-4.61946493495,-3.94739552213,-4.00804543163,-2.72925409083,-3.71442430217,-4.65775456868,-3.67795572927,3fcbc0ab
193,6_easy_full,density,-3.2102231455,-2.64053880466,-2.45780118201,-2.10547984987,-2.33660231506,-3.15473756375,-2.39208789681,40a74de0
194,6_easy_full,linear,-2.48293078638,-3.40113388601,-3.21253873025,-3.15581734757,-2.87855078107,-2.60289862581,-2.76576686088,4ed755f1
195,6_easy_full,density,-4.6741296294,-3.50706752379,-3.78958127351,-2.63118227242,-3.59333446748,-4.68447121584,-3.58852569402,59d51c4c
196,6_easy_full,density,-3.88571005696,-3.79996898176,-3.63741528504,-2.77245331693,-3.54736502444,-3.87209666868,-3.57123317396,5de11557
197,6_easy_full,density,-3.21270335801,-2.47971874585,-2.4536867749,-1.97614626043,-2.35128151918,-3.19811043914,-2.36631649898,6bca8117
198,6_easy_full,density,-4.39991986695,-3.9764298706,-3.68252246295,-2.69471898368,-3.76177906681,-4.32462487185,-3.8373567845,86f6e2cb
199,6_easy_full,density,-2.41485376971,-2.18857399167,-2.26360451194,-2.0468437368,-2.14078902041,-2.37653478108,-2.17763117691,8df4f6e8
200,6_easy_full,density,-5.77144241281,-4.97262296483,-4.36589806597,-2.72823839844,-4.42081584394,-5.71036153353,-4.48217517819,9defd82d
201,6_easy_full,density,-3.07189670204,-3.307060564,-3.25686488819,-2.79870531848,-3.18034492514,-3.07212323781,-3.16853903633,a6bff327
202,6_easy_full,blocking,-0.806528846446,-0.63837531578,-0.63837531578,-1.44846330494,-0.670453167192,-0.670453167192,-0.806528846446,aedbea55
203,6_easy_full,density,-3.76432910818,-3.44870175532,-2.79350599212,-1.93263021647,-2.73966598299,-3.73417788793,-2.76553852806,b7eae04f
204,6_easy_full,blocking,-4.82150088304,-4.04805989042,-4.04805989042,-4.6858052596,-4.43044583581,-4.43044583581,-4.82150088304,b8a11f60
205,6_easy_full,blocking,-3.17559916019,-2.71738833132,-2.90702514774,-3.15463486686,-2.80199319343,-3.16535793224,-2.80801554379,cfd6ff5a
206,6_easy_full,density,-5.53244601065,-4.72799707504,-3.85504502883,-2.56969502503,-3.41578711287,-5.59643902597,-3.36744087783,d3b525de
207,6_easy_full,blocking_dens,-2.27465466847,-2.18200279478,-1.93672867833,-2.19186393529,-1.96945438132,-2.21472849778,-2.02938055201,d6b67ee1
208,6_easy_full,density,-5.31931062479,-4.5510786096,-4.18026687457,-3.3885451323,-4.11666101045,-5.26212781336,-4.17757281647,d6d500ab
209,6_easy_full,density,-2.94437900495,-2.49658935893,-2.65816889592,-2.47184108028,-2.56799898134,-2.93450459699,-2.59018023391,dabbe6bb
210,6_easy_full,density,-6.2682214014,-5.29085776707,-4.83951060794,-2.87296649768,-4.57044556117,-6.3181176699,-4.5211437987,efa7383d
211,6_easy_full,blocking,-1.26490478575,-1.02158778043,-1.02158778043,-1.38517632093,-1.09471060982,-1.09471060982,-1.26490478575,f9c123d7
212,6_easy_full,interaction,-2.29269479197,-2.46030495151,-2.46030495151,-2.4017319226,-2.26285375412,-2.26285375412,-2.29269479197,fda4f169
213,6_easy_pruned,density,-2.10846645198,-2.65961288036,-2.33395487249,-1.89464139538,-2.39127200616,-2.02413054172,-2.47282865156,11dfe866
214,6_easy_pruned,blocking,-2.40052673741,-1.45352768956,-1.5752539694,-2.03079676033,-1.53947938983,-2.36029573336,-1.57641645035,16e512d0
215,6_easy_pruned,density,-3.98334712383,-2.67917178865,-2.71812827156,-2.1430487189,-2.67061123131,-4.04496614997,-2.60995612669,19a105e3
216,6_easy_pruned,interaction,-2.36860912765,-2.22884172502,-2.22884172502,-2.94858005353,-2.14786591634,-2.14786591634,-2.36860912765,1fdbc072
217,6_easy_pruned,density,-3.26624235365,-3.20313659953,-3.32538706013,-3.19080695423,-3.51306837972,-3.31476034255,-3.45908374751,2dca846d
218,6_easy_pruned,density,-1.98320776205,-1.90172827259,-1.90172827259,-1.77389970034,-1.81884794804,-1.81884794804,-1.98320776205,2dfbc35a
219,6_easy_pruned,density,-2.67087004781,-3.26804682721,-2.69159137104,-2.48206325905,-2.63327439047,-2.63113029782,-2.67142598911,33b693e2
220,6_easy_pruned,density,-3.24181735013,-2.21357683454,-1.90197184254,-1.71394286277,-1.76442440005,-3.15989280461,-1.84634894557,33ebe68d
221,6_easy_pruned,density,-3.57568705879,-2.25319504442,-2.58031951345,-2.2302309268,-2.61427562277,-3.59986343414,-2.5828548846,4dc50d03
222,6_easy_pruned,density,-4.79981189336,-4.44662998818,-4.0847028682,-2.96820319057,-3.97136305595,-4.84476977059,-3.92147292132,55a709fd
223,6_easy_pruned,blocking,-2.07506459078,-1.58749620727,-1.59455013718,-1.93525405988,-1.61632231876,-1.98019743399,-1.71118947556,58e72ee8
224,6_easy_pruned,blocking,-4.14277408438,-3.44801871411,-3.63305407104,-3.51032599722,-3.65767454466,-4.12570886037,-3.67960825923,67abc3ab
225,6_easy_pruned,interaction,-1.61311506544,-1.91481897906,-1.96596476493,-2.53209435541,-2.01505487549,-1.58635645112,-2.03177327129,6cbbcdf7
226,6_easy_pruned,linear,-1.16567815144,-1.48683933857,-1.78810413543,-2.39496876555,-1.73634757074,-1.17384026205,-1.73124561443,6fc70a09
227,6_easy_pruned,blocking_dens,-2.3359414115,-1.90384623383,-1.86343026476,-2.77761217533,-1.92590730422,-2.29578117318,-1.96606754255,7acbc3e2
228,6_easy_pruned,interaction,-1.63918805415,-1.83049147372,-1.70828552556,-2.10458305247,-1.73698764022,-1.59420185184,-1.77696532982,7cc119e0
229,6_easy_pruned,blocking,-0.961017866801,-0.831188246176,-0.903230715548,-1.55570970384,-1.0405570073,-0.856529571098,-1.145045303,7db4f1d2
230,6_easy_pruned,interaction,-0.985990835676,-1.071344699,-1.071344699,-1.71570045664,-0.931540146439,-0.931540146439,-0.985990835676,8ab71c6b
231,6_easy_pruned,blocking,-1.29329085308,-0.772145425376,-0.772145425376,-1.54601071986,-1.16590866222,-1.16590866222,-1.29329085308,94abbfb2
232,6_easy_pruned,density,-3.44314008215,-2.89731172872,-2.98186456517,-2.29379334693,-2.922022385,-3.51621894684,-2.84647306267,96afd320
233,6_easy_pruned,linear,-1.99972354427,-3.36165217523,-3.55997339338,-2.9146555044,-2.86022669268,-2.45490560484,-2.40330508824,adfac866
234,6_easy_pruned,interaction,-0.341640197092,-0.25976701509,-0.25976701509,-1.64350308321,-0.149239231371,-0.149239231371,-0.341640197092,b7e510d3
235,6_easy_pruned,interaction,-1.98116204008,-1.88668851895,-1.88668851895,-2.79459756781,-1.81709651037,-1.81709651037,-1.98116204008,c0cbeef2
236,6_easy_pruned,density,-3.14893250061,-2.20944823415,-2.09487366995,-1.73129089382,-2.17808709297,-3.0879356023,-2.228160732,c8afed22
237,6_easy_pruned,density,-3.62689516824,-2.32780337812,-2.7398455204,-1.90575118876,-2.44800854978,-3.64876491461,-2.44199468122,d2d73ea5
238,6_easy_pruned,linear,-0.990266089798,-1.31073566606,-1.46120551494,-2.7739150735,-1.21191482331,-1.01744035942,-1.18845078524,ddb7456a
239,6_easy_pruned,interaction,-2.26177044875,-2.52616080495,-2.69479186573,-2.60125586642,-2.688669192,-2.2018746279,-2.73609130883,dfa705b9
240,6_easy_pruned,linear_dens,-3.39655737552,-2.85162877326,-2.76996511866,-3.09052798067,-2.66836419109,-3.39740680785,-2.66731708332,e1b100ae
241,6_easy_pruned,density,-3.80421103102,-3.22058461998,-3.11919684025,-2.60873667792,-3.22506334381,-3.80716189133,-3.21350935227,edbbcb60
242,6_easy_pruned,linear,-2.09018759574,-2.2841735484,-2.2841735484,-2.63997550557,-2.18874465746,-2.18874465746,-2.09018759574,edbbea2c
243,10_easy_full,blocking,-4.46792626515,-3.942026711,-4.32719948534,-4.18789722285,-4.31133018543,-4.20993618234,-4.56248250807,20a4fec4
244,10_easy_full,interaction_dens,-4.03118068638,-4.26456495706,-3.90466754045,-3.87251247811,-3.7534236875,-3.98022865744,-3.7553073202,23b6924e
245,10_easy_full,blocking_dens,-2.65752189393,-2.19042817952,-2.08338722969,-2.28314792867,-2.35155136433,-2.29858086203,-2.6822707912,26e680e4
246,10_easy_full,density,-5.01158531503,-4.54578707008,-4.06840641178,-3.9568353402,-4.0087571711,-4.86683029792,-4.14680721643,37bffc4e
247,10_easy_full,blocking,-2.20822834641,-1.57244253024,-1.62406403782,-2.09038061913,-1.89820426318,-1.76441200356,-2.31053624121,3ac5170c
248,10_easy_full,linear_dens,-3.69349280818,-4.15534117257,-3.7637860333,-3.69950396767,-3.61636429136,-3.63247053951,-3.59265552755,55c68fc5
249,10_easy_full,blocking,-3.38608792517,-2.94670344137,-3.19735036128,-3.41743729749,-3.2222680987,-3.07887575025,-3.50923539426,56e6f5d2
250,10_easy_full,density,-3.54905334638,-3.47363015993,-3.37296950887,-3.14056860567,-3.3686192024,-3.33197899599,-3.54863627177,58d72aaf
251,10_easy_full,density,-4.8174046544,-3.32363643313,-4.13498930709,-2.99566884572,-3.98678995996,-4.51104059248,-4.20931426223,6ac7311a
252,10_easy_full,blocking,-3.76435139247,-3.27463617838,-3.60032503895,-3.60451806172,-3.44788592632,-3.71212924811,-3.48473230264,6cc4f8b6
253,10_easy_full,interaction,-3.52797315033,-3.31449876922,-3.31405568126,-3.49159922546,-3.34453417527,-3.29869005235,-3.54269152853,6cd50fc7
254,10_easy_full,density,-4.97655054576,-4.07825611498,-4.22436080291,-3.38666550996,-4.12878494682,-4.81861095115,-4.27841057777,70bffd4d
255,10_easy_full,blocking_dens,-3.60989775393,-3.72403432642,-3.42184775388,-3.44046364099,-3.43172476533,-3.45853321658,-3.55305097405,72caeffe
256,10_easy_full,density,-5.04124926934,-4.54935091388,-4.76292185302,-3.91411667601,-4.56205868445,-4.93405780563,-4.63351823232,89cbc391
257,10_easy_full,blocking,-4.12214481163,-3.45480628265,-3.97790951988,-3.50763417426,-3.87786479282,-4.03584904453,-3.96139080848,92a70054
258,10_easy_full,blocking,-2.09319482604,-1.24031503463,-1.24031503463,-1.88253509213,-1.60174929503,-1.60174929503,-2.09319482604,9ae751bc
259,10_easy_full,density,-4.4410281938,-3.0555504948,-3.65056120424,-3.02121552235,-3.58818727877,-4.19432556561,-3.81889332746,abdacc98
260,10_easy_full,blocking_dens,-2.64113324423,-2.32061142486,-2.17163636999,-2.51228734644,-2.31581415143,-2.27772554765,-2.64821620649,acc6e9d4
261,10_easy_full,blocking,-3.83839750376,-2.7968425818,-3.24377045602,-3.16194009512,-3.35068002387,-3.54375604188,-3.64939037189,b4a4f22a
262,10_easy_full,density,-4.76665036475,-5.26586120054,-4.27570555988,-3.76136116795,-3.98817742639,-4.84830805929,-3.90308271131,b8a4fbaa
263,10_easy_full,density,-5.48506564683,-4.73567420286,-4.84796602132,-3.90124031718,-4.64218857364,-5.27491596721,-4.8377715843,b9bbef4c
264,10_easy_full,blocking_dens,-3.43138170583,-3.36559407481,-3.07262783573,-3.07267623281,-3.13250735207,-3.12293474928,-3.37385253354,c0dfd341
265,10_easy_full,blocking_dens,-3.72897556275,-3.40445421719,-3.06463851816,-3.18656559031,-3.25971273947,-3.40720591545,-3.56347874944,c6aad6d0
266,10_easy_full,blocking_dens,-2.33434237405,-1.63434701803,-1.49225561539,-2.33477034636,-1.81096097465,-1.85446602436,-2.30284746793,c8c4f85a
267,10_easy_full,density,-4.61278257748,-4.60080452939,-4.0110115196,-3.22441172332,-4.0045967698,-4.45296908321,-4.116188385,cccfd3ac
268,10_easy_full,blocking_dens,-3.44401728752,-3.17912193785,-2.50047825379,-3.06556544732,-2.58932996965,-3.16422317224,-2.8704334786,cff10c9a
269,10_easy_full,density,-4.7756012653,-4.1804064545,-4.38025403946,-3.78688234069,-4.32547595242,-4.60858507298,-4.47795420647,d0e6841e
270,10_easy_full,density,-4.13584390225,-4.2152645445,-3.64306481004,-3.5053372752,-3.65554617326,-4.00573193899,-3.7438519851,d4cbca4e
271,10_easy_full,density,-4.01732970109,-3.57373707428,-3.58509015991,-3.24609376638,-3.63114618478,-3.90425305004,-3.73586587059,dacfd3d4
272,10_easy_full,blocking,-2.69848726154,-1.90311727689,-1.90311727689,-2.85531898935,-2.1670303914,-2.1670303914,-2.69848726154,daf74d3f
273,10_easy_full,interaction_dens,-2.78420030903,-2.92189467828,-2.54509158243,-2.69633490919,-2.51854535319,-2.55632905368,-2.72833405642,e6abcdb2
274,10_easy_full,blocking,-3.33796401459,-2.22009440805,-2.24278328488,-2.39662117418,-2.39758471891,-2.94134087181,-2.75050383074,f1fbe0de
275,10_easy_full,density,-4.93482982098,-4.55931759109,-4.23962402983,-4.16969432697,-4.36516151397,-4.71867299668,-4.55938218804,f5dac888
276,10_easy_full,density,-3.93425431758,-4.04802174844,-3.75745019091,-3.26730739811,-3.87840603509,-3.71582099331,-4.03841208062,fedbec09
277,10_easy_pruned,linear,-4.64872816094,-4.98923164265,-5.05336875606,-4.79418069045,-5.02086627296,-4.88796415254,-4.75993605005,2fd101b0
278,10_easy_pruned,density,-4.66567220569,-4.66337339831,-4.17859006286,-3.5800916639,-4.14238382926,-4.65861832804,-4.11224818113,3ab7160d
279,10_easy_pruned,blocking_dens,-4.02780238828,-3.70449177322,-3.51280889011,-3.85656959297,-3.55890135307,-3.90120236009,-3.65399398219,43dbc360
280,10_easy_pruned,blocking_dens,-3.71855557388,-3.13584119838,-3.0563061693,-3.5322287017,-3.15493403939,-3.41396425105,-3.4042558367,46c12352
281,10_easy_pruned,density,-5.04353531994,-4.72950110444,-4.39662180841,-3.51981791641,-4.32867130762,-5.03236068389,-4.31598827899,47dbc824
282,10_easy_pruned,density,-4.22710715009,-4.46660884305,-3.96182541996,-3.47978139145,-4.00294447442,-4.20550054286,-3.99646201293,4ecfea32
283,10_easy_pruned,interaction_dens,-3.90988969538,-3.73280428629,-3.12817001567,-3.11211872894,-3.10743049523,-3.88532796494,-3.11626641069,5aebf3c2
284,10_easy_pruned,linear,-3.72635701116,-4.25437360264,-4.19441867126,-4.39306303319,-4.13409675366,-3.80394571101,-3.97704053637,76bfdf0b
285,10_easy_pruned,density,-4.34940381944,-4.40821726496,-3.71467379926,-3.33296179544,-3.77127763203,-4.2571910799,-3.83670774617,89cbfdf9
286,10_easy_pruned,density,-5.05135361439,-4.28731452556,-4.49678842113,-3.90615361392,-4.5615734846,-4.86349083018,-4.71847269148,8defd34b
287,10_easy_pruned,blocking,-2.49430948532,-1.85996172186,-1.98562823538,-2.34310234177,-2.08647556285,-2.04928953007,-2.51099556157,92f69945
288,10_easy_pruned,blocking,-3.47069849728,-2.87212206351,-2.87212206351,-3.16096152744,-3.1602102537,-3.1602102537,-3.47069849728,a2c12212
289,10_easy_pruned,density,-4.59929456163,-3.58594104049,-3.57331470009,-3.41859087189,-3.58912604846,-4.44908750996,-3.73273951902,a7bfd4fc
290,10_easy_pruned,blocking,-4.15202180328,-2.70902550535,-3.51558812627,-3.20057663451,-3.52072968782,-3.83473178458,-3.79715693629,b9e10f8b
291,10_easy_pruned,density,-4.27176469759,-4.59045506277,-4.07716435963,-3.65973168418,-4.04267272005,-4.28677146437,-3.99411539959,c3dfd812
292,10_easy_pruned,blocking,-2.34612954493,-1.88540387052,-1.9394909253,-2.3785718399,-2.14690474566,-1.89317357014,-2.53580254146,c7c6f18d
293,10_easy_pruned,density,-3.68108538651,-3.89768956809,-3.43285454626,-3.13406012582,-3.37775116331,-3.56130514476,-3.46497761797,cdc50047
294,10_easy_pruned,density,-4.94921915497,-5.20335599909,-4.61892737275,-3.86276096253,-4.58922753987,-5.03198718353,-4.47151509313,d5aff345
295,10_easy_pruned,density,-4.98830499774,-4.66253209302,-3.61517789416,-3.27061407009,-3.67832144197,-5.01849013383,-3.62426214508,e2bbe5e1
296,10_easy_pruned,interaction_dens,-4.12359533415,-3.41825685331,-2.8919739255,-3.13409464338,-2.85893982165,-4.01837997493,-2.94680562142,eec719ce
297,10_easy_pruned,blocking,-2.73180754054,-2.08504466581,-2.08504466581,-3.09741312638,-2.10797072579,-2.10797072579,-2.73180754054,f8efd664
298,10_easy_pruned,interaction_dens,-2.76158349454,-2.52266848951,-2.22001048282,-2.76747874364,-2.19633925535,-2.35453077308,-2.56096879762,fdc4f07b
299,10_medium_full,interaction,-2.54708841157,-2.32375351095,-2.57848408305,-3.22613189831,-2.54495815331,-2.24560920555,-2.77378062034,18c75602
300,10_medium_full,blocking,-2.14516159396,-1.75615057385,-2.36201034495,-3.20128995782,-2.58549257716,-1.95028901952,-2.73588224564,33bbca9a
301,10_medium_full,blocking_dens,-3.43798329376,-3.22538947219,-3.16413068969,-3.44975156703,-3.23754704978,-3.27336280476,-3.34952468627,38cbc1f6
302,10_medium_full,density,-3.99871197958,-3.9656775723,-4.15074731931,-3.31601559291,-4.11354543341,-4.16292076759,-3.97611124205,39b67ab6
303,10_medium_full,blocking,-3.09749216442,-2.84010313285,-3.25907028855,-3.43963439952,-3.35186634797,-3.04253245612,-3.37767196793,48ec02bc
304,10_medium_full,blocking,-2.79363518388,-2.5663437625,-3.06963551636,-3.55750469992,-3.18499983692,-2.63717532495,-3.28339065805,4cb73467
305,10_medium_full,blocking,-2.53420531557,-2.21010148971,-2.93487086562,-3.70401045452,-3.0073391205,-2.2926545149,-3.15840299077,4cffe209
306,10_medium_full,blocking,-2.8375128538,-2.67493673332,-3.26026174078,-3.7240819407,-3.36362997346,-2.75150879434,-3.42375799024,4de4f27d
307,10_medium_full,blocking,-2.91844538825,-2.76572860847,-3.27321123106,-3.68183121306,-3.36944142262,-2.79500823859,-3.44051811655,54d4fd9d
308,10_medium_full,blocking,-3.01678289454,-2.80433928185,-3.085560076,-3.30308852044,-3.17534272319,-2.91395338228,-3.24564781999,54f6b927
309,10_medium_full,density,-3.95080735418,-4.16646149665,-3.76316369865,-3.45649021253,-3.77884104385,-4.00001321981,-3.72738207647,76abf978
310,10_medium_full,blocking,-3.36464163641,-3.05335394727,-3.55423024171,-3.85071370057,-3.63551109041,-3.18469966848,-3.74404462092,81a10227
311,10_medium_full,blocking_dens,-3.6527801444,-3.31582685731,-2.94105614385,-3.69485226006,-3.12169592807,-3.49646664153,-3.27800943093,85e50169
312,10_medium_full,blocking,-2.51612016991,-2.34960911227,-2.83946793613,-3.66559779281,-2.90204636041,-2.3725267582,-2.99665451797,93c70cc1
313,10_medium_full,blocking,-3.30876472994,-2.92271629435,-3.40983656794,-3.77836593803,-3.42852735325,-3.28628524467,-3.45353925695,a0a4f4ea
314,10_medium_full,blocking,-2.82853857922,-2.42288486708,-3.0752482092,-3.25778248986,-3.05757590827,-2.68155815752,-3.18706868908,a7b511d6
315,10_medium_full,blocking_dens,-3.68393286877,-3.51081736341,-3.22661583815,-3.42481724707,-3.28964774661,-3.58499050635,-3.36921499455,b0d5043d
316,10_medium_full,blocking_dens,-3.43036153508,-3.18854431468,-3.08124512545,-3.95369942679,-3.13872268703,-3.24602187625,-3.26770683156,b3dbd892
317,10_medium_full,blocking,-3.15645614012,-2.82716498816,-2.92358604746,-2.87313820564,-2.85825417513,-2.96032606694,-3.00607409202,b9bbc96c
318,10_medium_full,blocking,-2.90929615282,-2.64991792072,-3.00068386395,-3.56475171601,-3.09560932885,-2.68943372801,-3.24309436559,c6c100be
319,10_medium_full,interaction,-2.46431614499,-2.27622860755,-2.76443973891,-3.40192105247,-2.76221119085,-2.18525175814,-2.94546198434,e0a10efa
320,10_medium_full,blocking,-3.28045090035,-2.95218649905,-3.29404949772,-3.9514491289,-3.39521194463,-3.09914329294,-3.5197762119,e3a4effd
321,10_medium_full,interaction,-2.63827904272,-2.41220244525,-2.8034800788,-3.45667645917,-2.80734275422,-2.39503670106,-2.96378353957,f8e11654
322,10_medium_pruned,blocking,-2.34712362872,-1.90153996129,-2.57376270782,-3.35786912299,-2.82423227441,-2.15200952788,-3.01934637525,19b680e2
323,10_medium_pruned,blocking,-4.76291290592,-3.68968052111,-4.36394519189,-4.40871523668,-4.3831767054,-4.71421465872,-4.41361626253,29e72a67
324,10_medium_pruned,blocking,-2.38415211639,-2.16237567854,-2.97071456881,-3.48384147655,-2.98428483773,-2.19722467192,-3.15020202563,33a74451
325,10_medium_pruned,blocking,-2.35841167833,-1.97724332108,-2.33361344549,-3.01204971732,-2.53258439579,-2.17621427139,-2.71478180274,43c516b5
326,10_medium_pruned,interaction_dens,-3.11525965693,-2.97841222667,-2.8998381155,-3.28757124549,-2.84890964756,-2.92748375874,-3.03668554576,43cad2c3
327,10_medium_pruned,blocking,-1.747008306,-1.41669309288,-2.04089992895,-2.71400111622,-2.1695352621,-1.54532842603,-2.37121514206,4fba815c
328,10_medium_pruned,blocking,-3.72332604033,-3.55549613803,-3.70851342141,-4.22203872208,-3.77611645896,-3.61816084408,-3.82483044779,5efbf191
329,10_medium_pruned,blocking,-1.70724144646,-1.27069218771,-1.94291493425,-2.6888721038,-2.17728423109,-1.50506148455,-2.379464193,6db76212
330,10_medium_pruned,interaction,-2.80853231791,-2.90343973888,-3.56508213724,-4.03466721804,-3.53989374441,-2.65697041977,-3.61266624033,76f6a1e9
331,10_medium_pruned,blocking,-3.38212148092,-3.02518048652,-3.38260071075,-3.60415386595,-3.35743167308,-3.31897089985,-3.39840009692,93ebead7
332,10_medium_pruned,blocking,-1.82999003655,-1.45532972215,-2.39601681447,-3.25286470349,-2.41362969123,-1.6577574744,-2.61400024284,94a4f5d4
333,10_medium_pruned,blocking,-1.52469809674,-1.18609988249,-2.37776747861,-3.18410875711,-2.48620628574,-1.29453868961,-2.71636569287,95e69707
334,10_medium_pruned,interaction,-2.46500794104,-2.39843595992,-2.77785654391,-3.34543347327,-2.73410895291,-2.2743633635,-2.89696776741,9da51cdd
335,10_medium_pruned,blocking,-2.96507813535,-2.86832001058,-3.00839610023,-3.421593715,-3.13029842822,-2.9196200064,-3.18928472955,9dd11e8e
336,10_medium_pruned,blocking,-1.88363161945,-1.55435852609,-2.52534693774,-3.32153583951,-2.61836155104,-1.64737313938,-2.85462003111,a9cbcabb
337,10_medium_pruned,blocking_dens,-3.67489346235,-3.18035543593,-2.67174112985,-3.50663119556,-2.86122690264,-3.36984120872,-3.16627915627,abd12ee2
338,10_medium_pruned,interaction,-3.00926355142,-2.86940451728,-3.15233056654,-3.72008460094,-3.20658458263,-2.84585183017,-3.3515602425,b0c6f3a8
339,10_medium_pruned,blocking,-2.02032553745,-1.77280829416,-2.39701513023,-3.24063322088,-2.44173739347,-1.8175305574,-2.64453237352,bdd7483e
340,10_medium_pruned,blocking,-2.40796482107,-2.11155290984,-2.54668191184,-3.55139505677,-2.58112839906,-2.14599939706,-2.84309382307,cefc077d
341,10_medium_pruned,blocking,-3.34454638045,-2.98491368449,-3.39809676357,-3.79156065931,-3.43902092033,-3.33992581344,-3.44622181617,d0f687f1
342,10_medium_pruned,interaction,-2.37495720095,-2.3309786149,-2.99368233228,-3.35217322273,-3.03227056987,-2.21178250158,-3.17059550759,daa11f50
343,10_medium_pruned,interaction,-1.76720954181,-1.58395604015,-2.50832486828,-3.31438515901,-2.49187897033,-1.46057973656,-2.75617042461,e9b10766
344,10_medium_pruned,blocking,-2.84307839785,-2.6240115406,-2.90416700292,-3.58065185072,-3.04512773941,-2.69839279312,-3.18495128289,ecefd3a0
345,10_medium_pruned,interaction,-2.57998956892,-2.46279830994,-2.9105218429,-3.30874559129,-2.91418806872,-2.38254678951,-3.11174912507,eefbf52d
