,blocking,blocking_blind,board,density,heuristic,interaction,interaction_blind,linear,userid
0,-4.42473102824,-3.35675163326,6_hard_full,-2.10012951729,density,-4.53569986024,-3.36319017561,-4.56991689117,11d4bf94
1,-2.32386960504,-2.1379179142,6_hard_full,-2.47411664368,interaction_blind,-2.09399886022,-1.99353584314,-2.14338609735,14b4c043
2,-1.67268306384,-1.90115450585,6_hard_full,-2.81367872801,blocking,-1.82425586284,-1.96718486268,-1.94114860851,14c5dc72
3,-1.38873040051,-1.87656725202,6_hard_full,-2.54585899417,blocking,-1.40817373868,-1.83467077937,-1.54061051675,17b4c1ea
4,-2.27202344137,-2.55437424114,6_hard_full,-2.76707756346,interaction,-2.12605182837,-2.50010228142,-2.14575938179,17e120dd
5,-2.5619854393,-2.50034174291,6_hard_full,-2.53322914658,blocking_blind,-3.01728607558,-2.9472634684,-3.25279942483,18dac9ef
6,-1.85561469694,-1.86405834688,6_hard_full,-1.97981344244,interaction_blind,-1.83418821026,-1.6902696576,-1.82807909791,20bfd7bd
7,-3.26270651056,-2.84282831133,6_hard_full,-3.53559194932,blocking_blind,-3.203103977,-2.94607882126,-3.10180315655,22dac859
8,-2.2391906021,-1.48692137064,6_hard_full,-2.6554589885,blocking_blind,-2.29140506169,-1.59658218738,-2.3665944478,24a5e25a
9,-3.0379224229,-2.26879295272,6_hard_full,-2.48426307347,interaction_blind,-2.89593889578,-2.1699703627,-2.68842362604,24b61c03
10,-2.06617154861,-1.78147449689,6_hard_full,-3.02792554643,blocking_blind,-2.17697410453,-1.90674347047,-2.27996249072,24f4c091
11,-1.56048438509,-1.47451288717,6_hard_full,-2.78501124224,blocking_blind,-2.26294819685,-2.1839266743,-3.10682632106,25a611ff
12,-5.65809957778,-5.63509869904,6_hard_full,-4.22913235413,density,-5.74031807529,-5.77728951263,-5.43221011516,25b60fb4
13,-1.85677011077,-1.72527404953,6_hard_full,-2.20533170312,blocking_blind,-1.95625791862,-1.81479885362,-1.82109905707,25c4c0ab
14,-1.26776995891,-1.33754463314,6_hard_full,-2.517373954,blocking,-1.27435985224,-1.49138116343,-1.48543941441,26dbf6e9
15,-2.56689915682,-2.52907068212,6_hard_full,-3.08180998693,interaction_blind,-2.66831337168,-2.45171784547,-2.6700319305,31e63b91
16,-2.01937116261,-1.75375209427,6_hard_full,-2.91852115405,blocking_blind,-2.09054211029,-1.86802428207,-2.15486155001,32ebf2e8
17,-2.61676133897,-2.78217720982,6_hard_full,-2.31500761299,interaction,-2.30521906587,-2.4252395705,-2.38009980568,37f60bbc
18,-3.61658044144,-3.55714143081,6_hard_full,-2.84358915735,density,-3.95580981462,-3.89078851211,-4.1014378848,37f61258
19,-1.9412408053,-1.61189416123,6_hard_full,-2.70674786013,blocking_blind,-2.14192688666,-1.88463959677,-2.1656074569,38ebbf94
20,-2.15148207043,-2.04290157072,6_hard_full,-2.43380371764,interaction_blind,-1.88649546616,-1.81835280998,-1.88011620475,3af4bfbb
21,-1.06756799553,-1.31120541252,6_hard_full,-2.9072846387,blocking,-1.13265905556,-1.40000399407,-1.40581466637,3bb613b2
22,-1.09108893312,-1.20138079726,6_hard_full,-2.54315768195,blocking,-1.09836596863,-1.25119440712,-1.33118466792,3cd60baf
23,-1.61754703204,-1.55768546395,6_hard_full,-2.88664509886,blocking_blind,-1.79918138102,-1.7278733388,-1.93340300713,3df11bae
24,-1.56048438509,-1.47451288717,6_hard_full,-2.78501124224,blocking_blind,-2.26294819685,-2.1839266743,-3.10682632106,3ed61f8d
25,-1.76564050827,-1.45728724605,6_hard_full,-2.68024207064,blocking_blind,-1.86032707361,-1.62011988448,-2.02441596826,43c60cd9
26,-2.42897920364,-2.11418423317,6_hard_full,-2.9638072055,interaction_blind,-2.18446947994,-1.88753867999,-2.1992972688,44a4fa14
27,-1.98233945119,-2.04913324297,6_hard_full,-2.81904732735,blocking,-2.08671737978,-2.20603558544,-2.2399197809,47f614be
28,-1.16506599768,-1.15059671792,6_hard_full,-3.05721020534,blocking_blind,-1.47629014093,-1.50008892653,-1.74822754767,49e6113d
29,-2.83159286861,-1.64284943368,6_hard_full,-2.58673675959,interaction_blind,-2.56624760052,-1.49696489114,-2.36648895129,4af5df5d
30,-1.34489692769,-1.37440361545,6_hard_full,-2.81994892053,blocking,-1.50073334035,-1.54007676374,-1.73185662282,4ed4c1d3
31,-0.671880809707,-0.63313817792,6_hard_full,-2.88958227096,blocking_blind,-0.893778873442,-0.851824192427,-1.2304135793,50c60ba6
32,-1.99973412476,-2.14126497735,6_hard_full,-2.94347418962,interaction,-1.85019810987,-2.06835390061,-1.90250830411,53c4c041
33,-0.985122021802,-1.0355520515,6_hard_full,-2.5530413114,blocking,-1.05303141096,-1.12687155764,-1.30567932436,54f4bf95
34,-2.40148943837,-2.87623670455,6_hard_full,-2.82374528366,blocking,-2.74889136615,-2.96672856494,-2.7652675509,55f5fe54
35,-1.05344187664,-1.03543468803,6_hard_full,-2.52757743833,blocking_blind,-1.1619938638,-1.13588614477,-1.41549011615,57a4bf4b
36,-2.6637984841,-2.396906109,6_hard_full,-2.54656159815,blocking_blind,-2.85669141708,-2.59342603113,-2.91801749657,5ce612bc
37,-0.671880809707,-0.63313817792,6_hard_full,-2.88958227096,blocking_blind,-0.893778873442,-0.851824192427,-1.2304135793,5dd4c056
38,-2.18894945462,-2.29124451051,6_hard_full,-2.86043799038,interaction,-2.06211048331,-2.20280888574,-2.16137469755,5edbbf73
39,-1.56048438509,-1.47451288717,6_hard_full,-2.78501124224,blocking_blind,-2.26294819685,-2.1839266743,-3.10682632106,5fd6115c
40,-3.93243881774,-1.9406498823,6_hard_full,-2.41217777345,blocking_blind,-3.78988331347,-2.05125822629,-3.76774263868,63c4bfcb
41,-1.60184023703,-1.49354600888,6_hard_full,-2.7297203661,blocking_blind,-1.75826722165,-1.64718958903,-2.00151616104,63e5efe1
42,-1.78252885902,-1.68469717067,6_hard_full,-3.29411521841,blocking_blind,-2.03464977347,-1.82485305521,-2.22203793632,64f61543
43,-3.05508092653,-2.71727747155,6_hard_full,-3.41703190423,blocking_blind,-3.14658043774,-2.79710757742,-3.0083850396,67eac875
44,-2.14380397706,-1.75225540491,6_hard_full,-2.59440617021,interaction_blind,-2.08474629949,-1.75207418603,-2.15047835358,68d5e249
45,-1.75258211308,-2.23357053195,6_hard_full,-2.87342445641,blocking,-1.78803217466,-2.21099958019,-1.85927765181,69bad0fe
46,-2.30028298488,-2.23526039613,6_hard_full,-2.812470899,interaction_blind,-2.12925533438,-2.08123462803,-2.17347302509,6bf51f66
47,-2.40723781543,-2.56585750968,6_hard_full,-2.99930971326,linear,-2.41589145173,-2.48677055209,-2.28498263234,6ee61190
48,-1.88444997196,-1.74519204496,6_hard_full,-2.75441948263,interaction_blind,-1.85587745683,-1.59763789998,-1.90089388348,70da8cfb
49,-2.41976097323,-2.5812586172,6_hard_full,-3.59872617458,blocking,-2.81464108383,-2.965559774,-2.76795228969,72f4c145
50,-3.45789259583,-3.62056332631,6_hard_full,-3.19455516733,density,-3.6369980851,-3.84507908504,-3.68729281568,74b60b9f
51,-2.06026053548,-1.47568696553,6_hard_full,-2.80167604095,blocking_blind,-2.26825035171,-1.84066294523,-2.35418647073,76e60f84
52,-0.888244918687,-0.853759049062,6_hard_full,-2.55119630782,blocking_blind,-1.03590488783,-0.997798657145,-1.31046595729,78f60c95
53,-2.14374340133,-2.94812239081,6_hard_full,-2.62474539077,blocking,-2.18841355599,-2.86440230133,-2.164911951,7bf4bf38
54,-1.82969207017,-1.8092401617,6_hard_full,-2.75618008944,blocking_blind,-2.03572550135,-2.01289615158,-2.29187798733,84a4bf3c
55,-1.83239190015,-2.08028712198,6_hard_full,-2.80103999536,interaction,-1.70823759147,-1.96871188538,-1.76919786468,87b50908
56,-3.40342643558,-3.35224619908,6_hard_full,-3.80858746145,linear,-3.38119987046,-3.62669752176,-3.31049263644,87f4bf56
57,-2.17407542475,-2.198610727,6_hard_full,-2.34337224192,interaction_blind,-2.19920371317,-1.98497055635,-2.0891136388,87f610ee
58,-1.9445250008,-1.84963088853,6_hard_full,-2.75984952706,blocking_blind,-1.97326615865,-1.8649152199,-2.06918516647,89d60ba4
59,-2.31471735834,-1.97053112452,6_hard_full,-3.1339282274,blocking_blind,-2.4103637571,-2.14372432696,-2.59516633313,8ac4c37c
60,-1.64390606479,-1.5966616294,6_hard_full,-2.49340091215,interaction,-1.50709921177,-1.51672965501,-1.61248043063,8ea4bf56
61,-1.82674356251,-1.7712628604,6_hard_full,-2.97910031392,blocking_blind,-1.92419750991,-1.92695954859,-2.07230038629,8fc76287
62,-4.06220789776,-3.68929343017,6_hard_full,-3.01442662834,density,-3.95456057602,-3.57524113588,-3.80211654266,8fcbec83
63,-2.28134887707,-2.85068423911,6_hard_full,-3.25150935427,blocking,-2.29369349382,-2.73781146406,-2.3530128037,90c60de8
64,-4.46324589598,-2.56900554565,6_hard_full,-2.77621210575,interaction_blind,-4.57649853039,-2.36939921345,-4.31165277472,91a61ead
65,-1.74834078087,-1.64468364908,6_hard_full,-2.70541546536,blocking_blind,-1.80575477078,-1.71882947762,-1.9633078042,91cfd7fb
66,-2.52548809004,-2.62819506241,6_hard_full,-3.04614559361,blocking,-2.56298677081,-2.67601062611,-2.55767802458,92b722f3
67,-2.19570243938,-2.03434016726,6_hard_full,-2.95222688293,interaction_blind,-2.15599795949,-2.01547459742,-2.27739747071,94d6ef33
68,-2.69286327308,-2.87349201114,6_hard_full,-3.37788703458,blocking,-2.77492468072,-2.86104889473,-2.7588387967,94e4c554
69,-3.75647865851,-2.79014933875,6_hard_full,-3.51477902193,interaction_blind,-3.50250314769,-2.6416221168,-3.44896990303,98c4bf54
70,-2.93499596653,-2.89145635024,6_hard_full,-2.48736221188,density,-2.75030373474,-2.89037638128,-2.73451398191,9adbc2df
71,-3.13241866375,-3.71009897329,6_hard_full,-3.08434230928,density,-3.22415027812,-3.66069899483,-3.09564392334,9dc50a3d
72,-2.31822387053,-1.77860687806,6_hard_full,-2.57006311388,interaction_blind,-2.21560659263,-1.75273538965,-2.13658397514,9df60bf8
73,-3.73803434007,-3.68102522526,6_hard_full,-1.84196834272,density,-3.92638618314,-3.86730608694,-4.27038376654,a2f6ba1d
74,-2.5515166459,-1.73047302267,6_hard_full,-2.87310152669,blocking_blind,-2.59489072408,-1.86900152206,-2.67543562343,a3d4c3b2
75,-2.93642809234,-2.71488308603,6_hard_full,-2.74962088946,blocking_blind,-2.94810378979,-2.76738349691,-2.91711363235,a3d5dfda
76,-2.82269879519,-3.28713340507,6_hard_full,-2.84929846136,blocking,-2.97938300125,-3.19739955543,-2.93743701105,a4c60d7a
77,-1.82621528198,-1.77654250944,6_hard_full,-2.88020478465,interaction_blind,-1.93411345327,-1.76917485212,-2.03541818673,a6f610e1
78,-4.08344514329,-3.80110415563,6_hard_full,-2.98767336741,density,-4.23346816703,-3.76454394854,-4.00852864365,acd61c3d
79,-2.5541350948,-2.22971776107,6_hard_full,-3.0280683396,blocking_blind,-2.66320961676,-2.32453662497,-2.70032681888,ada4c06f
80,-2.98544891608,-2.23457865033,6_hard_full,-3.16007957985,blocking_blind,-2.95909494508,-2.32589335151,-2.99009283408,b0d518a1
81,-2.24205427124,-2.38665617146,6_hard_full,-2.78559714322,interaction,-2.21336823072,-2.3241335439,-2.26643255746,b2d60bc9
82,-1.76918662716,-2.28230833764,6_hard_full,-3.18343857387,blocking,-1.8249903381,-2.25775303886,-1.86926263019,b7a4fe27
83,-2.23705250529,-1.67816730705,6_hard_full,-2.08838958304,interaction_blind,-1.98779305636,-1.48431878928,-1.90316894627,b8e4bf48
84,-1.15137042421,-1.24052495474,6_hard_full,-2.38551809776,blocking,-1.18885369981,-1.29843196596,-1.40897428129,bae515f2
85,-1.56048438509,-1.47451288717,6_hard_full,-2.78501124224,blocking_blind,-2.26294819685,-2.1839266743,-3.10682632106,bca5dc5e
86,-3.02830031792,-2.77907093391,6_hard_full,-3.40319480011,blocking_blind,-3.11714353217,-2.89798206283,-3.07125694346,bcdfd2df
87,-1.8467957275,-1.82356995478,6_hard_full,-2.90955574038,blocking_blind,-2.02902606089,-2.04884524026,-2.32240594508,bed50a1d
88,-2.15436006407,-1.83464270389,6_hard_full,-2.6608557725,blocking_blind,-2.14791698128,-1.85607546215,-2.29019416581,bfa60c8b
89,-1.97252122122,-2.0674409146,6_hard_full,-2.93818808151,linear,-1.94944264981,-1.94745628096,-1.94661145254,bfe4c87d
90,-1.53533712088,-2.06060904567,6_hard_full,-2.64653195557,interaction,-1.51108288869,-2.06975562217,-1.65392626207,c0f60e45
91,-2.66365558316,-2.62093660367,6_hard_full,-2.78501124224,interaction_blind,-2.35211331006,-2.26399896435,-2.43385554898,c5e4c4a5
92,-5.21425101672,-4.3752364403,6_hard_full,-3.38015034399,density,-5.28539557372,-4.53616976418,-5.30279630571,c6b4c141
93,-3.52481383675,-2.73994427239,6_hard_full,-3.015469877,blocking_blind,-3.62969886226,-2.86636015092,-3.57854864265,c6b60d63
94,-2.18540663556,-2.79879749284,6_hard_full,-3.06542779697,blocking,-2.24632451738,-2.81168201368,-2.31747224004,c7a61295
95,-3.32032143591,-1.99372969232,6_hard_full,-2.85776254748,interaction_blind,-3.25080111899,-1.93907029675,-3.19337388421,c7a67aab
96,-2.86192702832,-2.57543962449,6_hard_full,-2.93807466515,interaction_blind,-2.87311744056,-2.51614571018,-2.87775482238,c8a4fa50
97,-1.93528104896,-2.76288917724,6_hard_full,-2.82196165896,blocking,-2.14290181044,-2.80371724948,-2.24495400555,c8f4c13d
98,-1.86622243176,-1.82021698011,6_hard_full,-2.81266813549,blocking_blind,-2.28335221031,-2.2226241821,-2.53653245035,cab61023
99,-2.58091263989,-2.10694181888,6_hard_full,-2.83073150785,interaction_blind,-2.52125624694,-2.08480024742,-2.46915176438,cceac8ca
100,-2.63201022651,-2.20233470873,6_hard_full,-2.74359224801,blocking_blind,-2.67199171928,-2.23416233913,-2.574064755,cee4bfa4
101,-2.99272605415,-2.90859523499,6_hard_full,-3.50173070519,blocking_blind,-3.10554566028,-3.01400721878,-3.09391656965,cfc5dcb3
102,-0.910927858674,-0.853632648796,6_hard_full,-2.78655207551,blocking_blind,-1.6340856809,-1.55409278791,-1.69212594667,d2a60bac
103,-5.23954097472,-3.87721296678,6_hard_full,-3.99737725352,blocking_blind,-5.33455329276,-4.08314561336,-5.16497521291,d8f6387b
104,-2.73254316846,-1.99897878122,6_hard_full,-2.76570369514,interaction_blind,-2.67259593079,-1.803398104,-2.62246292581,dbe71b15
105,-2.71025009978,-1.71435496607,6_hard_full,-2.47573453549,interaction_blind,-2.57676801518,-1.54569504008,-2.52778817478,dcc4f10e
106,-2.00320219542,-2.11752719715,6_hard_full,-2.58445746002,blocking,-2.16500144189,-2.17751179214,-2.28217650776,dfcbf407
107,-2.42043887837,-2.49500252014,6_hard_full,-2.63266336395,blocking,-2.43355797614,-2.59583623489,-2.47868682727,dfe6bee3
108,-1.04711554331,-1.0190306548,6_hard_full,-2.82826896125,blocking_blind,-1.42353477267,-1.38471209583,-1.66986613464,e0d4bfdf
109,-2.33838665424,-2.23932961332,6_hard_full,-2.44853900562,interaction_blind,-2.02684438114,-1.882391974,-2.17407389134,e9c4c917
110,-3.27061516224,-3.09389337932,6_hard_full,-3.80599361941,linear,-3.15469697831,-3.25114122643,-3.08381716895,ead61455
111,-2.12650075178,-2.08684591441,6_hard_full,-2.88868895357,blocking_blind,-2.27160100422,-2.23011521868,-2.42098152182,ebc61801
112,-2.6407039688,-2.29808969854,6_hard_full,-2.91146802572,interaction_blind,-2.42955759047,-2.15054828276,-2.34102609496,eec7360c
113,-3.23678930731,-3.32631237965,6_hard_full,-3.53700481869,blocking,-3.3018410944,-3.5187090565,-3.41018347104,efebc5bb
114,-3.81407779348,-2.34829084135,6_hard_full,-2.8830383877,interaction_blind,-3.74641437014,-2.1257085046,-3.8472836286,eff4bf48
115,-1.30058710824,-1.32125700701,6_hard_full,-2.82197166772,blocking,-1.37418851298,-1.43301700186,-1.62024648761,f1e613a1
116,-2.18184014284,-2.23932961332,6_hard_full,-2.60268968544,interaction,-1.87029786975,-1.882391974,-2.01053631443,f1ebd0b7
117,-1.93277384614,-2.01392168904,6_hard_full,-2.92412345349,blocking,-2.10537331551,-2.06891507478,-2.13239675597,f2f60bd9
118,-2.47833669937,-3.04469769608,6_hard_full,-2.75673806697,blocking,-2.61395919399,-2.95729521264,-2.5769628084,f3dbeb7e
119,-2.27642905632,-2.82553808911,6_hard_full,-2.77084630302,blocking,-2.41759316373,-2.68100978995,-2.32161758173,f4a6108e
120,-3.24729998452,-3.50502689017,6_hard_full,-3.46689230569,linear,-3.33614895338,-3.50299276114,-3.16312532519,f6fbf6b1
121,-3.66981726816,-2.32732465046,6_hard_full,-3.08115452157,blocking_blind,-3.59849269577,-2.47231679419,-3.64222775268,f7b4bfae
122,-3.85985111917,-4.69270361917,6_hard_full,-3.83091072736,density,-4.02038758105,-4.48911535504,-3.91227079245,f8d60bcb
123,-3.6209570266,-3.17564936492,6_hard_full,-3.02753768247,density,-3.61605631602,-3.10565957717,-3.31371973668,fac10d6e
124,-3.83444894983,-4.04138661972,6_hard_full,-3.89013461989,linear,-3.79314119732,-3.86539100908,-3.58220090403,fac6126a
125,-1.81669195056,-1.91635227035,6_hard_full,-2.89119510503,interaction,-1.81438945424,-1.92071122039,-1.9001964506,fde4bf4b
126,-2.61676133897,-2.78217720982,6_hard_full,-2.31500761299,interaction,-2.30521906587,-2.4252395705,-2.38009980568,ffa4c00b
127,-2.93386292529,-3.06202001106,6_hard_full,-3.23030154814,blocking,-2.9739543543,-3.1448317336,-3.17102807122,fff4bf68
128,-4.60196277582,-1.70375085338,6_hard_pruned,-2.41797445562,interaction_blind,-4.63943066752,-1.54807777093,-4.5764322348,11a64b43
129,-2.05724873794,-2.00417209454,6_hard_pruned,-2.25092436278,interaction_blind,-2.0578277311,-1.87402674371,-1.9799085111,11a64d17
130,-2.00923047831,-2.13764697471,6_hard_pruned,-2.94482942658,blocking,-2.03777527679,-2.1196559447,-2.07972291669,11e652f7
131,-1.0855454751,-1.73537461939,6_hard_pruned,-2.50231457414,blocking,-1.28671550721,-1.74052626383,-1.40211116026,14d64999
132,-1.24797067476,-1.64191522334,6_hard_pruned,-2.94738253509,blocking,-1.39687816595,-1.83196949022,-1.65695582917,16d516ad
133,-1.35534697513,-1.29661831962,6_hard_pruned,-2.95017490404,blocking_blind,-1.6330872429,-1.53128484752,-1.84896529803,1dac01e7
134,-2.95834887624,-2.39432942765,6_hard_pruned,-3.04681655553,blocking_blind,-3.16211749353,-2.54793061644,-3.1872979225,25b4e27c
135,-2.05118022183,-1.93365325933,6_hard_pruned,-2.5802667521,interaction_blind,-2.02189770444,-1.86464950557,-2.00345391577,25cfdeaf
136,-2.04843147029,-1.61538514397,6_hard_pruned,-1.95621020642,interaction_blind,-1.70663069079,-1.42060046734,-1.68223500987,28e6483c
137,-2.86243451154,-2.27494901295,6_hard_pruned,-3.09795697114,blocking_blind,-2.92058835641,-2.50086235792,-2.91463449455,2ab4ecbb
138,-2.32205431358,-2.3294665015,6_hard_pruned,-2.84966747681,blocking,-2.45541263053,-2.37253423298,-2.42336336647,2afbbf79
139,-3.076305803,-1.91157934972,6_hard_pruned,-2.59829111085,interaction_blind,-2.76680307866,-1.75734954575,-2.4628999392,2ca66220
140,-2.08693838457,-1.61581443465,6_hard_pruned,-2.87293630093,blocking_blind,-2.2360296551,-1.77396451562,-2.39310705532,2cb650ed
141,-2.58504843797,-2.48981447608,6_hard_pruned,-2.47552030648,linear,-2.30820573081,-2.36563800284,-2.23676152657,2fa647f5
142,-2.04770554159,-1.77441197598,6_hard_pruned,-2.64053199194,blocking_blind,-2.10407225646,-1.86162850213,-2.06341475231,2ff50f64
143,-2.90239474408,-2.87453523179,6_hard_pruned,-3.12765971269,linear,-2.8681549623,-2.938639257,-2.78689752254,30c4e230
144,-3.89226036492,-2.8751880607,6_hard_pruned,-2.93547765245,interaction_blind,-4.02425153812,-2.73962382327,-3.74299853821,30e4feac
145,-2.58165281368,-2.11508285836,6_hard_pruned,-1.92716689445,density,-2.28441476692,-1.95276229451,-2.26663881691,33e649bd
146,-0.628536256572,-0.591490871654,6_hard_pruned,-2.72931509306,blocking_blind,-0.798700783447,-0.755768534537,-1.10121374681,3ad4e7d3
147,-2.05883694247,-2.02796578837,6_hard_pruned,-2.69821694767,blocking_blind,-2.20064071487,-2.16486384078,-2.452734851,3ef64929
148,-1.51750743221,-1.41204639649,6_hard_pruned,-2.57768838324,blocking_blind,-2.2340433067,-2.09342135547,-3.18320359102,3fa64b7b
149,-2.34130013718,-1.92241335798,6_hard_pruned,-1.93751221769,interaction_blind,-2.02226074717,-1.75476676578,-2.06320614703,40e4e2b8
150,-2.74046441734,-2.77351260644,6_hard_pruned,-2.90470652645,blocking,-2.79936014368,-2.79232883875,-2.8352239668,43e64821
151,-2.32291824247,-1.69656550123,6_hard_pruned,-2.21662241055,interaction_blind,-2.05667894641,-1.48066988242,-1.92429155423,44a65230
152,-1.62412291223,-1.77107203869,6_hard_pruned,-2.19242808032,interaction,-1.44262310049,-1.60646833623,-1.44548126577,45b64f9c
153,-2.06099652371,-1.63481642857,6_hard_pruned,-1.91974589506,interaction_blind,-1.70741924194,-1.43012118333,-1.68572348561,49c72e9b
154,-2.46088213033,-3.29873741135,6_hard_pruned,-2.62342455873,blocking,-2.81592716746,-3.38260698363,-2.99764916418,4bca7fc9
155,-2.27405033953,-2.17686312264,6_hard_pruned,-2.42353770341,interaction_blind,-1.93791840141,-1.79188665516,-2.06399736722,4ca649a6
156,-2.35108289808,-2.72755057838,6_hard_pruned,-2.8619096667,blocking,-2.48586035148,-2.68136139675,-2.44767008756,4ca65156
157,-2.7128490332,-1.81982709577,6_hard_pruned,-2.57594387082,interaction_blind,-2.67528784512,-1.70457361601,-2.66377450187,4cb651bd
158,-2.27446673408,-1.82984312582,6_hard_pruned,-2.75358729051,blocking_blind,-2.41291561934,-1.87780843825,-2.53500293422,4ed4e40b
159,-2.10944880168,-2.03531700564,6_hard_pruned,-2.86576372436,blocking_blind,-2.18884334288,-2.13269760789,-2.26088426545,4ee64c2a
160,-1.93325587391,-2.70020125999,6_hard_pruned,-2.59926792006,blocking,-2.00919760818,-2.48705300574,-1.96067915601,51a4e32d
161,-3.39139071749,-2.80005518181,6_hard_pruned,-3.12110823004,blocking_blind,-3.61433738199,-2.90494528897,-3.72977529888,53a654e5
162,-3.03182783091,-2.7758037047,6_hard_pruned,-2.72993878371,density,-2.98880136885,-2.75044316604,-3.07518776738,53d65632
163,-2.33513452492,-2.61690919779,6_hard_pruned,-2.97631589581,blocking,-2.44775406459,-2.51416452773,-2.37778485276,59d4e268
164,-2.52664055229,-2.47553769871,6_hard_pruned,-2.52451299768,interaction_blind,-2.52485541077,-2.47325043482,-2.68362384729,5adff9a5
165,-1.58889168892,-1.71804138419,6_hard_pruned,-2.44921327439,interaction,-1.52184597841,-1.69259233782,-1.57670181446,5dbfe29c
166,-0.798033430496,-0.763897742721,6_hard_pruned,-2.50223681702,blocking_blind,-0.921141642575,-0.881258659391,-1.18278633572,5dd4e3a2
167,-3.35789600487,-3.68595288413,6_hard_pruned,-2.86200282508,density,-3.34898949784,-3.54646132372,-3.2725714659,5fa651bb
168,-3.08483950616,-2.81647128437,6_hard_pruned,-3.19492171769,blocking_blind,-3.09772120965,-2.9110825017,-3.0441024912,61e65cc1
169,-4.1182860545,-3.07157851686,6_hard_pruned,-3.65583403464,interaction_blind,-4.12687597127,-2.84952245653,-3.9128977598,65afea1f
170,-1.07202351584,-1.03883566438,6_hard_pruned,-2.12377302362,blocking_blind,-1.12427369463,-1.08523486336,-1.31658595503,65e519cb
171,-3.06940197968,-2.48753550571,6_hard_pruned,-3.02711798287,interaction_blind,-2.97697917779,-2.48358661671,-2.91690958349,65f4e348
172,-2.95860584071,-2.72435914098,6_hard_pruned,-3.46461307203,interaction_blind,-2.93746253213,-2.67892656991,-2.79613053769,67f4ea8a
173,-3.56714464972,-2.15188146143,6_hard_pruned,-2.52719735706,interaction_blind,-3.43566204775,-2.04920001334,-3.41757118332,67f64a50
174,-2.6895309973,-2.01205137917,6_hard_pruned,-2.67148328046,blocking_blind,-2.81228570071,-2.22347459448,-2.78091407962,68c659b8
175,-0.919102840441,-0.887045507769,6_hard_pruned,-2.34003804842,blocking_blind,-1.00859939909,-0.970894462857,-1.24105247065,6bb10472
176,-2.60761414588,-3.49282529852,6_hard_pruned,-3.12986941119,blocking,-2.8366954307,-3.67425327585,-2.79129601124,6bb4e746
177,-2.39773808767,-2.19460370804,6_hard_pruned,-2.72104770674,interaction_blind,-2.45944423894,-2.15441334512,-2.396092347,6dd103e2
178,-3.00646035626,-2.47498968205,6_hard_pruned,-3.07961383241,blocking_blind,-3.02811052614,-2.59707452644,-3.04765179351,6de4e267
179,-1.51750743221,-1.41204639649,6_hard_pruned,-2.57768838324,blocking_blind,-2.2340433067,-2.09342135547,-3.18320359102,74e11ee8
180,-4.35868121358,-3.72130210938,6_hard_pruned,-3.06866640093,density,-3.96820749166,-3.38650259324,-3.55583355917,7da4f147
181,-1.67267289032,-1.78713939263,6_hard_pruned,-2.48018810467,blocking,-1.6831820754,-1.69668462164,-1.68879671154,7dd704e0
182,-2.94749949195,-3.18796617884,6_hard_pruned,-3.0219884927,linear,-2.96393356825,-3.03970266585,-2.82516980388,7df4e828
183,-0.908167577479,-0.871093826183,6_hard_pruned,-2.34003804842,blocking_blind,-1.00739591075,-0.964242171849,-1.23828214783,80f4e933
184,-1.02159585031,-1.16094081873,6_hard_pruned,-2.4022736293,interaction,-1.00155218485,-1.09587012417,-1.13286106815,81c11c9f
185,-3.1123654609,-2.39837664021,6_hard_pruned,-3.00061411173,interaction_blind,-3.10202052303,-2.32983382822,-3.05385764728,82a4e284
186,-2.68125618068,-2.07706425493,6_hard_pruned,-2.38334306613,interaction_blind,-2.45089706532,-1.90261075375,-2.33959453432,83c64bf9
187,-2.53929214453,-2.34532014752,6_hard_pruned,-2.72451033474,interaction_blind,-2.47141623932,-2.30842105775,-2.4720242834,84f4e263
188,-1.74136000498,-1.79618406999,6_hard_pruned,-2.7288861588,blocking,-1.84071996938,-1.92279173166,-1.83503833965,85b4e5c4
189,-2.2376268227,-1.62972188647,6_hard_pruned,-2.4514425547,blocking_blind,-2.21641165584,-1.6363907946,-2.31863549214,92a74a76
190,-2.43668480399,-2.36766661782,6_hard_pruned,-2.59177382172,interaction_blind,-2.10055286587,-1.98269015034,-2.19388819604,95a648a3
191,-1.62600302701,-1.89113459736,6_hard_pruned,-2.57758944114,linear,-1.59492865348,-1.7728333977,-1.47888008347,9be4eb1b
192,-4.75996848706,-2.7068729668,6_hard_pruned,-3.42800102212,interaction_blind,-4.78497022137,-2.70386998376,-4.72378904071,9dd66bae
193,-2.75719274321,-3.00459790611,6_hard_pruned,-2.688955743,density,-2.69283150593,-2.96988487572,-2.78284883573,a0d659c9
194,-3.26764613706,-3.11749147632,6_hard_pruned,-3.19042552812,blocking_blind,-3.40101255544,-3.17855381381,-3.35604128676,a0f4f1bf
195,-2.64909338545,-2.08431788786,6_hard_pruned,-2.54251479683,interaction_blind,-2.34919100469,-1.87867814922,-2.20338856121,a1e4e2c3
196,-2.13924220612,-1.7924688435,6_hard_pruned,-2.70271658489,interaction_blind,-1.87747674597,-1.53435133026,-1.99624645229,a2ebe618
197,-3.28080941316,-2.71345010993,6_hard_pruned,-1.84089639023,density,-3.27494138167,-2.55287862105,-3.27352119993,a3b4e28e
198,-3.79013377093,-3.72182955385,6_hard_pruned,-1.84144077338,density,-3.99193127618,-3.90778397855,-4.35185427882,a5a65415
199,-2.11494852357,-2.31015563715,6_hard_pruned,-2.74270985013,blocking,-2.22355005965,-2.24022458478,-2.26273083765,aafbd6ab
200,-2.95611926305,-2.58355070724,6_hard_pruned,-2.95210908384,blocking_blind,-3.14760645009,-2.65537792226,-3.01872566523,aed647d3
201,-1.60598520507,-2.10305601461,6_hard_pruned,-2.37984494007,interaction,-1.53847026262,-2.08966783119,-1.629397008,b0e1157c
202,-3.7806589718,-3.44726458305,6_hard_pruned,-3.31020054933,density,-3.75378675631,-3.34661230224,-3.54422403753,b2b4e2c1
203,-1.7821124791,-2.27335704598,6_hard_pruned,-2.62581690982,blocking,-1.91076781589,-2.15036567761,-1.91792162644,b2e4e98a
204,-2.08297355711,-1.3979832183,6_hard_pruned,-2.57518960756,blocking_blind,-2.09324572756,-1.44427432318,-2.21770771441,b8f4e433
205,-1.3023215387,-2.13168355061,6_hard_pruned,-2.70569463847,blocking,-1.58191898465,-2.08446585318,-1.50351548705,b9e512db
206,-3.3330372423,-3.38707605709,6_hard_pruned,-3.69724716987,blocking,-3.52710071434,-3.44195044565,-3.45661974409,bad4f1b5
207,-2.90741449927,-3.2860033151,6_hard_pruned,-3.56204551816,blocking,-3.19732245691,-3.44750903188,-3.24938163667,bae4ffc0
208,-1.99986697755,-2.09888362969,6_hard_pruned,-2.73051292392,blocking,-2.12360104702,-2.18240770588,-2.15902172055,bdf4e34a
209,-3.33056798756,-1.59551682568,6_hard_pruned,-2.33645634096,interaction_blind,-3.22430834837,-1.39158947557,-3.2389475839,bff4e70e
210,-3.81684191867,-3.70412132294,6_hard_pruned,-2.76000994003,density,-3.48070998054,-3.31914485546,-3.3753872838,c7a6593f
211,-2.14801685048,-1.52281437802,6_hard_pruned,-1.98598076173,interaction_blind,-1.88258374748,-1.30781614951,-1.79835095301,c7c4e29b
212,-2.44320556096,-1.83142936456,6_hard_pruned,-2.60381304089,blocking_blind,-2.52105513528,-1.8673819476,-2.54578100862,c7fffe38
213,-2.87347223009,-2.55198803999,6_hard_pruned,-2.60541369513,interaction_blind,-2.88044754566,-2.33278519869,-2.77685563501,c9f64da2
214,-0.791654527101,-0.754592595129,6_hard_pruned,-2.50223681702,blocking_blind,-0.920439607709,-0.877378156302,-1.18117031407,ccc4e27e
215,-2.23995808539,-2.17686312264,6_hard_pruned,-2.42353770341,interaction_blind,-1.90382614727,-1.79188665516,-2.02228741901,cdf65098
216,-3.13885190117,-2.94258216625,6_hard_pruned,-2.71153170589,density,-3.53601228079,-3.09231739949,-3.45514522866,ceb50693
217,-1.92294675596,-1.83413092172,6_hard_pruned,-2.08621313756,interaction_blind,-1.68413878661,-1.66825934854,-1.70286663296,d1e4eb09
218,-2.751483253,-2.04238384132,6_hard_pruned,-2.50304567874,interaction_blind,-2.49692743784,-1.9199993942,-2.51838562686,d2f65bb5
219,-3.68520531239,-2.0883841946,6_hard_pruned,-2.81704256383,blocking_blind,-3.5567180558,-2.09502176108,-3.50991373326,d4fac87b
220,-2.92004496605,-2.56469356728,6_hard_pruned,-3.1001156955,interaction_blind,-3.07746446858,-2.54400228822,-2.98870748403,d8a4f092
221,-2.13989566096,-1.92822495478,6_hard_pruned,-2.48795178099,blocking_blind,-2.22525685726,-2.01382344813,-2.21023695807,d8f4e4d9
222,-2.50175457258,-2.1612502737,6_hard_pruned,-2.22735224993,interaction_blind,-2.29974645249,-2.01560767116,-2.21611748203,daefd33a
223,-2.26421962044,-2.21247484314,6_hard_pruned,-2.20093111383,interaction,-1.96692503634,-2.0247995801,-2.02025947063,dbe65101
224,-4.15419113571,-3.6667785028,6_hard_pruned,-2.73752623634,density,-4.0682344429,-3.56669202454,-4.07890408734,dec64994
225,-4.002255574,-3.38602480125,6_hard_pruned,-3.09941896347,density,-3.86116685084,-3.32438066243,-3.8620400968,e0a737b6
226,-2.35189433617,-2.18649280646,6_hard_pruned,-3.17523563715,blocking_blind,-2.38610342233,-2.25487852829,-2.31396625301,e1a64c7d
227,-0.919102840441,-0.887045507769,6_hard_pruned,-2.34003804842,blocking_blind,-1.00859939909,-0.970894462857,-1.24105247065,e1e500d7
228,-3.0487043722,-2.48409860895,6_hard_pruned,-2.83635747523,interaction_blind,-3.10411054007,-2.3674414324,-2.86604983617,e2b655ad
229,-2.70255274343,-2.34571973007,6_hard_pruned,-2.48512045102,interaction_blind,-2.58171687494,-2.23973752546,-2.56590957729,e5d4e9ce
230,-1.64622124889,-1.53099221953,6_hard_pruned,-2.1514430373,blocking_blind,-1.62436911693,-1.6066024643,-1.61268543771,e5d4fef8
231,-2.55242502426,-2.71971071914,6_hard_pruned,-2.17222327513,density,-2.21629308614,-2.33473425167,-2.27002328156,e6f649a1
232,-2.86905606046,-1.94940306493,6_hard_pruned,-2.61033789446,blocking_blind,-2.95427771101,-2.07161356642,-2.97772112785,e9dbbf8a
233,-2.27778124264,-2.32562056769,6_hard_pruned,-2.65432734394,blocking,-2.36657619335,-2.39645854423,-2.58166911815,e9e64bef
234,-1.51750743221,-1.41204639649,6_hard_pruned,-2.57768838324,blocking_blind,-2.2340433067,-2.09342135547,-3.18320359102,eba732b3
235,-2.13070089476,-1.70724432645,6_hard_pruned,-2.09041723003,interaction_blind,-1.81951143836,-1.54716085918,-1.7861552906,ebc64a59
236,-0.953094314085,-0.918883299957,6_hard_pruned,-2.51720913114,blocking_blind,-1.07197285003,-1.03222381796,-1.31264734821,f0c4e26c
237,-2.63641395217,-2.28433780815,6_hard_pruned,-2.87936274823,interaction_blind,-2.59448086323,-2.15118513759,-2.41212843421,f1f65080
238,-3.01549712515,-2.25301161254,6_hard_pruned,-2.85684884986,blocking_blind,-3.02573207672,-2.36288898059,-2.99745628477,f6b64ced
239,-2.23995808539,-2.17686312264,6_hard_pruned,-2.42353770341,interaction_blind,-1.90382614727,-1.79188665516,-2.02228741901,f6f64b11
240,-3.85126972495,-4.00559763714,6_hard_pruned,-2.57768838324,density,-3.51513778683,-3.62062116966,-3.45364385703,f8bbc519
241,-3.312272252,-3.09515906744,6_hard_pruned,-3.32846098732,blocking_blind,-3.34144201544,-3.22224196841,-3.23083432059,fcaffad4
242,-3.8470587163,-2.79267864189,6_hard_pruned,-2.76367488447,density,-4.00268062709,-2.83493994417,-3.84584567826,fdaa7ebb
243,-2.14108439991,-2.1443235847,6_hard_pruned,-2.37939549271,interaction_blind,-2.1295638294,-1.99801515813,-2.04908286137,fde4ef33
244,-2.2720740705,-2.59814859441,6_hard_pruned,-2.97101929003,linear,-2.20553644774,-2.41596129766,-2.1586323935,fde6491d
245,-2.34333982987,-1.53077670607,6_hard_pruned,-2.78224107615,blocking_blind,-2.33766984552,-1.73983577462,-2.45715668405,fef4eae9
246,-2.63341439136,-2.37077743644,10_hard_full,-3.7497144084,blocking_blind,-2.69107167488,-2.38281968369,-3.14224849151,13f4ff5a
247,-2.71520600084,-2.88459338777,10_hard_full,-3.02042488614,interaction,-2.56517318769,-2.703950654,-3.16234437052,1cdbeb89
248,-1.19735166496,-1.14345467109,10_hard_full,-3.33062249487,blocking_blind,-1.29321699237,-1.23657597188,-1.85412763782,1df6940e
249,-2.79683062768,-2.62096786438,10_hard_full,-3.50653854052,interaction_blind,-2.75725105668,-2.59089691656,-3.1519930606,1ff4f828
250,-2.84794043959,-2.91736927171,10_hard_full,-3.55904964252,blocking,-2.97752508086,-3.00411746021,-3.26363829194,21abc061
251,-4.64503363039,-3.62061270255,10_hard_full,-3.85768820699,blocking_blind,-4.66236961152,-3.69193084356,-4.71808950474,23dbc11c
252,-2.71520600084,-2.88459338777,10_hard_full,-3.02042488614,interaction,-2.56517318769,-2.703950654,-3.16234437052,26dbf473
253,-1.17444407371,-1.11526380124,10_hard_full,-3.26844296287,blocking_blind,-1.27581935477,-1.21436438996,-1.84547405499,28e67c08
254,-1.18887226986,-1.1249262466,10_hard_full,-3.30440314159,blocking_blind,-1.43379078676,-1.36520093153,-1.92869243215,2fb4f99a
255,-3.18963794986,-2.55132364783,10_hard_full,-3.8802735162,blocking_blind,-3.22833595273,-2.59209527973,-3.54085856108,34b12db9
256,-1.94340692538,-1.87770571361,10_hard_full,-3.3327743943,blocking_blind,-2.08211092355,-2.01473624163,-2.71046572586,65f68460
257,-3.60595146015,-2.7247727248,10_hard_full,-3.77458663272,blocking_blind,-3.80341288696,-2.7715431423,-4.03623432751,75ffd9e8
258,-3.59582326579,-2.96632638781,10_hard_full,-3.81817479937,interaction_blind,-3.54993295308,-2.96617493051,-3.73345851936,7cf6845b
259,-2.16008264682,-1.7613562792,10_hard_full,-3.51557081817,blocking_blind,-2.29292272431,-1.80539743673,-2.77937541597,84dbf4f9
260,-1.77027303456,-1.64237699006,10_hard_full,-3.24356843746,blocking_blind,-2.14630825884,-2.01860750894,-3.35299092172,87cfed83
261,-3.06427800298,-2.60965462387,10_hard_full,-3.59389771081,blocking_blind,-3.10248616278,-2.64980338354,-3.28695570484,8bc69c49
262,-1.19735166496,-1.14345467109,10_hard_full,-3.33062249487,blocking_blind,-1.29321699237,-1.23657597188,-1.85412763782,92e6f512
263,-1.66853795917,-1.55481178839,10_hard_full,-3.24117610372,blocking_blind,-1.67807542438,-1.59182631714,-2.22644922503,98d105c1
264,-1.8902190347,-2.26463078192,10_hard_full,-3.37432777598,blocking,-1.9249002133,-2.30806893919,-2.31116947403,9befd8ad
265,-2.62104244557,-2.33698180482,10_hard_full,-3.94166743856,blocking_blind,-2.69531464731,-2.45129664349,-3.06924956012,a3eacaa9
266,-2.80431075144,-2.9808876514,10_hard_full,-3.65679951667,blocking,-2.85741532595,-2.95109549728,-3.05296508035,a4f74985
267,-1.26293346296,-1.20081616966,10_hard_full,-3.5035688292,blocking_blind,-1.3792380687,-1.31295402123,-1.93648562345,abc728e1
268,-2.3858870438,-2.14541192535,10_hard_full,-3.45747050011,blocking_blind,-2.37188401372,-2.17831659213,-2.77769353159,aceaccbc
269,-3.22815701877,-2.8347993345,10_hard_full,-3.97655372419,interaction_blind,-3.12191118273,-2.75507073057,-3.36161918551,add50f98
270,-2.19083759374,-2.12654046732,10_hard_full,-3.22116539779,blocking_blind,-2.78677854168,-2.70727410225,-3.61866911815,b1ebd3b5
271,-3.56582898807,-4.13684730769,10_hard_full,-3.91554522085,blocking,-3.57128543498,-4.03899703113,-3.70991231343,b5b6dcbc
272,-2.10215695755,-1.78227267694,10_hard_full,-3.26959642265,interaction_blind,-2.13912078614,-1.76572814506,-2.49691624464,d2ac158a
273,-3.14838025012,-2.46435422917,10_hard_full,-3.86184653126,interaction_blind,-3.11838910259,-2.4180368345,-3.35823066848,edf12206
274,-3.34522415855,-2.23290228167,10_hard_full,-3.77127035821,blocking_blind,-3.35968216432,-2.24125638393,-3.63250260644,f0ebc21e
275,-3.8760771793,-2.65362680509,10_hard_full,-3.93053050159,blocking_blind,-3.9904803681,-2.75466366234,-4.07265591914,f6fbf7bf
276,-4.01539995979,-3.66698111333,10_hard_full,-4.07517888624,blocking_blind,-4.07820033041,-3.71970433924,-4.2494074963,f7ebbfe9
277,-2.65423087759,-1.72522448884,10_hard_pruned,-3.24195436571,interaction_blind,-2.58809946845,-1.5803674809,-3.10561587499,13b7468e
278,-2.80628827744,-2.32986309394,10_hard_pruned,-4.06296669416,blocking_blind,-2.79908442232,-2.35204870935,-3.00910123994,13dbbfb8
279,-2.28185487407,-2.3057433906,10_hard_pruned,-3.58876330994,blocking,-2.49866421518,-2.49832155,-2.86895313633,16f6e58d
280,-3.94668606491,-2.95714954868,10_hard_pruned,-3.27085311937,interaction_blind,-3.94820098855,-2.89206024997,-4.09492273758,18a695e2
281,-2.79562781263,-2.7319528767,10_hard_pruned,-3.02521444855,blocking_blind,-2.93147629339,-2.85966239876,-3.49578956293,1bd72c42
282,-2.80121424487,-2.30631527385,10_hard_pruned,-3.43904527257,blocking_blind,-2.82216682475,-2.33919077929,-3.16210537152,28d4fefb
283,-3.07906106853,-2.70969310209,10_hard_pruned,-3.54733858693,blocking_blind,-3.11614829174,-2.77552814052,-3.40215561957,31f6a576
284,-1.96818569448,-1.91981610605,10_hard_pruned,-2.896488814,blocking_blind,-2.01394986668,-1.96179318498,-2.48816639468,32fad07f
285,-2.80106482889,-3.02558866825,10_hard_pruned,-3.35034621845,blocking,-2.89680177133,-2.95053713382,-3.27372791453,41bad9a2
286,-4.98610423341,-3.2092828648,10_hard_pruned,-3.82309960016,interaction_blind,-5.02453383786,-3.15014644023,-4.95372488816,4bfffc8c
287,-3.64915471852,-3.62014710516,10_hard_pruned,-3.98225261268,blocking_blind,-3.90293803079,-3.65385492187,-3.9959469926,50f6b001
288,-1.27182968421,-1.21740801935,10_hard_pruned,-2.99653751006,blocking_blind,-1.34490790048,-1.28723201705,-1.89931667085,5bc4f225
289,-4.04893811503,-4.14562758975,10_hard_pruned,-3.6859451374,density,-4.03261550401,-4.1602980549,-3.91188346294,77ba7edc
290,-2.25734121485,-2.25080497052,10_hard_pruned,-3.56506614722,blocking_blind,-2.45277710227,-2.37058209076,-2.81468245234,7dea8d37
291,-3.19251571755,-3.25281593677,10_hard_pruned,-3.63700733706,blocking,-3.32557690259,-3.28899262254,-3.48672314859,7ef11f8d
292,-1.88810733581,-1.74462460685,10_hard_pruned,-3.37874749064,blocking_blind,-1.95455622316,-1.82338459495,-2.46940073565,8aa6d830
293,-2.30179009736,-3.02723998706,10_hard_pruned,-3.55384731357,blocking,-2.53127567831,-3.17261599841,-2.90247403518,8ea50714
294,-1.90424388911,-2.35430822395,10_hard_pruned,-3.4126736725,blocking,-1.98066902335,-2.34825960946,-2.36423098178,98c10b8a
295,-2.94441988501,-3.48050354503,10_hard_pruned,-3.49212991011,blocking,-3.17334145478,-3.45147715343,-3.42472836983,acdac85f
296,-3.38496494029,-2.62885960448,10_hard_pruned,-3.50236854507,interaction_blind,-3.30608439036,-2.60642438179,-3.54343917556,b8bac8b7
297,-0.806262995948,-0.750757909666,10_hard_pruned,-3.4001485274,blocking_blind,-0.913531456998,-0.85389286559,-1.57358576913,bacbc468
298,-1.98079515737,-1.66761106115,10_hard_pruned,-3.75005033537,blocking_blind,-1.983908738,-1.6900875387,-2.39939953619,bcf51783
299,-3.91592831581,-3.81655537311,10_hard_pruned,-2.17834118016,density,-4.07343776538,-3.9681400611,-4.80143327518,c2cbff2e
300,-3.2536517475,-3.22542913313,10_hard_pruned,-3.55091751112,interaction_blind,-3.34842486809,-3.17358724816,-3.39912575224,cce7504c
301,-2.68890228548,-2.20133295079,10_hard_pruned,-3.35834512726,blocking_blind,-2.80775484589,-2.28014092852,-3.23792671483,cdc514e1
302,-4.12394161227,-3.52648763691,10_hard_pruned,-3.71788756149,blocking_blind,-4.16768680824,-3.5426020945,-4.1790343357,d1cac84b
303,-3.00999204787,-2.40149055037,10_hard_pruned,-2.50572413597,interaction_blind,-3.0711710073,-2.33394244508,-3.296736727,d9e4f7e5
304,-2.7930946797,-2.5634875635,10_hard_pruned,-3.53083250147,interaction_blind,-2.88378061947,-2.53145019653,-3.18398793973,e2b10de5
305,-2.48440257172,-1.97497527146,10_hard_pruned,-3.59147539981,blocking_blind,-2.55508637379,-2.12683362099,-2.99611741953,e6efec72
306,-1.99785491145,-2.81126981635,10_hard_pruned,-3.54466342891,blocking,-2.1688235501,-2.84429971874,-2.56539562873,edfff93e
307,-2.9561900634,-2.14564050646,10_hard_pruned,-3.78085127817,blocking_blind,-2.97698437789,-2.16215193563,-3.10147592787,efd4fa4a
308,-4.14288841496,-2.83070771042,10_hard_pruned,-3.61737580688,interaction_blind,-4.21684328485,-2.70230664927,-4.19457684797,f3f4f4ae
309,-2.8052992166,-2.70462189434,10_hard_pruned,-3.41514276344,blocking_blind,-2.8132372766,-2.747647968,-3.33731212202,f4c4f33c
310,-1.96675902462,-1.630936953,10_hard_pruned,-3.48751678745,blocking_blind,-2.1195379578,-1.78846628046,-2.61120288868,fcb764e3
311,-4.14722376171,-4.86214339655,6_easy_full,-3.08468516996,density,-4.07196904632,-4.72230927264,-4.07542346535,12eacae6
312,-1.20659332834,-0.974761490346,6_easy_full,-2.58112618583,blocking_blind,-1.4947639929,-1.14099579184,-1.62551835357,25dfef96
313,-1.49287871127,-1.73177680663,6_easy_full,-2.73549839858,blocking,-1.76878749023,-1.73814648512,-1.86545689457,2aabe76a
314,-3.76129679417,-3.44266234138,6_easy_full,-3.12218711267,density,-3.91487923474,-3.31575085275,-3.76586740989,2bcfe659
315,-3.62209962978,-4.13563365909,6_easy_full,-3.00298131343,density,-3.72892742103,-4.0667201497,-3.66662103918,32b10037
316,-3.14449716979,-2.59314107991,6_easy_full,-3.07655488052,interaction_blind,-2.99858618322,-2.1472582142,-2.83670526238,34cffc40
317,-0.626977080011,-0.580854135454,6_easy_full,-2.49549609619,blocking_blind,-0.743816069056,-0.587104428139,-0.913038863779,38abe966
318,-3.32195291179,-3.6740170274,6_easy_full,-2.32242933901,density,-3.09045716473,-3.84918918617,-3.23718239371,3acff9fa
319,-0.827866464885,-0.785293525092,6_easy_full,-2.3692543647,interaction_blind,-0.880162713726,-0.73557067524,-1.01119179186,3bac0799
320,-2.58250959054,-4.92766635447,6_easy_full,-2.90194902692,interaction,-2.34613247954,-4.64291187502,-2.35146789968,3fcbc0ab
321,-1.7107623279,-3.2774693524,6_easy_full,-2.71937152441,interaction,-1.56104285897,-3.1625044285,-1.67329826116,40a74de0
322,-3.45797546459,-2.93875201338,6_easy_full,-3.02632744515,interaction_blind,-3.25322462645,-2.61431490573,-3.06154447883,4ed755f1
323,-2.50966651661,-4.97207691565,6_easy_full,-2.92159365794,blocking,-2.53761283868,-4.78307211891,-2.54735546112,59d51c4c
324,-0.739526711259,-0.702120601321,6_easy_full,-2.27598757148,interaction_blind,-0.741726332877,-0.63560758856,-0.873359802927,5acfeabc
325,-2.9937248827,-3.6340235919,6_easy_full,-2.97207121553,linear,-2.83937392727,-3.43291803148,-2.71679391947,5de11557
326,-2.03964882678,-3.30175880795,6_easy_full,-2.57512041067,blocking,-2.14109329749,-3.20339525193,-2.17385355535,6bca8117
327,-3.12185729637,-4.31130076168,6_easy_full,-2.82533696135,density,-3.13078645792,-4.36800243696,-3.16132495669,86f6e2cb
328,-1.55904985873,-2.30826525345,6_easy_full,-2.75729587357,interaction,-1.52357767756,-2.086289125,-1.55495055497,8df4f6e8
329,-1.55259029281,-1.47189415201,6_easy_full,-2.42353770341,blocking_blind,-2.48161716088,-2.07094198087,-3.11399138634,9bf4f2c6
330,-2.81162099705,-5.21864445285,6_easy_full,-2.64368862285,density,-2.73108293349,-5.27777092383,-2.76108962016,9defd82d
331,-3.68364279298,-3.38048341056,6_easy_full,-2.79871122395,density,-3.93942477372,-3.30906213607,-3.85333691599,a6bff327
332,-0.679980174322,-0.640579265391,6_easy_full,-2.5553032979,blocking_blind,-0.825676317612,-0.681357980127,-0.98120948214,aedbea55
333,-3.55256852373,-3.90360361798,6_easy_full,-1.48487987921,density,-3.67430821133,-4.0881290568,-3.76242442064,b3e4f78d
334,-0.739526711259,-0.702120601321,6_easy_full,-2.27598757148,interaction_blind,-0.741726332877,-0.63560758856,-0.873359802927,b4abeb7e
335,-2.66060325229,-3.79259318555,6_easy_full,-2.77213889062,linear,-2.55845992755,-3.74656033749,-2.53310737083,b7eae04f
336,-4.10517365253,-4.05137622533,6_easy_full,-2.64603928673,density,-4.72452489791,-4.45074144457,-5.14610771489,b8a11f60
337,-3.42120973483,-3.53629181598,6_easy_full,-2.82851186471,density,-3.48978482615,-3.43680289397,-3.49552694525,cfd6ff5a
338,-3.72252682179,-5.79209991758,6_easy_full,-2.66203346106,density,-3.51930503268,-5.32508852124,-3.39956910051,d3b525de
339,-2.19074913355,-2.18276810284,6_easy_full,-2.50480987339,blocking_blind,-2.29368310318,-2.2194120998,-2.38238163313,d6b67ee1
340,-3.8968241827,-5.33138582439,6_easy_full,-2.69067755571,density,-3.9277565117,-5.27533748648,-3.89540957847,d6d500ab
341,-2.50171913252,-3.14049877866,6_easy_full,-2.79803288162,blocking,-2.55056492391,-3.01215759738,-2.50745361566,dabbe6bb
342,-3.69695006986,-6.42299360583,6_easy_full,-2.92631404104,density,-3.35714429976,-6.15721045932,-3.29947337947,efa7383d
343,-0.825917147664,-1.02297259215,6_easy_full,-2.44059852882,blocking,-1.01530844048,-1.10337309104,-1.18982043132,f9c123d7
344,-2.19573059782,-2.46186205161,6_easy_full,-2.45653110199,interaction,-2.01685379278,-2.27171353273,-2.06618976785,fda4f169
345,-1.96424173397,-2.05847411367,6_easy_pruned,-2.5055791841,blocking,-2.00718646813,-2.10457257923,-2.000594493,11dfe866
346,-0.743605701168,-0.707376375414,6_easy_pruned,-2.07897199755,interaction_blind,-0.688887268867,-0.622456062827,-0.850458040528,12ebbfd2
347,-1.70635236579,-2.4374181249,6_easy_pruned,-2.61572921356,blocking,-1.93418370043,-2.38774516285,-2.00023129483,16e512d0
348,-2.11998207634,-4.11242224655,6_easy_pruned,-2.54822656195,blocking,-2.28957834849,-4.06294084225,-2.29552596581,19a105e3
349,-4.215930658,-4.14656281462,6_easy_pruned,-1.77585381842,density,-4.88193299936,-4.75584757339,-4.98322329509,1de715c7
350,-2.28627393649,-2.22923757355,6_easy_pruned,-2.01007761431,density,-2.26309140302,-2.14830063197,-2.54389636609,1fdbc072
351,-3.74490450137,-3.21277972092,6_easy_pruned,-2.52519688241,density,-4.17474769591,-3.40046501868,-4.11094587991,2dca846d
352,-1.46682506842,-1.90172827259,6_easy_pruned,-2.17251231453,interaction,-1.40147352012,-1.81884794804,-1.50581529461,2dfbc35a
353,-2.96491315379,-2.505074432,6_easy_pruned,-2.25444382782,density,-2.99959934393,-2.44034678393,-3.0645708466,33b693e2
354,-0.977890567466,-2.86102169955,6_easy_pruned,-2.3688947263,interaction,-0.893669463607,-2.72390380993,-1.05498818451,33ebe68d
355,-3.29686079359,-3.25840534368,6_easy_pruned,-2.4216996967,density,-3.2922718761,-3.20655177404,-3.52478825958,46dad3ed
356,-1.93891912873,-2.45232034296,6_easy_pruned,-2.82955302859,blocking,-2.23399017161,-2.46845875049,-2.13794165607,48c70a00
357,-2.48594982186,-3.77286048484,6_easy_pruned,-2.65723919948,blocking,-2.83360019119,-3.80576750891,-2.81567889525,4dc50d03
358,-0.680242008782,-0.564875659067,6_easy_pruned,-2.74727091426,interaction_blind,-0.666475256324,-0.40931495015,-1.36402440676,4dfbc07c
359,-3.02967694487,-4.75842024532,6_easy_pruned,-2.65937928782,linear,-2.6817119815,-4.64572767027,-2.58593010193,55a709fd
360,-1.39013113034,-1.95842525241,6_easy_pruned,-2.17173990222,blocking,-1.54234582455,-1.98019743399,-1.66887692028,58e72ee8
361,-3.15596023252,-3.20598637749,6_easy_pruned,-2.56494935746,linear,-2.42307081309,-2.33130300161,-2.12616445881,62b5140d
362,-3.09247802414,-4.18902724551,6_easy_pruned,-2.6906680588,density,-3.11505827608,-4.21353758618,-3.15161875132,67abc3ab
363,-3.98337668489,-3.77654357841,6_easy_pruned,-2.69008111959,density,-3.97899014108,-3.73208030572,-3.70882006732,67abf219
364,-0.680242008782,-0.564875659067,6_easy_pruned,-2.74727091426,interaction_blind,-0.666475256324,-0.40931495015,-1.36402440676,6aa4f436
365,-2.36388213683,-1.61468354223,6_easy_pruned,-2.72395327307,blocking_blind,-2.73609883571,-1.65779036314,-2.72946866501,6cbbcdf7
366,-2.09096014837,-1.37781389025,6_easy_pruned,-2.68512087247,interaction_blind,-2.42502530465,-1.32007894231,-2.38536859522,6fc70a09
367,-2.59206531699,-2.27019766879,6_easy_pruned,-2.90772820086,blocking_blind,-2.89703326002,-2.33267470825,-2.85914329532,7acbc3e2
368,-1.72584159359,-1.6027475944,6_easy_pruned,-2.63178116402,blocking_blind,-1.79565889379,-1.62329067771,-1.82550505705,7cc119e0
369,-0.973232771416,-0.762524978135,6_easy_pruned,-2.31492253451,blocking_blind,-1.27341950311,-0.899851269883,-1.39848850764,7db4f1d2
370,-1.05814912483,-1.071344699,6_easy_pruned,-2.22302560197,interaction_blind,-0.958092145515,-0.931540146439,-1.05954495128,8ab71c6b
371,-0.85374858447,-0.772145425376,6_easy_pruned,-2.44890581539,blocking_blind,-1.30893890587,-1.16590866222,-1.4896255902,94abbfb2
372,-2.35885626723,-3.61902913308,6_easy_pruned,-2.60587461684,linear,-2.191233927,-3.54921480348,-2.1609592286,96afd320
373,-1.70839334173,-1.66566789186,6_easy_pruned,-2.00026616992,interaction_blind,-1.67247347748,-1.59314760788,-1.86737034219,9db10b00
374,-3.47021021772,-3.17800607159,6_easy_pruned,-2.9146555044,interaction_blind,-3.13115654154,-2.47825937088,-2.71955075391,adfac866
375,-0.308669068696,-0.25976701509,6_easy_pruned,-2.4718052998,interaction_blind,-0.247379509849,-0.149239231371,-0.500308372285,b7e510d3
376,-1.93407153427,-1.88668851895,6_easy_pruned,-2.28050139835,interaction_blind,-1.90583790156,-1.81709651037,-2.1177100104,c0cbeef2
377,-1.69671287069,-3.00759635118,6_easy_pruned,-2.17365105365,blocking,-1.82022154898,-3.09081451409,-1.89934434252,c8afed22
378,-0.729583671826,-0.686320720327,6_easy_pruned,-2.07897199755,interaction_blind,-0.692809936518,-0.620004050095,-0.849921058808,c9c757af
379,-1.73923302219,-3.94941308461,6_easy_pruned,-2.46675981601,blocking,-1.79523890289,-3.65829922839,-1.82533113526,d2d73ea5
380,-2.65969891466,-3.30550287533,6_easy_pruned,-2.71362391394,linear,-2.34761250953,-3.19201725567,-2.32879812861,dcfbe5af
381,-2.46637313869,-1.2797280878,6_easy_pruned,-2.32408461704,interaction_blind,-2.45660892732,-1.03045375086,-2.4512776267,ddb7456a
382,-3.20945236324,-2.47126490253,6_easy_pruned,-2.77681385207,interaction_blind,-3.34701706318,-2.45343579251,-3.33345119948,dfa705b9
383,-2.40018332316,-3.31068019348,6_easy_pruned,-2.94316005766,blocking,-2.57857855628,-3.20716002103,-2.6354920513,e1b100ae
384,-3.11629526962,-3.59862897564,6_easy_pruned,-2.69337214083,density,-3.31857594113,-3.70273941616,-3.2653769514,edbbcb60
385,-2.25682549741,-2.2841735484,6_easy_pruned,-2.63997550557,interaction_blind,-2.30319056293,-2.18874465746,-2.34907287736,edbbea2c
386,-0.680242008782,-0.564875659067,6_easy_pruned,-2.74727091426,interaction_blind,-0.666475256324,-0.40931495015,-1.36402440676,faafd1c6
387,-5.28746965209,-4.71666545338,10_easy_full,-4.23026518242,density,-5.13853701784,-4.54641876629,-4.67280846515,16ead0a0
388,-5.09528286953,-5.79985576849,10_easy_full,-4.77446400591,density,-5.2454463885,-5.88265646348,-5.03472383711,1de74153
389,-2.24538169025,-2.1021367619,10_easy_full,-3.31418600467,blocking_blind,-3.27106032356,-3.05245947621,-4.29982792484,1eebf908
390,-3.32221947794,-4.00917141346,10_easy_full,-3.61775310538,blocking,-3.36841455308,-3.98214529289,-3.72627224022,20a4fec4
391,-4.24471560305,-3.66095563562,10_easy_full,-3.96185634639,interaction_blind,-4.17269358549,-3.56312345599,-3.98836585661,23b6924e
392,-2.40182829848,-2.19012696416,10_easy_full,-3.82598174208,blocking_blind,-2.73391147681,-2.50948045883,-3.04553688414,26e680e4
393,-0.827655738438,-0.754702021098,10_easy_full,-3.71723842632,blocking_blind,-1.03690726349,-0.945343050657,-1.65580479391,2fe692a5
394,-1.53442880148,-1.32221665696,10_easy_full,-3.87924330677,blocking_blind,-1.91509749453,-1.6496747822,-2.36679825048,31b4fc9e
395,-3.00167941875,-3.91233673145,10_easy_full,-4.19885708339,blocking,-3.07516582772,-3.82701177602,-3.36611296393,37bffc4e
396,-1.67544669855,-1.60846546146,10_easy_full,-3.73234788986,blocking_blind,-1.99329841577,-1.91302255534,-2.43989356214,3ac5170c
397,-3.22821878607,-4.36981363694,10_easy_full,-3.47970502745,blocking,-3.37227199338,-4.40529719242,-3.53304703783,3dfad0f2
398,-3.97388629698,-3.53631739358,10_easy_full,-3.9320948905,interaction_blind,-3.88348650127,-3.42930774182,-3.65864333473,55c68fc5
399,-2.78651579908,-3.10730660998,10_easy_full,-4.15419615407,blocking,-2.9291951748,-3.13763797447,-3.22382303276,56e6f5d2
400,-3.27812397578,-3.21998276675,10_easy_full,-4.0980103456,blocking_blind,-3.39383450073,-3.25380974258,-3.46681502586,58d72aaf
401,-2.33431362447,-3.28689692737,10_easy_full,-3.60094466913,blocking,-2.57894489202,-3.4656463349,-2.76972874237,5cd6bb63
402,-2.16899972439,-3.01460274399,10_easy_full,-3.38559672955,blocking,-2.2526422245,-3.00400772557,-2.48281970733,67f69d24
403,-2.22884253333,-4.28160833314,10_easy_full,-4.17051381207,blocking,-2.25248743765,-4.09248503265,-2.52510226099,6ac7311a
404,-3.3311943064,-3.97371696741,10_easy_full,-3.60843641399,interaction,-3.30094515412,-3.8558993432,-3.42232068388,6cc4f8b6
405,-3.39009045257,-3.40959788976,10_easy_full,-4.18330938351,blocking,-3.51312662607,-3.46531409307,-3.60358976079,6cd50fc7
406,-2.32407150294,-2.30325155116,10_easy_full,-3.7603958405,blocking_blind,-2.6453145354,-2.49177111223,-2.8780859417,6dfbeafe
407,-2.59997913308,-4.07450473773,10_easy_full,-4.392860791,blocking,-2.72249078039,-3.93361151951,-2.93285536142,70bffd4d
408,-3.82839423105,-3.48412046972,10_easy_full,-3.94659203395,blocking_blind,-3.9225845404,-3.52678357039,-3.86133867804,72caeffe
409,-3.02362255468,-2.86329380806,10_easy_full,-3.95465468943,blocking_blind,-3.29775988036,-3.14788122,-3.5050466256,75bbec9c
410,-5.50864961562,-5.41594241328,10_easy_full,-4.3107370805,density,-5.71331504945,-5.57888166844,-6.05832332281,76c104da
411,-3.38973109319,-4.41948092273,10_easy_full,-4.48701393261,blocking,-3.42160712895,-4.17091031622,-3.49635450034,89cbc391
412,-1.25978678362,-1.19508471981,10_easy_full,-3.32676507382,blocking_blind,-1.33626568285,-1.2555941342,-1.9079977483,8de6a2af
413,-2.81358184719,-4.00595314588,10_easy_full,-4.21985047217,blocking,-2.84957367665,-3.91569476025,-2.97288063641,92a70054
414,-1.42075692298,-1.35360044824,10_easy_full,-3.91959210442,blocking_blind,-1.85195859733,-1.75904630132,-2.36005424121,9ae751bc
415,-3.96026257765,-5.65618609996,10_easy_full,-3.49513123322,density,-4.0806186478,-5.60222417094,-3.91511839872,a2d68973
416,-2.23946033721,-3.92713536439,10_easy_full,-4.09548115037,blocking,-2.4594562243,-3.84819793568,-2.65522093239,abdacc98
417,-2.51568741862,-2.21819241845,10_easy_full,-3.81521214754,blocking_blind,-2.71468688406,-2.40391428116,-3.03486778721,acc6e9d4
418,-4.80691685492,-4.79697232659,10_easy_full,-4.548519247,density,-5.00221011692,-4.87211113671,-4.77438088553,aefbe715
419,-2.59992879499,-3.23379009074,10_easy_full,-4.14298855509,blocking,-2.82898120612,-3.32771731522,-3.16831057903,b4a4f22a
420,-4.2951695752,-3.97777737057,10_easy_full,-3.90819159535,interaction_blind,-4.07378663038,-3.73318022236,-3.79263264913,b8a4fbaa
421,-3.09648315078,-4.34391783377,10_easy_full,-4.81755805497,blocking,-3.12826418475,-4.04181367675,-3.4035137837,b9bbef4c
422,-3.39550043859,-2.80033911926,10_easy_full,-3.83975492298,blocking_blind,-3.49700683866,-2.90303686133,-3.63300154026,c0dfd341
423,-3.33001354318,-2.83086657273,10_easy_full,-4.07236324522,blocking_blind,-3.54966652639,-3.05784723151,-3.79830053251,c6aad6d0
424,-1.88173971604,-1.65420411781,10_easy_full,-3.75732678812,blocking_blind,-2.25395472389,-2.01239250714,-2.73917651891,c8c4f85a
425,-4.20228653106,-4.31991946076,10_easy_full,-3.80579482386,density,-4.2371445238,-4.34958318796,-4.12997551304,cccfd3ac
426,-2.78073502107,-2.34325302421,10_easy_full,-3.8294570143,blocking_blind,-2.93057764061,-2.47918182575,-3.16940932706,cff10c9a
427,-3.55940136479,-4.2023522301,10_easy_full,-4.4033967289,blocking,-3.66306855561,-4.11906427627,-3.80641424548,d0e6841e
428,-3.98075748853,-3.44352056169,10_easy_full,-3.97519926509,blocking_blind,-4.03326608779,-3.4792296065,-3.93766448276,d4cbca4e
429,-2.41613330009,-3.27184681572,10_easy_full,-3.63633424677,blocking,-2.61969670157,-3.30650033215,-2.80743976758,d6c10e9a
430,-3.34580365905,-3.77472056043,10_easy_full,-3.97400100935,blocking,-3.48780596747,-3.83020806221,-3.47916548321,dacfd3d4
431,-2.06449082341,-1.9905475307,10_easy_full,-3.5388231942,blocking_blind,-2.3961201482,-2.29648585488,-2.98312836937,daf74d3f
432,-2.88363718828,-2.78743507595,10_easy_full,-3.37235022267,interaction_blind,-2.88194566207,-2.78684670409,-3.10041953403,e6abcdb2
433,-2.93595061895,-2.87425052406,10_easy_full,-4.10498820368,blocking_blind,-3.12258805119,-3.02810993141,-3.3216024009,e9bbf006
434,-2.42427452641,-2.91889743126,10_easy_full,-3.79416111029,blocking,-2.69266028248,-3.13009871108,-2.99739271866,f1fbe0de
435,-3.95232106192,-4.07891215378,10_easy_full,-4.24498244386,blocking,-4.14978288058,-4.23603620643,-4.34982619111,f5dac888
436,-3.62453212048,-4.79182081306,10_easy_full,-4.01327838235,linear,-3.57803343043,-4.53163415916,-3.43938203054,fcf4f6d3
437,-3.73468779107,-3.07574444135,10_easy_full,-3.94557690014,blocking_blind,-3.84620118617,-3.18451247013,-3.86360183261,fedbec09
438,-0.700299374277,-0.625385282304,10_easy_pruned,-3.79351209231,blocking_blind,-0.742118752785,-0.654018782532,-1.57695656028,29bff31a
439,-4.99569829582,-5.38628999854,10_easy_pruned,-4.1726749855,density,-5.08965464457,-5.37100514906,-4.74473585739,2fd101b0
440,-1.88851221433,-1.32392507483,10_easy_pruned,-3.9490275146,interaction_blind,-1.86293399719,-1.29830576816,-2.21386653936,39afd1eb
441,-3.77901818541,-3.91056144427,10_easy_pruned,-4.00432610301,linear,-3.75694410001,-3.88352326736,-3.59269505111,3ab7160d
442,-3.9969625261,-3.9102763532,10_easy_pruned,-2.36948736626,density,-4.40691448655,-4.30955322957,-4.92343445748,3ebbc051
443,-3.57323544401,-3.35640399304,10_easy_pruned,-4.0819232103,blocking_blind,-3.65576085034,-3.40911704958,-3.7685343671,43dbc360
444,-3.47074323749,-4.64473801923,10_easy_pruned,-4.69592454926,interaction,-3.28877145573,-4.43074098523,-3.73516588118,44b696ef
445,-3.72487664926,-3.46351018273,10_easy_pruned,-3.47555163632,blocking_blind,-3.83469891244,-3.57916157909,-3.9736882585,46c12352
446,-3.28054590724,-4.05746278375,10_easy_pruned,-4.33637009578,blocking,-3.39996773928,-3.96985977519,-3.4840702717,47dbc824
447,-1.36996023453,-1.30674779813,10_easy_pruned,-3.22521321055,blocking_blind,-1.38382972733,-1.31159897695,-2.02232883506,4eb4f441
448,-4.07917036702,-3.89478729111,10_easy_pruned,-3.77705895439,density,-4.11394823266,-3.94868356085,-4.0164144223,4ecfea32
449,-3.28401379767,-2.90569873746,10_easy_pruned,-3.1027256767,interaction_blind,-3.19840533998,-2.83684903307,-3.3704580638,4fb692a0
450,-3.08539366918,-3.07166749141,10_easy_pruned,-3.5350590083,linear,-3.07190454632,-3.04552001668,-3.01321487812,5aebf3c2
451,-4.30122083248,-3.42366011852,10_easy_pruned,-4.10179567865,interaction_blind,-4.26280744415,-3.36447042524,-3.9131051058,76bfdf0b
452,-3.97169265921,-3.39397085352,10_easy_pruned,-3.80383820254,blocking_blind,-4.05666137807,-3.46398584201,-4.06448887883,89cbfdf9
453,-3.13735313657,-3.97854699743,10_easy_pruned,-4.60819373333,blocking,-3.29172845484,-4.02157481359,-3.59353514527,8defd34b
454,-2.11645810806,-2.10648839373,10_easy_pruned,-3.52389528121,blocking_blind,-2.3886057391,-2.21548731239,-2.88486867688,92f69945
455,-3.01851826466,-2.94003885381,10_easy_pruned,-2.92686367655,density,-3.325982235,-3.23949651109,-3.69925814451,a2c12212
456,-3.2319037058,-4.53193790309,10_easy_pruned,-3.10539792086,density,-3.33218095952,-4.56739403297,-3.44278269543,a7bfd4fc
457,-1.35521395903,-1.29003801036,10_easy_pruned,-3.36384264666,blocking_blind,-1.38030558614,-1.3072181105,-2.01863475875,acb11b17
458,-1.87621989862,-3.58840176004,10_easy_pruned,-4.31170959182,blocking,-2.05902219442,-3.57592375856,-2.48550485671,b9e10f8b
459,-4.00344054048,-3.64741865419,10_easy_pruned,-3.82708416996,interaction_blind,-3.93533770424,-3.61407786782,-3.80692536652,c3dfd812
460,-2.18784526191,-1.87108488281,10_easy_pruned,-3.85619575382,blocking_blind,-2.41530746257,-2.0978413553,-2.84558472109,c7c6f18d
461,-3.62928349688,-3.16206840404,10_easy_pruned,-3.57278717555,interaction_blind,-3.60173483043,-3.14747242963,-3.66087272048,cdc50047
462,-2.96612659363,-2.94055118534,10_easy_pruned,-3.84775024162,interaction,-2.90787364759,-2.92949648402,-2.99173802545,ceafe698
463,-1.36996023453,-1.30674779813,10_easy_pruned,-3.22521321055,blocking_blind,-1.38382972733,-1.31159897695,-2.02232883506,cec10cc8
464,-4.59206708117,-4.35445397322,10_easy_pruned,-4.13522780807,density,-4.54586176745,-4.33198235716,-4.25986688048,d5aff345
465,-3.1523765947,-3.34195531732,10_easy_pruned,-3.2468541,blocking,-3.22912596386,-3.39978217078,-3.41642775635,e2bbe5e1
466,-2.85992149031,-3.19210186654,10_easy_pruned,-3.76049951985,blocking,-2.87071984165,-3.17455532815,-2.9021609756,eec719ce
467,-2.24789765757,-2.17820363637,10_easy_pruned,-3.19360314629,blocking_blind,-2.28532628875,-2.2062329686,-3.00377978625,f8efd664
468,-2.51632974907,-2.05706604499,10_easy_pruned,-3.43627062432,interaction_blind,-2.48821906712,-2.03760291908,-2.85651419592,fdc4f07b
469,-1.92045030679,-1.7495313943,10_medium_full,-4.16519191509,interaction_blind,-1.90815871666,-1.73898699027,-2.31704941137,18c75602
470,-2.29735960889,-2.18116377611,10_medium_full,-3.30636327899,interaction_blind,-2.13798271279,-2.0002677828,-2.79843282983,1debf4d1
471,-1.86934724999,-1.67156178817,10_medium_full,-4.50439275859,blocking_blind,-2.09618067602,-1.90371172282,-2.35730123303,33bbca9a
472,-2.32768897292,-2.13124745204,10_medium_full,-3.310165965,interaction_blind,-2.3050727132,-2.10228337163,-2.52373360769,34d51755
473,-2.18507463613,-2.01457849597,10_medium_full,-3.77963188078,blocking_blind,-2.28475107225,-2.04699935548,-2.58517747423,36ebe4da
474,-2.59491672228,-2.42980947349,10_medium_full,-4.24994435014,blocking_blind,-2.66571333599,-2.51434787389,-2.89505532687,38cbc1f6
475,-3.70090267814,-4.50311841234,10_medium_full,-3.15707943274,density,-3.75311368149,-4.45575058879,-3.79877781346,39b67ab6
476,-1.97619814145,-1.86000230866,10_medium_full,-3.64283551561,blocking_blind,-2.57502826,-2.43731333001,-3.07585780403,40f6b779
477,-2.51584860893,-2.56383882342,10_medium_full,-4.18814456103,blocking,-2.67994396572,-2.66515694041,-2.81654307129,48ec02bc
478,-2.39299875135,-2.115213141,10_medium_full,-4.41493294019,blocking_blind,-2.49515423877,-2.23896107373,-2.69950723519,4cb73467
479,-2.59006430841,-2.13813361906,10_medium_full,-4.11662859823,blocking_blind,-2.69305245586,-2.22333672778,-3.00136294694,4cffe209
480,-2.92920058229,-2.46463360356,10_medium_full,-4.36877488369,blocking_blind,-3.04735690765,-2.58180377392,-3.1994875807,4de4f27d
481,-4.12866995794,-4.04147882189,10_medium_full,-3.05504885071,density,-3.96929306183,-3.86058282858,-3.89926311687,4ffbe4e0
482,-1.97619814145,-1.86000230866,10_medium_full,-3.64283551561,blocking_blind,-2.57502826,-2.43731333001,-3.07585780403,53d72c88
483,-2.71838633207,-2.40471301556,10_medium_full,-4.57360498723,blocking_blind,-2.81047126643,-2.51020075399,-2.94871259531,54d4fd9d
484,-2.70179312213,-2.47942251525,10_medium_full,-4.00125416594,blocking_blind,-2.78440987245,-2.57536305928,-2.87612870702,54f6b927
485,-1.81420374773,-2.45941284772,10_medium_full,-3.65735851162,blocking,-1.98812543224,-2.3704723435,-2.31838243456,72e6961c
486,-3.94479967923,-3.78087948302,10_medium_full,-3.82267980362,blocking_blind,-3.93638033462,-3.7958709865,-3.79200653636,76abf978
487,-2.59697892786,-2.33981724725,10_medium_full,-4.49778582239,blocking_blind,-2.71816724361,-2.42990022258,-2.91097215801,81a10227
488,-4.03965994403,-4.3389002036,10_medium_full,-4.11806863353,linear,-4.03406884337,-4.3201803708,-3.85488650279,81a6c621
489,-2.24480057269,-1.86539921699,10_medium_full,-4.43812529649,blocking_blind,-2.3637239394,-2.05560249662,-2.63879451258,85e50169
490,-2.43152174938,-2.21204876737,10_medium_full,-5.04992833995,blocking_blind,-2.61144483722,-2.46832474797,-2.84137658844,89fbc220
491,-2.66787537792,-2.22287105685,10_medium_full,-3.72925192368,blocking_blind,-2.77791456353,-2.28800026314,-3.04218854444,93c70cc1
492,-2.26747693786,-2.1420385848,10_medium_full,-4.11742243918,blocking_blind,-2.32283406347,-2.19230423415,-2.56414724817,96abd246
493,-1.86884189721,-1.7380035981,10_medium_full,-3.4124209634,interaction_blind,-1.82914224495,-1.68309982246,-2.21791183203,9ea4fe94
494,-3.24508201797,-3.49354639005,10_medium_full,-3.55626779358,blocking,-3.39573429675,-3.52425551929,-3.61540739455,a0a4f4ea
495,-2.79290290933,-2.89842871265,10_medium_full,-2.26539538844,density,-2.80832430368,-2.90606341156,-3.16629734096,a5e116c5
496,-2.44945176028,-2.90057886801,10_medium_full,-3.83310480008,blocking,-2.57688424817,-2.89131943599,-2.86355547232,a7b511d6
497,-3.15960646376,-3.09283588,10_medium_full,-3.9972427732,blocking_blind,-3.2306297234,-3.17295199025,-3.39826765806,b0d5043d
498,-2.62287824389,-2.29193775353,10_medium_full,-4.43528854852,blocking_blind,-2.67787648655,-2.35773183535,-2.88282065014,b3dbd892
499,-2.23638180407,-2.48976187556,10_medium_full,-3.65387325582,blocking,-2.29324052785,-2.42360733665,-2.57425023303,b9bbc96c
500,-1.82498355543,-1.78376654024,10_medium_full,-3.86257574791,interaction_blind,-1.74599258307,-1.71617939941,-2.18955270353,bca124ea
501,-2.9928669893,-2.84367697887,10_medium_full,-3.1647485111,interaction_blind,-2.88353075585,-2.74120411827,-3.1224924851,bfabcc7d
502,-2.3376515509,-2.00258314826,10_medium_full,-4.32406384075,blocking_blind,-2.45673773209,-2.11217298102,-2.75779603533,c6c100be
503,-2.47675760352,-2.44643644831,10_medium_full,-4.00390745463,blocking_blind,-2.46789822423,-2.45401397068,-2.74374376203,e0a10efa
504,-3.28135607365,-2.95229131801,10_medium_full,-3.9265258569,blocking_blind,-3.37368353491,-3.06420920344,-3.56350289583,e3a4effd
505,-2.12464838817,-1.97724726346,10_medium_full,-3.80329616642,blocking_blind,-2.15770127993,-2.02744970206,-2.38116235455,e5b69f84
506,-2.40576623699,-2.07817369169,10_medium_full,-3.94560889848,blocking_blind,-2.55870211009,-2.22551540077,-2.81894302775,eaaff660
507,-2.29278694486,-2.18249150147,10_medium_full,-4.18505836163,blocking_blind,-2.33271946841,-2.19615716205,-2.63605126349,f8e11654
508,-2.05441631156,-1.97575461759,10_medium_pruned,-4.52755119282,blocking_blind,-2.32233913008,-2.23539711361,-2.62773841739,19b680e2
509,-0.8413161078,-0.776634081756,10_medium_pruned,-5.31438228283,interaction_blind,-0.803770002539,-0.723548811406,-1.35046071948,1feffe13
510,-3.30370140081,-4.19653977809,10_medium_pruned,-5.17257694897,blocking,-3.37669633844,-4.19931390678,-3.47134264119,29e72a67
511,-1.58793153447,-1.53414750397,10_medium_pruned,-5.05635409815,interaction_blind,-1.54372934566,-1.47883398621,-1.96275631393,2bd72f3e
512,-2.65917720831,-2.55051814184,10_medium_pruned,-3.38680864421,interaction_blind,-2.42951605869,-2.29077530187,-2.82847575656,31cfd831
513,-2.47477435101,-2.32220496364,10_medium_pruned,-4.55326774102,blocking_blind,-2.57078185387,-2.33903438686,-2.74968781947,33a74451
514,-3.6352968684,-3.23153264175,10_medium_pruned,-2.60743654302,density,-3.52454143848,-3.12922799464,-3.62069880864,3ed1161d
515,-1.58793153447,-1.53414750397,10_medium_pruned,-5.05635409815,interaction_blind,-1.54372934566,-1.47883398621,-1.96275631393,42f75809
516,-1.67577253128,-1.42264608623,10_medium_pruned,-4.53220811317,blocking_blind,-1.88052787545,-1.62622779468,-2.16840537478,43c516b5
517,-3.07019663895,-3.0283629536,10_medium_pruned,-4.90120208532,interaction_blind,-3.04554515209,-2.98990966863,-3.36954821905,43cad2c3
518,-1.51912921058,-1.46501196828,10_medium_pruned,-4.13781128892,blocking_blind,-1.65903784955,-1.5991836336,-1.97611341202,4fba815c
519,-2.70642036479,-2.17581546238,10_medium_pruned,-5.12693249118,blocking_blind,-2.75512127331,-2.25052403171,-2.90341330612,5efbf191
520,-1.39432836481,-1.3287810702,10_medium_pruned,-4.60705609259,blocking_blind,-1.65442584054,-1.57669899405,-1.98323784271,6db76212
521,-1.33476686317,-1.27602001356,10_medium_pruned,-4.59721747144,blocking_blind,-1.44842108107,-1.37876189027,-1.81620821629,71ebc315
522,-3.16951008978,-2.35330816578,10_medium_pruned,-4.46737763948,interaction_blind,-3.20841782924,-2.33374235155,-3.29528901141,76f6a1e9
523,-2.85955026191,-2.89441073362,10_medium_pruned,-4.55090435982,blocking,-2.97994148313,-2.86691232911,-2.99922097647,93ebead7
524,-1.41134281864,-1.77399270981,10_medium_pruned,-4.54360324997,blocking,-1.44158986367,-1.80514194392,-1.85134089636,94a4f5d4
525,-1.29459749303,-1.23747602872,10_medium_pruned,-4.93209153912,blocking_blind,-1.42189072527,-1.35316124997,-1.76332243281,95e69707
526,-1.54762050191,-1.4993949573,10_medium_pruned,-4.18652864257,blocking_blind,-1.68934587731,-1.63937915402,-1.99860471557,9ba1165f
527,-2.17210239058,-1.81321386919,10_medium_pruned,-4.39139090733,interaction_blind,-2.1468771564,-1.77277600155,-2.39736519555,9da51cdd
528,-2.95246700655,-2.68624822863,10_medium_pruned,-4.32694340445,blocking_blind,-3.10943195735,-2.80913593548,-3.12813341163,9dd11e8e
529,-1.63788864398,-1.59791009212,10_medium_pruned,-4.92248478914,blocking_blind,-1.7468624271,-1.70121170875,-2.07673807103,a9cbcabb
530,-2.72675068301,-2.36543515986,10_medium_pruned,-4.1318518414,blocking_blind,-2.93238595169,-2.56510597825,-3.36789678605,abd12ee2
531,-2.83273500359,-2.30505662591,10_medium_pruned,-4.70486938352,blocking_blind,-2.87177882708,-2.36819448531,-3.03275928407,b0c6f3a8
532,-1.90346246241,-1.8364281926,10_medium_pruned,-3.95915987671,blocking_blind,-1.97393886452,-1.88978189664,-2.32244746207,bdd7483e
533,-2.21352650333,-2.16415288247,10_medium_pruned,-4.84480232349,blocking_blind,-2.26636084635,-2.204985606,-2.64449962397,cefc077d
534,-2.9297632106,-3.31524771976,10_medium_pruned,-4.49801945708,blocking,-3.17468320627,-3.36072555934,-3.18334277638,d0f687f1
535,-1.54762050191,-1.4993949573,10_medium_pruned,-4.18652864257,blocking_blind,-1.68934587731,-1.63937915402,-1.99860471557,d1bbc1e6
536,-1.58793153447,-1.53414750397,10_medium_pruned,-5.05635409815,interaction_blind,-1.54372934566,-1.47883398621,-1.96275631393,d8aacc7a
537,-1.57843633369,-1.46977726723,10_medium_pruned,-3.54095932404,blocking_blind,-1.63468097702,-1.4959402202,-2.67051918731,d9fa7f02
538,-2.53421849157,-2.42267620488,10_medium_pruned,-4.48955945143,blocking_blind,-2.64586707549,-2.46354240092,-2.76122646808,daa11f50
539,-5.39438835283,-5.3400588196,10_medium_pruned,-4.33542901948,density,-5.4225106745,-5.35314029609,-5.94042977964,e1b6994c
540,-1.79491513562,-1.59612259228,10_medium_pruned,-4.62129509305,interaction_blind,-1.78832398598,-1.58571904625,-2.1662797598,e9b10766
541,-2.3596403064,-1.97342706907,10_medium_pruned,-4.92910745772,blocking_blind,-2.4972617227,-2.12062489881,-2.6635785496,ecefd3a0
542,-1.98162358222,-2.03412247669,10_medium_pruned,-4.60947217113,interaction,-1.97341728002,-2.04674869892,-2.27226887193,eefbf52d
