,correlation,heuristic,path_length
0,0.456465003339,density,1
1,0.52656104703,linear,1
2,0.651440898153,non-linear,1
3,0.730829163585,interaction,1
4,0.790206593687,blocking,1
5,2.42998520104e-05,density,3
6,0.281111313871,linear,3
7,0.376428987612,non-linear,3
8,0.626870249175,interaction,3
9,0.546192330938,blocking,3
10,0.0249998826202,density,2
11,0.667993526866,linear,2
12,0.664217246763,non-linear,2
13,0.764949748362,interaction,2
14,0.78703697632,blocking,2
15,-0.0120321740433,density,4
16,0.295618997369,linear,4
17,0.256784077663,non-linear,4
18,0.492929601846,interaction,4
19,0.406393867577,blocking,4
20,-0.010675204197,density,5
21,0.131102123422,linear,5
22,0.227283149324,non-linear,5
23,0.43568734405,interaction,5
24,0.397666209899,blocking,5
25,0.0357012721996,density,7
26,0.131758041116,linear,7
27,0.278828138678,non-linear,7
28,0.382361068536,interaction,7
29,0.313566036478,blocking,7
30,0.00231750934208,density,6
31,0.213432005362,linear,6
32,0.344636066639,non-linear,6
33,0.432147885259,interaction,6
34,0.594778673725,blocking,6
35,0.475120745423,density,1
36,0.452741254347,linear,1
37,0.669907514681,non-linear,1
38,0.70178982917,interaction,1
39,0.800682390953,blocking,1
40,0.000883068322871,density,3
41,0.34205664791,linear,3
42,0.460002254663,non-linear,3
43,0.622193773213,interaction,3
44,0.473173790654,blocking,3
45,0.0775039344089,density,2
46,0.66333733154,linear,2
47,0.686102199066,non-linear,2
48,0.708748370162,interaction,2
49,0.791677497113,blocking,2
50,-0.0138873138075,density,4
51,0.24542136119,linear,4
52,0.303830732084,non-linear,4
53,0.463496219336,interaction,4
54,0.424139079676,blocking,4
55,0.00979756534659,density,5
56,0.226043426505,linear,5
57,0.33907961625,non-linear,5
58,0.365155934999,interaction,5
59,0.383672844966,blocking,5
60,0.0401056146576,density,7
61,0.244702916672,linear,7
62,0.264623035882,non-linear,7
63,0.307778955808,interaction,7
64,0.438260178027,blocking,7
65,-0.0112697600481,density,6
66,0.29100233673,linear,6
67,0.299518489336,non-linear,6
68,0.344295938003,interaction,6
69,0.508554662341,blocking,6
70,0.417060492609,density,1
71,0.464364864898,linear,1
72,0.645445048806,non-linear,1
73,0.71996690248,interaction,1
74,0.809956003475,blocking,1
75,0.0091574275517,density,3
76,0.33634250942,linear,3
77,0.391502638146,non-linear,3
78,0.568639169644,interaction,3
79,0.643477196369,blocking,3
80,0.0134300957694,density,2
81,0.627177839563,linear,2
82,0.708623569327,non-linear,2
83,0.710831480311,interaction,2
84,0.796195774738,blocking,2
85,-0.008597798311,density,4
86,0.19366100447,linear,4
87,0.301717363633,non-linear,4
88,0.417834122708,interaction,4
89,0.432945063217,blocking,4
90,0.071467116593,density,5
91,0.196387565093,linear,5
92,0.351500656221,non-linear,5
93,0.382028091824,interaction,5
94,0.468050569329,blocking,5
95,0.0630595312596,density,7
96,0.155543968938,linear,7
97,0.14611817399,non-linear,7
98,0.22080906923,interaction,7
99,0.180895514927,blocking,7
100,0.0207963803248,density,6
101,0.208743211325,linear,6
102,0.377649509972,non-linear,6
103,0.322479021097,interaction,6
104,0.629820535604,blocking,6
105,0.450830861963,density,1
106,0.327258097735,linear,1
107,0.690431762781,non-linear,1
108,0.71751881908,interaction,1
109,0.818098034966,blocking,1
110,0.0111228403614,density,3
111,0.210420235821,linear,3
112,0.430374644593,non-linear,3
113,0.562579704151,interaction,3
114,0.569416316387,blocking,3
115,0.0484201374584,density,2
116,0.691160822888,linear,2
117,0.604557541726,non-linear,2
118,0.799851864573,interaction,2
119,0.797185336488,blocking,2
120,-0.0148651250146,density,4
121,0.290139654999,linear,4
122,0.251143109435,non-linear,4
123,0.426188824134,interaction,4
124,0.43050929554,blocking,4
125,0.000700340530516,density,5
126,0.296715420841,linear,5
127,0.314138013168,non-linear,5
128,0.472396574822,interaction,5
129,0.419780372824,blocking,5
130,0.0181827822376,density,7
131,0.228855830297,linear,7
132,0.252302016553,non-linear,7
133,0.333966345359,interaction,7
134,0.43025300719,blocking,7
135,0.0100944810238,density,6
136,0.297641383445,linear,6
137,0.136452269697,non-linear,6
138,0.346828389862,interaction,6
139,0.515729972463,blocking,6
140,0.462052906041,density,1
141,0.413832384926,linear,1
142,0.664803128587,non-linear,1
143,0.728594703821,interaction,1
144,0.777729198438,blocking,1
145,-0.000823477047091,density,3
146,0.292567212762,linear,3
147,0.219955408639,non-linear,3
148,0.609447994181,interaction,3
149,0.58660582993,blocking,3
150,0.0536518556962,density,2
151,0.610516954731,linear,2
152,0.640756586939,non-linear,2
153,0.726836078645,interaction,2
154,0.77883455168,blocking,2
155,-0.00628205161549,density,4
156,0.280295241718,linear,4
157,0.271896701398,non-linear,4
158,0.482336253306,interaction,4
159,0.432694018779,blocking,4
160,-0.00218436938791,density,5
161,0.235163494955,linear,5
162,0.321423171621,non-linear,5
163,0.28127541636,interaction,5
164,0.291615217846,blocking,5
165,0.0783082240626,density,7
166,0.274374654893,linear,7
167,0.239143050776,non-linear,7
168,0.182228256167,interaction,7
169,0.408873779795,blocking,7
170,0.0443074641205,density,6
171,0.250253120837,linear,6
172,0.192797451548,non-linear,6
173,0.442294094706,interaction,6
174,0.504494101886,blocking,6
175,0.448939308147,density,1
176,0.491500983389,linear,1
177,0.67294918181,non-linear,1
178,0.750429269922,interaction,1
179,0.789127695792,blocking,1
180,-0.0083830233897,density,3
181,0.1463493342,linear,3
182,0.435604803599,non-linear,3
183,0.527445163721,interaction,3
184,0.482158619195,blocking,3
185,0.0144396842159,density,2
186,0.648339028671,linear,2
187,0.628868197727,non-linear,2
188,0.785773306288,interaction,2
189,0.82177779733,blocking,2
190,-0.00803960328872,density,4
191,0.223994213832,linear,4
192,0.219718566088,non-linear,4
193,0.405732804982,interaction,4
194,0.432817537814,blocking,4
195,0.0762185646773,density,5
196,0.292252858786,linear,5
197,0.256327404812,non-linear,5
198,0.349626371838,interaction,5
199,0.363559685588,blocking,5
200,0.0819779813518,density,7
201,0.138488144916,linear,7
202,0.27483948574,non-linear,7
203,0.22399791718,interaction,7
204,0.436537748547,blocking,7
205,-0.00101897259699,density,6
206,0.294099340932,linear,6
207,0.108737533007,non-linear,6
208,0.420872615817,interaction,6
209,0.498091545193,blocking,6
210,0.471587408053,density,1
211,0.374404604421,linear,1
212,0.614098010681,non-linear,1
213,0.753350944625,interaction,1
214,0.804674170852,blocking,1
215,0.0067108378725,density,3
216,0.308932274593,linear,3
217,0.464203499668,non-linear,3
218,0.580254682427,interaction,3
219,0.468153539672,blocking,3
220,0.0101243074537,density,2
221,0.619535618483,linear,2
222,0.715025093671,non-linear,2
223,0.705063126017,interaction,2
224,0.800694111431,blocking,2
225,-0.0037966094193,density,4
226,0.335389138196,linear,4
227,0.316536381865,non-linear,4
228,0.460932033437,interaction,4
229,0.36991186663,blocking,4
230,0.0112250753393,density,5
231,0.225902449149,linear,5
232,0.3051702383,non-linear,5
233,0.370352398685,interaction,5
234,0.554944126691,blocking,5
235,0.0638818920405,density,7
236,0.301097648208,linear,7
237,0.165315567309,non-linear,7
238,0.166553334643,interaction,7
239,0.198333227434,blocking,7
240,-0.00180215688327,density,6
241,0.244266289409,linear,6
242,0.205278506551,non-linear,6
243,0.25376322181,interaction,6
244,0.540818300878,blocking,6
245,0.40596081898,density,1
246,0.433335040662,linear,1
247,0.606391004132,non-linear,1
248,0.716573172628,interaction,1
249,0.784385568761,blocking,1
250,0.00708486972784,density,3
251,0.263806097358,linear,3
252,0.410923103402,non-linear,3
253,0.608817449799,interaction,3
254,0.630483147765,blocking,3
255,0.0537559321845,density,2
256,0.592053883742,linear,2
257,0.696600986768,non-linear,2
258,0.716984041004,interaction,2
259,0.758407095435,blocking,2
260,-0.0131983680886,density,4
261,0.266192335241,linear,4
262,0.350757142332,non-linear,4
263,0.398704666213,interaction,4
264,0.350500522072,blocking,4
265,0.00342307598581,density,5
266,0.232065699436,linear,5
267,0.208171847275,non-linear,5
268,0.296988746529,interaction,5
269,0.424241959946,blocking,5
270,0.0807402688793,density,7
271,0.226665142583,linear,7
272,0.307050726961,non-linear,7
273,0.178897463635,interaction,7
274,0.382387588328,blocking,7
275,0.000950143648192,density,6
276,0.206896141632,linear,6
277,0.156300603479,non-linear,6
278,0.377806596483,interaction,6
279,0.408565033292,blocking,6
280,0.421609388227,density,1
281,0.526915252683,linear,1
282,0.602750725808,non-linear,1
283,0.728276925871,interaction,1
284,0.78608367372,blocking,1
285,-0.011822455483,density,3
286,0.30845234786,linear,3
287,0.475202362303,non-linear,3
288,0.600593660991,interaction,3
289,0.548693640021,blocking,3
290,0.0427683259927,density,2
291,0.67090998842,linear,2
292,0.709114631541,non-linear,2
293,0.711346398029,interaction,2
294,0.784471526386,blocking,2
295,-0.0151994112486,density,4
296,0.283399563781,linear,4
297,0.246780999993,non-linear,4
298,0.435808433142,interaction,4
299,0.44031536634,blocking,4
300,0.0417529838341,density,5
301,0.31729341205,linear,5
302,0.329403745918,non-linear,5
303,0.454035624663,interaction,5
304,0.454140514188,blocking,5
305,0.0229805488792,density,7
306,0.190266685505,linear,7
307,0.257228505915,non-linear,7
308,0.278821046062,interaction,7
309,0.447562943445,blocking,7
310,0.0106235118288,density,6
311,0.0866756985151,linear,6
312,0.354926434494,non-linear,6
313,0.465972523075,interaction,6
314,0.516265530183,blocking,6
315,0.437029740173,density,1
316,0.443611572627,linear,1
317,0.611137725837,non-linear,1
318,0.736246277899,interaction,1
319,0.775513422232,blocking,1
320,-0.00683207369023,density,3
321,0.314774921701,linear,3
322,0.283215295991,non-linear,3
323,0.532550127446,interaction,3
324,0.520701364895,blocking,3
325,0.0537738947727,density,2
326,0.653852220832,linear,2
327,0.666245793904,non-linear,2
328,0.741610831733,interaction,2
329,0.779392357716,blocking,2
330,-0.0175008528931,density,4
331,0.327013249046,linear,4
332,0.322702737227,non-linear,4
333,0.439643484183,interaction,4
334,0.493559633045,blocking,4
335,0.0427898968508,density,5
336,0.178334181194,linear,5
337,0.275567137447,non-linear,5
338,0.40458805735,interaction,5
339,0.405208927027,blocking,5
340,0.0742055114305,density,7
341,0.173708279046,linear,7
342,0.16984031841,non-linear,7
343,0.250545466378,interaction,7
344,0.351391471324,blocking,7
345,0.0100691782634,density,6
346,0.293631698054,linear,6
347,0.501834814162,non-linear,6
348,0.394465995295,interaction,6
349,0.583775042102,blocking,6
350,0.491345091784,density,1
351,0.469366640003,linear,1
352,0.684667793519,non-linear,1
353,0.702992201767,interaction,1
354,0.793144210682,blocking,1
355,0.00845141097596,density,3
356,0.198203846042,linear,3
357,0.174390090409,non-linear,3
358,0.560949737773,interaction,3
359,0.427482683506,blocking,3
360,0.0469218429074,density,2
361,0.671417317645,linear,2
362,0.695658604708,non-linear,2
363,0.734316516697,interaction,2
364,0.822214333383,blocking,2
365,-0.00374636823241,density,4
366,0.191580210762,linear,4
367,0.372584703892,non-linear,4
368,0.393068533966,interaction,4
369,0.410616383443,blocking,4
370,-0.00128087701615,density,5
371,0.237867622556,linear,5
372,0.38650871686,non-linear,5
373,0.384042024549,interaction,5
374,0.476797793812,blocking,5
375,0.140122892609,density,7
376,0.139466765652,linear,7
377,0.2248334608,non-linear,7
378,0.169833564744,interaction,7
379,0.408074336208,blocking,7
380,0.00636099240701,density,6
381,0.264964274294,linear,6
382,0.209531318446,non-linear,6
383,0.376548672878,interaction,6
384,0.47749838951,blocking,6
385,0.483874927882,density,1
386,0.452666501471,linear,1
387,0.593971176279,non-linear,1
388,0.728666226572,interaction,1
389,0.779160918185,blocking,1
390,-0.0139612372312,density,3
391,0.309425178215,linear,3
392,0.214150983192,non-linear,3
393,0.557009192489,interaction,3
394,0.62306417461,blocking,3
395,0.0606278740311,density,2
396,0.630731070847,linear,2
397,0.673326030119,non-linear,2
398,0.698183891945,interaction,2
399,0.787476301365,blocking,2
400,-0.0112485946865,density,4
401,0.176252318709,linear,4
402,0.304036086214,non-linear,4
403,0.375554661357,interaction,4
404,0.434396480381,blocking,4
405,-0.000167060941631,density,5
406,0.256594254291,linear,5
407,0.348331550558,non-linear,5
408,0.306171109033,interaction,5
409,0.395097644582,blocking,5
410,0.0846582484874,density,7
411,0.206218563722,linear,7
412,0.289148874108,non-linear,7
413,0.272839728188,interaction,7
414,0.262320802564,blocking,7
415,0.00494692135052,density,6
416,0.227504539736,linear,6
417,0.225638422449,non-linear,6
418,0.373219720021,interaction,6
419,0.549998699443,blocking,6
420,0.467596376327,density,1
421,0.49283690114,linear,1
422,0.613846117546,non-linear,1
423,0.740981592128,interaction,1
424,0.773417330396,blocking,1
425,-0.00182804763552,density,3
426,0.291352287934,linear,3
427,0.371530211683,non-linear,3
428,0.566567543418,interaction,3
429,0.616640166215,blocking,3
430,0.0398333475052,density,2
431,0.670394013165,linear,2
432,0.66059354398,non-linear,2
433,0.774992282041,interaction,2
434,0.771264707189,blocking,2
435,-0.00922855652753,density,4
436,0.272313056774,linear,4
437,0.161163354083,non-linear,4
438,0.389814134033,interaction,4
439,0.440941142678,blocking,4
440,0.0107461460684,density,5
441,0.182756597546,linear,5
442,0.322882092736,non-linear,5
443,0.325420313265,interaction,5
444,0.376252811965,blocking,5
445,0.0572036511878,density,7
446,0.171953263974,linear,7
447,0.193249113877,non-linear,7
448,0.213133314596,interaction,7
449,0.390835197649,blocking,7
450,-0.00415619809436,density,6
451,0.161036464493,linear,6
452,0.158657962281,non-linear,6
453,0.383058648408,interaction,6
454,0.398814265918,blocking,6
455,0.413673093235,density,1
456,0.442777995082,linear,1
457,0.65211557825,non-linear,1
458,0.698575240519,interaction,1
459,0.771564138133,blocking,1
460,-0.00424899529415,density,3
461,0.183830706523,linear,3
462,0.472183786762,non-linear,3
463,0.59609494529,interaction,3
464,0.660620874188,blocking,3
465,0.0631373675962,density,2
466,0.574039563359,linear,2
467,0.745135474764,non-linear,2
468,0.751267127472,interaction,2
469,0.827686499704,blocking,2
470,-0.00831560859359,density,4
471,0.205349353246,linear,4
472,0.338821919741,non-linear,4
473,0.414172565775,interaction,4
474,0.413918521827,blocking,4
475,0.000350504964731,density,5
476,0.217911667675,linear,5
477,0.369979975793,non-linear,5
478,0.4658848982,interaction,5
479,0.445458034123,blocking,5
480,0.0821560439793,density,7
481,0.272588278661,linear,7
482,0.329728419159,non-linear,7
483,0.329435960769,interaction,7
484,0.482987526368,blocking,7
485,0.00489283329298,density,6
486,0.176822839939,linear,6
487,0.144688737046,non-linear,6
488,0.339510432344,interaction,6
489,0.424317322466,blocking,6
490,0.343788826787,density,1
491,0.271584068177,linear,1
492,0.58293208009,non-linear,1
493,0.757307521715,interaction,1
494,0.827818486986,blocking,1
495,-0.00532424404986,density,3
496,0.350601533295,linear,3
497,0.207076151316,non-linear,3
498,0.623101837096,interaction,3
499,0.647740915471,blocking,3
500,0.00697023010672,density,2
501,0.679543937049,linear,2
502,0.687419022803,non-linear,2
503,0.716183538148,interaction,2
504,0.803938516768,blocking,2
505,-0.0158363112866,density,4
506,0.290533825431,linear,4
507,0.23983414927,non-linear,4
508,0.475459976818,interaction,4
509,0.397963777678,blocking,4
510,0.0559309087816,density,5
511,0.0857393956893,linear,5
512,0.303349257485,non-linear,5
513,0.40872063742,interaction,5
514,0.439242711407,blocking,5
515,0.0480397927493,density,7
516,0.102200680573,linear,7
517,0.273548701058,non-linear,7
518,0.457730016301,interaction,7
519,0.480415006636,blocking,7
520,0.00219016303231,density,6
521,0.268169972747,linear,6
522,0.198081336278,non-linear,6
523,0.389138115458,interaction,6
524,0.451529214523,blocking,6
525,0.513961971029,density,1
526,0.479961772145,linear,1
527,0.642012562005,non-linear,1
528,0.753991153987,interaction,1
529,0.76259851859,blocking,1
530,-0.00686359929741,density,3
531,0.395024750293,linear,3
532,0.163101992095,non-linear,3
533,0.579237330495,interaction,3
534,0.626683665121,blocking,3
535,0.0196931251933,density,2
536,0.68892528718,linear,2
537,0.688004415969,non-linear,2
538,0.725383333931,interaction,2
539,0.784317161081,blocking,2
540,-0.000996604354425,density,4
541,0.30167761176,linear,4
542,0.301146653818,non-linear,4
543,0.419238423728,interaction,4
544,0.43873168519,blocking,4
545,0.0543697155615,density,5
546,0.356274018974,linear,5
547,0.307606258735,non-linear,5
548,0.469062918303,interaction,5
549,0.439264778531,blocking,5
550,0.0826221411369,density,7
551,0.21634270856,linear,7
552,0.262781275134,non-linear,7
553,0.0256167353871,interaction,7
554,0.34293829807,blocking,7
555,0.00931152373037,density,6
556,0.183216788695,linear,6
557,0.342737180251,non-linear,6
558,0.352218597154,interaction,6
559,0.392115201278,blocking,6
560,0.439423209341,density,1
561,0.433741332455,linear,1
562,0.605274213474,non-linear,1
563,0.712185841116,interaction,1
564,0.770391017334,blocking,1
565,0.0178974553239,density,3
566,0.163445070239,linear,3
567,0.363136010409,non-linear,3
568,0.506706329684,interaction,3
569,0.612677439499,blocking,3
570,0.0820917129447,density,2
571,0.673038193641,linear,2
572,0.773410927388,non-linear,2
573,0.715051694747,interaction,2
574,0.819843087529,blocking,2
575,-0.0166478136705,density,4
576,0.311204195838,linear,4
577,0.268484814926,non-linear,4
578,0.440088186232,interaction,4
579,0.356755532192,blocking,4
580,0.0293579122777,density,5
581,0.268996813216,linear,5
582,0.255589734659,non-linear,5
583,0.318315190048,interaction,5
584,0.322993518681,blocking,5
585,0.0627955462811,density,7
586,0.24415632013,linear,7
587,0.288461170796,non-linear,7
588,0.377573598508,interaction,7
589,0.27645904946,blocking,7
590,0.000950008156098,density,6
591,0.296309737268,linear,6
592,0.128959273861,non-linear,6
593,0.378352734307,interaction,6
594,0.334523494375,blocking,6
595,0.415378736027,density,1
596,0.472487989179,linear,1
597,0.643979711732,non-linear,1
598,0.745868171273,interaction,1
599,0.814751922792,blocking,1
600,0.00733489198324,density,3
601,0.288023479933,linear,3
602,0.45421670138,non-linear,3
603,0.59024679621,interaction,3
604,0.618199560648,blocking,3
605,0.0312813061528,density,2
606,0.579274995636,linear,2
607,0.65755762001,non-linear,2
608,0.713277158178,interaction,2
609,0.815471477492,blocking,2
610,-0.0112390931442,density,4
611,0.352970913096,linear,4
612,0.248823909984,non-linear,4
613,0.417351916898,interaction,4
614,0.469549427241,blocking,4
615,0.00647263688297,density,5
616,0.151642205914,linear,5
617,0.361746359481,non-linear,5
618,0.306817830967,interaction,5
619,0.358930713739,blocking,5
620,0.0745293181134,density,7
621,0.21830745328,linear,7
622,0.372505823173,non-linear,7
623,0.299340051888,interaction,7
624,0.344019320473,blocking,7
625,-0.000186014142502,density,6
626,0.37597348214,linear,6
627,0.302188807833,non-linear,6
628,0.335569144095,interaction,6
629,0.518038926405,blocking,6
630,0.427727170845,density,1
631,0.481607291645,linear,1
632,0.644487157063,non-linear,1
633,0.735569517759,interaction,1
634,0.800232625846,blocking,1
635,0.00675550073423,density,3
636,0.308356642824,linear,3
637,0.223242544874,non-linear,3
638,0.59130459134,interaction,3
639,0.672249364474,blocking,3
640,0.0453254614369,density,2
641,0.687361924829,linear,2
642,0.664358869882,non-linear,2
643,0.680473932559,interaction,2
644,0.814811099711,blocking,2
645,-0.00428353467013,density,4
646,0.288769525841,linear,4
647,0.380360108163,non-linear,4
648,0.411852917811,interaction,4
649,0.452703466606,blocking,4
650,0.00565407218664,density,5
651,0.272338722896,linear,5
652,0.340683734899,non-linear,5
653,0.486630062855,interaction,5
654,0.442561566594,blocking,5
655,0.0741345293785,density,7
656,0.281396270698,linear,7
657,0.257297177236,non-linear,7
658,0.367324347869,interaction,7
659,0.403266822462,blocking,7
660,0.0361984505556,density,6
661,0.214014824863,linear,6
662,0.0933306980996,non-linear,6
663,0.390856775244,interaction,6
664,0.602198141326,blocking,6
665,0.505364043927,density,1
666,0.485664352782,linear,1
667,0.632956687412,non-linear,1
668,0.731033832602,interaction,1
669,0.793328010988,blocking,1
670,-0.00436391963563,density,3
671,0.335584515302,linear,3
672,0.381218383749,non-linear,3
673,0.499971621533,interaction,3
674,0.587540911827,blocking,3
675,0.0286202972751,density,2
676,0.647040478451,linear,2
677,0.640722853963,non-linear,2
678,0.790583645674,interaction,2
679,0.763060023254,blocking,2
680,-0.00952402967236,density,4
681,0.25322729391,linear,4
682,0.335817731117,non-linear,4
683,0.498497174053,interaction,4
684,0.508727835248,blocking,4
685,0.0620955410475,density,5
686,0.33593167987,linear,5
687,0.286803392856,non-linear,5
688,0.475070602815,interaction,5
689,0.391688875195,blocking,5
690,0.16149783078,density,7
691,0.198944056909,linear,7
692,0.326527126298,non-linear,7
693,0.247623203743,interaction,7
694,0.285009585391,blocking,7
695,0.0512763399964,density,6
696,0.258675576273,linear,6
697,0.355607675492,non-linear,6
698,0.390684944277,interaction,6
699,0.549251326222,blocking,6
700,0.405742342399,density,1
701,0.467807897562,linear,1
702,0.511134957118,non-linear,1
703,0.70065221928,interaction,1
704,0.79112956957,blocking,1
705,0.00040777381462,density,3
706,0.133951817909,linear,3
707,0.334804347682,non-linear,3
708,0.554993775091,interaction,3
709,0.610075083644,blocking,3
710,0.0254575867047,density,2
711,0.666843758619,linear,2
712,0.715475714226,non-linear,2
713,0.735170789598,interaction,2
714,0.811189050308,blocking,2
715,-0.0107002444813,density,4
716,0.254992924812,linear,4
717,0.22715668349,non-linear,4
718,0.327917221735,interaction,4
719,0.44094082882,blocking,4
720,0.0268573999698,density,5
721,0.325488755229,linear,5
722,0.362292129764,non-linear,5
723,0.465141484152,interaction,5
724,0.421901277571,blocking,5
725,0.0594928273992,density,7
726,0.294494377665,linear,7
727,0.242566526018,non-linear,7
728,0.230460913278,interaction,7
729,0.271539867427,blocking,7
730,0.050556879652,density,6
731,0.276195781216,linear,6
732,0.138636967619,non-linear,6
733,0.246730700119,interaction,6
734,0.450419542581,blocking,6
735,0.472919580478,density,1
736,0.421579142604,linear,1
737,0.639484238207,non-linear,1
738,0.684803741124,interaction,1
739,0.787612649635,blocking,1
740,0.0114163243186,density,3
741,0.389132694825,linear,3
742,0.205190057395,non-linear,3
743,0.606535540893,interaction,3
744,0.532054805555,blocking,3
745,0.0893185770144,density,2
746,0.697801721703,linear,2
747,0.670698178784,non-linear,2
748,0.78138934488,interaction,2
749,0.826073784671,blocking,2
750,-0.0116966909466,density,4
751,0.285098842457,linear,4
752,0.294283259092,non-linear,4
753,0.33538305984,interaction,4
754,0.369795950251,blocking,4
755,0.0536137244659,density,5
756,0.336194409029,linear,5
757,0.365946633775,non-linear,5
758,0.426459735094,interaction,5
759,0.395521912848,blocking,5
760,0.142661227905,density,7
761,0.292290548555,linear,7
762,0.378250416391,non-linear,7
763,0.351031641979,interaction,7
764,0.0325760945689,blocking,7
765,-0.00118545915843,density,6
766,0.263734084773,linear,6
767,0.148867849259,non-linear,6
768,0.374427123468,interaction,6
769,0.512085782951,blocking,6
770,0.491680932133,density,1
771,0.366467921918,linear,1
772,0.667832633159,non-linear,1
773,0.713062494759,interaction,1
774,0.798682134859,blocking,1
775,0.00428526384224,density,3
776,0.315857258566,linear,3
777,0.36181481094,non-linear,3
778,0.408702833312,interaction,3
779,0.571489924968,blocking,3
780,0.0537254130961,density,2
781,0.668348776155,linear,2
782,0.668061536181,non-linear,2
783,0.755761175585,interaction,2
784,0.807201620404,blocking,2
785,-0.0140441989117,density,4
786,0.202262742663,linear,4
787,0.304241047239,non-linear,4
788,0.401137825546,interaction,4
789,0.395887349425,blocking,4
790,0.026884604289,density,5
791,0.327559805153,linear,5
792,0.387965699912,non-linear,5
793,0.400821902526,interaction,5
794,0.440269088055,blocking,5
795,0.00871595074939,density,7
796,0.285118904003,linear,7
797,0.29317020263,non-linear,7
798,0.135957121707,interaction,7
799,0.460605098807,blocking,7
800,-0.00324123833514,density,6
801,0.179197974213,linear,6
802,0.178847926642,non-linear,6
803,0.389401905234,interaction,6
804,0.52286892894,blocking,6
805,0.425399982646,density,1
806,0.419312911933,linear,1
807,0.588447416632,non-linear,1
808,0.707042837439,interaction,1
809,0.761204247812,blocking,1
810,0.00587717611314,density,3
811,0.279539681134,linear,3
812,0.419839848896,non-linear,3
813,0.609601347143,interaction,3
814,0.576524803597,blocking,3
815,0.0358146552325,density,2
816,0.670632153498,linear,2
817,0.737959529585,non-linear,2
818,0.684848111228,interaction,2
819,0.786022835534,blocking,2
820,-0.0131169881477,density,4
821,0.209780102404,linear,4
822,0.174292483942,non-linear,4
823,0.407799802778,interaction,4
824,0.413203930477,blocking,4
825,0.0766059861269,density,5
826,0.326027349356,linear,5
827,0.366070603263,non-linear,5
828,0.360892325643,interaction,5
829,0.420066803529,blocking,5
830,0.0555208599026,density,7
831,0.206944768432,linear,7
832,0.281363827561,non-linear,7
833,0.258104094966,interaction,7
834,0.38812197804,blocking,7
835,0.0386024431834,density,6
836,0.192709813571,linear,6
837,0.342813851473,non-linear,6
838,0.376947731033,interaction,6
839,0.518398607037,blocking,6
840,0.457407264993,density,1
841,0.506032973847,linear,1
842,0.618137296103,non-linear,1
843,0.711545999865,interaction,1
844,0.76609001509,blocking,1
845,-0.0035224966662,density,3
846,0.196763872422,linear,3
847,0.367056040467,non-linear,3
848,0.515218514309,interaction,3
849,0.505081338442,blocking,3
850,0.0190758970512,density,2
851,0.645283201165,linear,2
852,0.734893529029,non-linear,2
853,0.728763552128,interaction,2
854,0.808861356647,blocking,2
855,-0.0201314609407,density,4
856,0.275509032744,linear,4
857,0.32477820785,non-linear,4
858,0.497807773898,interaction,4
859,0.48709743216,blocking,4
860,-0.00541729950782,density,5
861,0.277582636279,linear,5
862,0.303426793445,non-linear,5
863,0.416657745143,interaction,5
864,0.347961522437,blocking,5
865,0.0556502775772,density,7
866,0.126900642373,linear,7
867,0.258254297403,non-linear,7
868,0.260017065563,interaction,7
869,0.118859998262,blocking,7
870,0.00696480673672,density,6
871,0.198964703559,linear,6
872,0.15035077478,non-linear,6
873,0.334395398681,interaction,6
874,0.542010414719,blocking,6
875,0.382692094862,density,1
876,0.513102511964,linear,1
877,0.648763295054,non-linear,1
878,0.738626532079,interaction,1
879,0.731899009558,blocking,1
880,-0.00552138968772,density,3
881,0.317250150565,linear,3
882,0.242908167254,non-linear,3
883,0.557608928185,interaction,3
884,0.635272589012,blocking,3
885,0.0569720429862,density,2
886,0.626936777817,linear,2
887,0.684259577521,non-linear,2
888,0.713230253682,interaction,2
889,0.791521297253,blocking,2
890,-0.0123157184242,density,4
891,0.32747507808,linear,4
892,0.3370891971,non-linear,4
893,0.496252187657,interaction,4
894,0.477329369442,blocking,4
895,0.0147182067679,density,5
896,0.278014197383,linear,5
897,0.383679467734,non-linear,5
898,0.228666543619,interaction,5
899,0.428685393909,blocking,5
900,0.0849299623459,density,7
901,0.163499510081,linear,7
902,0.25128352568,non-linear,7
903,0.242383147484,interaction,7
904,0.435888450975,blocking,7
905,0.028310241801,density,6
906,0.243240931696,linear,6
907,0.172660662076,non-linear,6
908,0.449175983383,interaction,6
909,0.542148557298,blocking,6
910,0.486944409137,density,1
911,0.415938649299,linear,1
912,0.682084319013,non-linear,1
913,0.727967406255,interaction,1
914,0.801361279998,blocking,1
915,0.00486229427952,density,3
916,0.31940628033,linear,3
917,0.439316812021,non-linear,3
918,0.586510936426,interaction,3
919,0.524792781712,blocking,3
920,0.0597144776439,density,2
921,0.631689767473,linear,2
922,0.599292293627,non-linear,2
923,0.71086013663,interaction,2
924,0.80396151801,blocking,2
925,-0.0103879506874,density,4
926,0.19433288061,linear,4
927,0.339573916599,non-linear,4
928,0.360799397847,interaction,4
929,0.403228635872,blocking,4
930,0.00884398892764,density,5
931,0.271005068871,linear,5
932,0.326063648881,non-linear,5
933,0.37878731563,interaction,5
934,0.531200712549,blocking,5
935,0.0594567178181,density,7
936,0.12614534671,linear,7
937,0.1505693486,non-linear,7
938,0.49384322574,interaction,7
939,0.472338202601,blocking,7
940,-0.00771524698805,density,6
941,0.186456819104,linear,6
942,0.281816561185,non-linear,6
943,0.398343349869,interaction,6
944,0.568893733082,blocking,6
945,0.399851010168,density,1
946,0.265753483634,linear,1
947,0.635077273227,non-linear,1
948,0.755528146912,interaction,1
949,0.800916231567,blocking,1
950,0.00228121373473,density,3
951,0.196912492492,linear,3
952,0.22296817308,non-linear,3
953,0.584989999203,interaction,3
954,0.602409206779,blocking,3
955,0.0623792707558,density,2
956,0.653158615623,linear,2
957,0.678617529045,non-linear,2
958,0.775778449646,interaction,2
959,0.775181090806,blocking,2
960,-0.0135238137537,density,4
961,0.260373879181,linear,4
962,0.232477400983,non-linear,4
963,0.390916793348,interaction,4
964,0.284437288026,blocking,4
965,-0.000467503724193,density,5
966,0.243307883472,linear,5
967,0.222414878107,non-linear,5
968,0.423807633124,interaction,5
969,0.337281755916,blocking,5
970,0.0279390929946,density,7
971,0.227192308466,linear,7
972,0.207023909617,non-linear,7
973,0.250932404705,interaction,7
974,0.205436352509,blocking,7
975,0.0283148190814,density,6
976,0.257056091611,linear,6
977,0.0813074433294,non-linear,6
978,0.410492753357,interaction,6
979,0.451857346348,blocking,6
980,0.458617872921,density,1
981,0.459594882079,linear,1
982,0.587791204585,non-linear,1
983,0.708313868074,interaction,1
984,0.784784443195,blocking,1
985,-0.00270653613616,density,3
986,0.286333313454,linear,3
987,0.412917774881,non-linear,3
988,0.556335495792,interaction,3
989,0.51019208171,blocking,3
990,0.0728119770182,density,2
991,0.651953166489,linear,2
992,0.678391594253,non-linear,2
993,0.712549281167,interaction,2
994,0.810604391065,blocking,2
995,-0.0027150144937,density,4
996,0.210000437749,linear,4
997,0.298951482294,non-linear,4
998,0.505730966898,interaction,4
999,0.4846388506,blocking,4
1000,0.000703320923457,density,5
1001,0.304251166935,linear,5
1002,0.389999037953,non-linear,5
1003,0.396931854313,interaction,5
1004,0.439599156933,blocking,5
1005,0.0696570689181,density,7
1006,0.188072330147,linear,7
1007,0.325042876765,non-linear,7
1008,0.556031127626,interaction,7
1009,0.442897526654,blocking,7
1010,-0.00107840490612,density,6
1011,0.0973702541007,linear,6
1012,0.254634094905,non-linear,6
1013,0.338106424556,interaction,6
1014,0.451987026744,blocking,6
1015,0.409696797262,density,1
1016,0.469209431175,linear,1
1017,0.600318725292,non-linear,1
1018,0.737269594226,interaction,1
1019,0.816459878656,blocking,1
1020,-0.0115331058097,density,3
1021,0.250013695503,linear,3
1022,0.407232335797,non-linear,3
1023,0.390540044045,interaction,3
1024,0.328226271272,blocking,3
1025,0.0502961530638,density,2
1026,0.694629974736,linear,2
1027,0.652737111316,non-linear,2
1028,0.725721628581,interaction,2
1029,0.81969292054,blocking,2
1030,-0.0169335353474,density,4
1031,0.309257151339,linear,4
1032,0.176974118421,non-linear,4
1033,0.486954805692,interaction,4
1034,0.393033171599,blocking,4
1035,0.00632104064466,density,5
1036,0.280060420482,linear,5
1037,0.266166790891,non-linear,5
1038,0.443340007031,interaction,5
1039,0.43208647021,blocking,5
1040,0.0950430088684,density,7
1041,0.207182557094,linear,7
1042,0.214467448632,non-linear,7
1043,0.193232783333,interaction,7
1044,0.349615693448,blocking,7
1045,0.00929480490642,density,6
1046,0.173503469843,linear,6
1047,0.357043473259,non-linear,6
1048,0.329624397207,interaction,6
1049,0.378848097418,blocking,6
1050,0.433664626515,density,1
1051,0.434493708799,linear,1
1052,0.648700436905,non-linear,1
1053,0.696891152325,interaction,1
1054,0.787033709335,blocking,1
1055,0.00768974437774,density,3
1056,0.176044719052,linear,3
1057,0.392562809278,non-linear,3
1058,0.580837309034,interaction,3
1059,0.490510326615,blocking,3
1060,0.0789837691144,density,2
1061,0.6840964261,linear,2
1062,0.674603361746,non-linear,2
1063,0.747199658016,interaction,2
1064,0.814600789559,blocking,2
1065,-0.0211087785145,density,4
1066,0.281408300071,linear,4
1067,0.236257010378,non-linear,4
1068,0.410161607836,interaction,4
1069,0.456172400207,blocking,4
1070,-0.00221283624244,density,5
1071,0.209648762288,linear,5
1072,0.331538204098,non-linear,5
1073,0.403061726834,interaction,5
1074,0.38238416071,blocking,5
1075,0.0437707703628,density,7
1076,0.0895249146056,linear,7
1077,0.167521895818,non-linear,7
1078,0.144626152044,interaction,7
1079,0.376518655253,blocking,7
1080,-0.00086430066312,density,6
1081,0.260522318475,linear,6
1082,0.207867558012,non-linear,6
1083,0.394445156941,interaction,6
1084,0.323419191911,blocking,6
1085,0.454026584787,density,1
1086,0.38611077091,linear,1
1087,0.565808368999,non-linear,1
1088,0.708484543081,interaction,1
1089,0.814381260093,blocking,1
1090,-0.00328291607247,density,3
1091,0.293654683403,linear,3
1092,0.425943868326,non-linear,3
1093,0.636287553362,interaction,3
1094,0.640676368516,blocking,3
1095,0.109705786568,density,2
1096,0.654507268559,linear,2
1097,0.689625081062,non-linear,2
1098,0.696025653082,interaction,2
1099,0.796535251514,blocking,2
1100,-0.00751409162308,density,4
1101,0.267684719033,linear,4
1102,0.309503931869,non-linear,4
1103,0.449931611024,interaction,4
1104,0.412857905851,blocking,4
1105,0.00400681633771,density,5
1106,0.215828428168,linear,5
1107,0.339708372844,non-linear,5
1108,0.382228094363,interaction,5
1109,0.320911052275,blocking,5
1110,0.0177080559951,density,7
1111,0.246142697729,linear,7
1112,0.238179511916,non-linear,7
1113,0.202588282424,interaction,7
1114,0.501561011261,blocking,7
1115,0.00628168535744,density,6
1116,0.172550133555,linear,6
1117,0.435045801519,non-linear,6
1118,0.389072688014,interaction,6
1119,0.595338629344,blocking,6
1120,0.431348629432,density,1
1121,0.515671393164,linear,1
1122,0.614321594276,non-linear,1
1123,0.709161617169,interaction,1
1124,0.727535043988,blocking,1
1125,0.00990072048244,density,3
1126,0.184037442344,linear,3
1127,0.306853051402,non-linear,3
1128,0.542721235391,interaction,3
1129,0.529105432978,blocking,3
1130,0.0868606197324,density,2
1131,0.623347765492,linear,2
1132,0.715474106987,non-linear,2
1133,0.687354339606,interaction,2
1134,0.827522362938,blocking,2
1135,-0.00683854188372,density,4
1136,0.239141117006,linear,4
1137,0.24295521468,non-linear,4
1138,0.43438376773,interaction,4
1139,0.463389743747,blocking,4
1140,0.0153881104297,density,5
1141,0.342754933512,linear,5
1142,0.291437833565,non-linear,5
1143,0.402247483626,interaction,5
1144,0.362422127987,blocking,5
1145,0.159953944102,density,7
1146,0.135438826173,linear,7
1147,0.211213887449,non-linear,7
1148,0.259185214546,interaction,7
1149,0.369509279483,blocking,7
1150,-0.0118215701433,density,6
1151,0.213879425623,linear,6
1152,0.464689317693,non-linear,6
1153,0.439085482336,interaction,6
1154,0.511247113401,blocking,6
1155,0.432142813669,density,1
1156,0.4143322492,linear,1
1157,0.637846977957,non-linear,1
1158,0.735145002384,interaction,1
1159,0.757523774436,blocking,1
1160,-0.00341357333459,density,3
1161,0.154386498734,linear,3
1162,0.419051332668,non-linear,3
1163,0.582052525549,interaction,3
1164,0.517160569079,blocking,3
1165,0.0482345997581,density,2
1166,0.629566207874,linear,2
1167,0.719406748837,non-linear,2
1168,0.789358497986,interaction,2
1169,0.783150085212,blocking,2
1170,-0.0111452355748,density,4
1171,0.222131438676,linear,4
1172,0.295543279066,non-linear,4
1173,0.450582012854,interaction,4
1174,0.376060019071,blocking,4
1175,0.000325399293912,density,5
1176,0.326656576662,linear,5
1177,0.176486652734,non-linear,5
1178,0.233209621985,interaction,5
1179,0.389163778105,blocking,5
1180,0.0364850967587,density,7
1181,0.235448543346,linear,7
1182,0.230957632821,non-linear,7
1183,0.21090836245,interaction,7
1184,0.314958713868,blocking,7
1185,0.0238756005004,density,6
1186,0.177336991442,linear,6
1187,0.386863502701,non-linear,6
1188,0.414350660829,interaction,6
1189,0.501400421024,blocking,6
1190,0.476799675142,density,1
1191,0.437597123829,linear,1
1192,0.616832762953,non-linear,1
1193,0.749808086097,interaction,1
1194,0.779796697231,blocking,1
1195,-0.0104953814737,density,3
1196,0.171852131409,linear,3
1197,0.416521267911,non-linear,3
1198,0.517012450858,interaction,3
1199,0.618090312715,blocking,3
1200,0.0183787573891,density,2
1201,0.673618277681,linear,2
1202,0.717811044853,non-linear,2
1203,0.762295834334,interaction,2
1204,0.780422092678,blocking,2
1205,-0.012280531275,density,4
1206,0.322692588698,linear,4
1207,0.330188561944,non-linear,4
1208,0.403706260251,interaction,4
1209,0.375584809982,blocking,4
1210,-0.0113819792652,density,5
1211,0.294433584826,linear,5
1212,0.318884617249,non-linear,5
1213,0.337291413651,interaction,5
1214,0.351676966267,blocking,5
1215,0.112351418237,density,7
1216,0.17324655507,linear,7
1217,0.253603157408,non-linear,7
1218,0.0874594349126,interaction,7
1219,0.328564162247,blocking,7
1220,0.0109962021521,density,6
1221,0.260957748708,linear,6
1222,0.157982532893,non-linear,6
1223,0.355135276409,interaction,6
1224,0.511153368182,blocking,6
1225,0.397366666199,density,1
1226,0.461469865119,linear,1
1227,0.676715184311,non-linear,1
1228,0.749127490863,interaction,1
1229,0.768136014901,blocking,1
1230,0.015280827986,density,3
1231,0.146659876535,linear,3
1232,0.415530619674,non-linear,3
1233,0.625064381373,interaction,3
1234,0.566791195193,blocking,3
1235,0.0781077520494,density,2
1236,0.640628051054,linear,2
1237,0.694497694308,non-linear,2
1238,0.702124427456,interaction,2
1239,0.798340280901,blocking,2
1240,-0.0155679692026,density,4
1241,0.221762234886,linear,4
1242,0.256144673306,non-linear,4
1243,0.406900498703,interaction,4
1244,0.443875996259,blocking,4
1245,0.0544427253681,density,5
1246,0.173204638095,linear,5
1247,0.342540330778,non-linear,5
1248,0.30675221475,interaction,5
1249,0.428091044293,blocking,5
1250,0.0981795139456,density,7
1251,0.169944654527,linear,7
1252,0.278172961211,non-linear,7
1253,0.245055998757,interaction,7
1254,0.354834371382,blocking,7
1255,0.000426523651661,density,6
1256,0.138158208274,linear,6
1257,0.206154805108,non-linear,6
1258,0.333079221694,interaction,6
1259,0.547123721263,blocking,6
1260,0.377626173863,density,1
1261,0.455297788196,linear,1
1262,0.629134550456,non-linear,1
1263,0.792009021875,interaction,1
1264,0.755380937253,blocking,1
1265,-0.0021137889587,density,3
1266,0.344791500481,linear,3
1267,0.385420751739,non-linear,3
1268,0.567436761869,interaction,3
1269,0.58942012644,blocking,3
1270,0.0695324477077,density,2
1271,0.65591419768,linear,2
1272,0.680628643663,non-linear,2
1273,0.719069652836,interaction,2
1274,0.78592189344,blocking,2
1275,-0.0167547639038,density,4
1276,0.243962310308,linear,4
1277,0.301122866498,non-linear,4
1278,0.439942058925,interaction,4
1279,0.436585978227,blocking,4
1280,0.0602165487702,density,5
1281,0.128410704223,linear,5
1282,0.387862030296,non-linear,5
1283,0.495701909961,interaction,5
1284,0.239710993482,blocking,5
1285,0.0998175130153,density,7
1286,0.213221260293,linear,7
1287,0.179850932303,non-linear,7
1288,0.293667694746,interaction,7
1289,0.470373830913,blocking,7
1290,0.0257209565584,density,6
1291,0.144479077438,linear,6
1292,0.182551566482,non-linear,6
1293,0.347185858824,interaction,6
1294,0.450873017278,blocking,6
1295,0.458311014313,density,1
1296,0.374523095512,linear,1
1297,0.653491272382,non-linear,1
1298,0.738532141452,interaction,1
1299,0.791403876075,blocking,1
1300,0.00559926609288,density,3
1301,0.282602557052,linear,3
1302,0.18952184086,non-linear,3
1303,0.582314433383,interaction,3
1304,0.610670236179,blocking,3
1305,0.106139466499,density,2
1306,0.651516489617,linear,2
1307,0.666012202619,non-linear,2
1308,0.736125991696,interaction,2
1309,0.815372894731,blocking,2
1310,-0.0146981173718,density,4
1311,0.270643711026,linear,4
1312,0.255191794479,non-linear,4
1313,0.455403711367,interaction,4
1314,0.495294538084,blocking,4
1315,0.00840873809561,density,5
1316,0.245268184859,linear,5
1317,0.164775102336,non-linear,5
1318,0.443165026692,interaction,5
1319,0.386955072034,blocking,5
1320,0.0394412878311,density,7
1321,0.228923340884,linear,7
1322,0.245466755225,non-linear,7
1323,0.260931901136,interaction,7
1324,0.365593868156,blocking,7
1325,0.00713043572215,density,6
1326,0.121248337932,linear,6
1327,0.452838631196,non-linear,6
1328,0.37808306422,interaction,6
1329,0.402131352074,blocking,6
1330,0.447908460068,density,1
1331,0.430652699586,linear,1
1332,0.594982882398,non-linear,1
1333,0.753002992248,interaction,1
1334,0.815059078027,blocking,1
1335,-0.0211309636594,density,3
1336,0.207836541388,linear,3
1337,0.260711198267,non-linear,3
1338,0.480595580348,interaction,3
1339,0.608318854684,blocking,3
1340,0.004562403512,density,2
1341,0.661624732583,linear,2
1342,0.648936350518,non-linear,2
1343,0.777726056334,interaction,2
1344,0.787761786104,blocking,2
1345,-0.0117343061815,density,4
1346,0.201319745887,linear,4
1347,0.197767855006,non-linear,4
1348,0.426409315606,interaction,4
1349,0.46995887373,blocking,4
1350,0.0111651249382,density,5
1351,0.198908111861,linear,5
1352,0.218838071814,non-linear,5
1353,0.477219019952,interaction,5
1354,0.437896882115,blocking,5
1355,0.154898457975,density,7
1356,0.23879222239,linear,7
1357,0.277692216219,non-linear,7
1358,0.22449725967,interaction,7
1359,0.383650232079,blocking,7
1360,0.0400324383731,density,6
1361,0.0677498179053,linear,6
1362,0.26712187975,non-linear,6
1363,0.368123072687,interaction,6
1364,0.470647386627,blocking,6
1365,0.406830594897,density,1
1366,0.515485418909,linear,1
1367,0.656107176968,non-linear,1
1368,0.722106566311,interaction,1
1369,0.758270613774,blocking,1
1370,0.00184232830318,density,3
1371,0.291846359899,linear,3
1372,0.349328460923,non-linear,3
1373,0.580966907118,interaction,3
1374,0.590427952481,blocking,3
1375,0.0508851923962,density,2
1376,0.612590294852,linear,2
1377,0.681044700662,non-linear,2
1378,0.731170707942,interaction,2
1379,0.821573964429,blocking,2
1380,-0.00456775976863,density,4
1381,0.230482548768,linear,4
1382,0.269427673756,non-linear,4
1383,0.407611894317,interaction,4
1384,0.48878538088,blocking,4
1385,0.00908284611418,density,5
1386,0.216556857285,linear,5
1387,0.231092360192,non-linear,5
1388,0.349947273202,interaction,5
1389,0.551026243376,blocking,5
1390,0.0677181010605,density,7
1391,0.310578787095,linear,7
1392,0.193784482841,non-linear,7
1393,0.372518701375,interaction,7
1394,0.389854490439,blocking,7
1395,0.00920514575376,density,6
1396,0.157104452578,linear,6
1397,0.191013992355,non-linear,6
1398,0.374030335941,interaction,6
1399,0.369888734233,blocking,6
1400,0.406740135885,density,1
1401,0.369724129866,linear,1
1402,0.676914377188,non-linear,1
1403,0.743896961746,interaction,1
1404,0.795000684002,blocking,1
1405,0.00843130279938,density,3
1406,0.318527398901,linear,3
1407,0.284207480862,non-linear,3
1408,0.593823984855,interaction,3
1409,0.523206192194,blocking,3
1410,0.087985970052,density,2
1411,0.646190170259,linear,2
1412,0.699885644921,non-linear,2
1413,0.73438949227,interaction,2
1414,0.787566685103,blocking,2
1415,-0.00980975111495,density,4
1416,0.278324416273,linear,4
1417,0.353138161587,non-linear,4
1418,0.298724489842,interaction,4
1419,0.468550396797,blocking,4
1420,0.0690690995007,density,5
1421,0.0924575078659,linear,5
1422,0.297483506328,non-linear,5
1423,0.443913977144,interaction,5
1424,0.463458157237,blocking,5
1425,0.0849378662327,density,7
1426,0.198957684384,linear,7
1427,0.380234812429,non-linear,7
1428,0.257686512186,interaction,7
1429,0.376457059969,blocking,7
1430,-0.0083140712543,density,6
1431,0.238204198715,linear,6
1432,0.146194494339,non-linear,6
1433,0.277157269037,interaction,6
1434,0.486532763455,blocking,6
1435,0.430264991718,density,1
1436,0.440028918346,linear,1
1437,0.668643558783,non-linear,1
1438,0.714948254967,interaction,1
1439,0.815804023588,blocking,1
1440,0.000783806694034,density,3
1441,0.37468863688,linear,3
1442,0.376358033328,non-linear,3
1443,0.527824186918,interaction,3
1444,0.567711905239,blocking,3
1445,-0.00229894136655,density,2
1446,0.633250716284,linear,2
1447,0.699676940137,non-linear,2
1448,0.709980081019,interaction,2
1449,0.791719022011,blocking,2
1450,-0.0150822478138,density,4
1451,0.172842075104,linear,4
1452,0.282652447517,non-linear,4
1453,0.451273595532,interaction,4
1454,0.326617459317,blocking,4
1455,0.0473344756053,density,5
1456,0.299338785342,linear,5
1457,0.294590597196,non-linear,5
1458,0.346786102894,interaction,5
1459,0.314536181697,blocking,5
1460,0.0584662926639,density,7
1461,0.121989264692,linear,7
1462,0.249992081369,non-linear,7
1463,0.256186850132,interaction,7
1464,0.344985590324,blocking,7
1465,0.0134219332346,density,6
1466,0.310689446759,linear,6
1467,0.167592375922,non-linear,6
1468,0.563899642754,interaction,6
1469,0.537476798619,blocking,6
1470,0.432990636603,density,1
1471,0.541584015471,linear,1
1472,0.632852992267,non-linear,1
1473,0.711085114355,interaction,1
1474,0.777614544454,blocking,1
1475,0.00832483051996,density,3
1476,0.295715396522,linear,3
1477,0.407107171642,non-linear,3
1478,0.562620104729,interaction,3
1479,0.608492779901,blocking,3
1480,0.0445466114639,density,2
1481,0.684622124076,linear,2
1482,0.662337036739,non-linear,2
1483,0.712926091086,interaction,2
1484,0.788022765218,blocking,2
1485,-0.0157002196321,density,4
1486,0.185098704817,linear,4
1487,0.23608537418,non-linear,4
1488,0.442614525922,interaction,4
1489,0.418810896198,blocking,4
1490,0.00363174308959,density,5
1491,0.245244483614,linear,5
1492,0.145100708775,non-linear,5
1493,0.450181833831,interaction,5
1494,0.284072213969,blocking,5
1495,0.0698096589186,density,7
1496,0.222839233968,linear,7
1497,0.268622635162,non-linear,7
1498,0.226572901104,interaction,7
1499,0.380187921224,blocking,7
1500,0.0481484251637,density,6
1501,0.18196828537,linear,6
1502,0.395573146455,non-linear,6
1503,0.436120585733,interaction,6
1504,0.609319695684,blocking,6
1505,0.53651730988,density,1
1506,0.389692290899,linear,1
1507,0.621548580457,non-linear,1
1508,0.724104828401,interaction,1
1509,0.732312783169,blocking,1
1510,-0.00803807566216,density,3
1511,0.318504646701,linear,3
1512,0.237604095577,non-linear,3
1513,0.59196324156,interaction,3
1514,0.676531462041,blocking,3
1515,0.0319643780071,density,2
1516,0.661170141164,linear,2
1517,0.677619270432,non-linear,2
1518,0.708318709802,interaction,2
1519,0.799094364011,blocking,2
1520,-0.0150590871374,density,4
1521,0.205372191131,linear,4
1522,0.31690817704,non-linear,4
1523,0.402158699652,interaction,4
1524,0.511596740623,blocking,4
1525,0.051587860924,density,5
1526,0.366363846392,linear,5
1527,0.326568343698,non-linear,5
1528,0.607662106066,interaction,5
1529,0.352479270992,blocking,5
1530,0.118485124158,density,7
1531,0.260767383099,linear,7
1532,0.314749927144,non-linear,7
1533,0.396287292183,interaction,7
1534,0.329794479759,blocking,7
1535,0.0126006272085,density,6
1536,0.171127094247,linear,6
1537,0.171987980206,non-linear,6
1538,0.390867819727,interaction,6
1539,0.557534461492,blocking,6
1540,0.465319957464,density,1
1541,0.476363026473,linear,1
1542,0.674876630074,non-linear,1
1543,0.70654950779,interaction,1
1544,0.781631293501,blocking,1
1545,-0.000776991777692,density,3
1546,0.356939861979,linear,3
1547,0.431499721981,non-linear,3
1548,0.352571011479,interaction,3
1549,0.709427531536,blocking,3
1550,0.0887213016133,density,2
1551,0.707964778146,linear,2
1552,0.703077077455,non-linear,2
1553,0.701125222274,interaction,2
1554,0.814573766088,blocking,2
1555,-0.017824495012,density,4
1556,0.274031053634,linear,4
1557,0.319317740673,non-linear,4
1558,0.460974479409,interaction,4
1559,0.408244590033,blocking,4
1560,0.0928910543354,density,5
1561,0.379628656604,linear,5
1562,0.296884055539,non-linear,5
1563,0.33601010586,interaction,5
1564,0.371325296567,blocking,5
1565,0.0516027269179,density,7
1566,0.12925154532,linear,7
1567,0.151495041349,non-linear,7
1568,0.424230966548,interaction,7
1569,0.232500574026,blocking,7
1570,0.00931228223875,density,6
1571,0.404585488459,linear,6
1572,0.207959765695,non-linear,6
1573,0.281113250075,interaction,6
1574,0.503004123109,blocking,6
1575,0.514567886935,density,1
1576,0.397538156668,linear,1
1577,0.667090276764,non-linear,1
1578,0.669507945948,interaction,1
1579,0.780953283859,blocking,1
1580,-0.00509671716148,density,3
1581,0.213609832434,linear,3
1582,0.198169757684,non-linear,3
1583,0.52648414736,interaction,3
1584,0.621428259435,blocking,3
1585,0.0411677359316,density,2
1586,0.622577674922,linear,2
1587,0.727845651513,non-linear,2
1588,0.700703018701,interaction,2
1589,0.782361284425,blocking,2
1590,-0.0108846716849,density,4
1591,0.296215859183,linear,4
1592,0.297092319032,non-linear,4
1593,0.352938166499,interaction,4
1594,0.399551528333,blocking,4
1595,0.000189002905538,density,5
1596,0.212831696796,linear,5
1597,0.242183660903,non-linear,5
1598,0.419412634496,interaction,5
1599,0.401102824861,blocking,5
1600,0.0795295718175,density,7
1601,0.0474404413315,linear,7
1602,0.236263934213,non-linear,7
1603,0.478623834515,interaction,7
1604,0.41240622717,blocking,7
1605,0.0119390625233,density,6
1606,0.118633980727,linear,6
1607,0.340983209321,non-linear,6
1608,0.412883422415,interaction,6
1609,0.600381594344,blocking,6
1610,0.413877302727,density,1
1611,0.438345040465,linear,1
1612,0.64044155089,non-linear,1
1613,0.733206883378,interaction,1
1614,0.825952003541,blocking,1
1615,-0.00325400670624,density,3
1616,0.196066894104,linear,3
1617,0.295027114615,non-linear,3
1618,0.573025705523,interaction,3
1619,0.445354179808,blocking,3
1620,0.0244923926873,density,2
1621,0.654409292718,linear,2
1622,0.737726309174,non-linear,2
1623,0.719873005188,interaction,2
1624,0.808409526806,blocking,2
1625,-0.0124527774154,density,4
1626,0.328763017896,linear,4
1627,0.234360186137,non-linear,4
1628,0.541204324534,interaction,4
1629,0.404617921708,blocking,4
1630,0.00857200490401,density,5
1631,0.226131936777,linear,5
1632,0.23601887273,non-linear,5
1633,0.388266474377,interaction,5
1634,0.438058085422,blocking,5
1635,0.0968433324278,density,7
1636,0.251021871765,linear,7
1637,0.25004937772,non-linear,7
1638,0.267088087787,interaction,7
1639,0.276882234879,blocking,7
1640,0.0210204858827,density,6
1641,0.228026450984,linear,6
1642,0.178732366859,non-linear,6
1643,0.298118806033,interaction,6
1644,0.496488376501,blocking,6
1645,0.408332589087,density,1
1646,0.390006690908,linear,1
1647,0.575451885218,non-linear,1
1648,0.717672528667,interaction,1
1649,0.760510014287,blocking,1
1650,-0.00326724617848,density,3
1651,0.180475448076,linear,3
1652,0.337732014968,non-linear,3
1653,0.605911486497,interaction,3
1654,0.594396624815,blocking,3
1655,0.013733492922,density,2
1656,0.656581704658,linear,2
1657,0.670546860723,non-linear,2
1658,0.720199408011,interaction,2
1659,0.781357247965,blocking,2
1660,-0.01142783909,density,4
1661,0.325812562803,linear,4
1662,0.230317225713,non-linear,4
1663,0.451674388604,interaction,4
1664,0.389668347032,blocking,4
1665,0.052460682129,density,5
1666,0.220970730794,linear,5
1667,0.378271518951,non-linear,5
1668,0.35851624418,interaction,5
1669,0.436376884346,blocking,5
1670,0.0587258809084,density,7
1671,0.231662633585,linear,7
1672,0.300398834563,non-linear,7
1673,0.24447987688,interaction,7
1674,0.169980805219,blocking,7
1675,0.00904856741807,density,6
1676,0.149747085243,linear,6
1677,0.385238316468,non-linear,6
1678,0.391952194777,interaction,6
1679,0.538899208529,blocking,6
1680,0.421580804857,density,1
1681,0.426651474201,linear,1
1682,0.612610327431,non-linear,1
1683,0.728963118112,interaction,1
1684,0.791970603255,blocking,1
1685,-0.00383237241437,density,3
1686,0.33658693515,linear,3
1687,0.282931459778,non-linear,3
1688,0.56433478266,interaction,3
1689,0.664180540262,blocking,3
1690,0.0662137610915,density,2
1691,0.681290237404,linear,2
1692,0.677636630514,non-linear,2
1693,0.765108326783,interaction,2
1694,0.803222213496,blocking,2
1695,-0.0120483860021,density,4
1696,0.247040344758,linear,4
1697,0.303236284669,non-linear,4
1698,0.316428630227,interaction,4
1699,0.428930693146,blocking,4
1700,0.146808209714,density,5
1701,0.349567199879,linear,5
1702,0.280178295635,non-linear,5
1703,0.408102483827,interaction,5
1704,0.512894165964,blocking,5
1705,0.068931590726,density,7
1706,0.127946438763,linear,7
1707,0.25032756174,non-linear,7
1708,0.193242612764,interaction,7
1709,0.367709785295,blocking,7
1710,0.026733786341,density,6
1711,0.200991062039,linear,6
1712,0.179994308762,non-linear,6
1713,0.277712499667,interaction,6
1714,0.411983767763,blocking,6
1715,0.416394452659,density,1
1716,0.46178948255,linear,1
1717,0.589801878723,non-linear,1
1718,0.705297470985,interaction,1
1719,0.771662935868,blocking,1
1720,0.00695157170386,density,3
1721,0.202137737616,linear,3
1722,0.368262750757,non-linear,3
1723,0.582746712637,interaction,3
1724,0.442123123903,blocking,3
1725,0.0142633719032,density,2
1726,0.677972896355,linear,2
1727,0.718284055844,non-linear,2
1728,0.725180525801,interaction,2
1729,0.804316783972,blocking,2
1730,-0.0124247746644,density,4
1731,0.33163682665,linear,4
1732,0.191996868343,non-linear,4
1733,0.335047485869,interaction,4
1734,0.307202272099,blocking,4
1735,0.00901996869004,density,5
1736,0.183496266107,linear,5
1737,0.211310854792,non-linear,5
1738,0.483819318098,interaction,5
1739,0.44089614872,blocking,5
1740,0.100228060091,density,7
1741,0.246918264159,linear,7
1742,0.299778857175,non-linear,7
1743,0.122375484517,interaction,7
1744,0.341905133074,blocking,7
1745,-0.00554133014976,density,6
1746,0.141230553579,linear,6
1747,0.268915094697,non-linear,6
1748,0.344566734679,interaction,6
1749,0.516418614965,blocking,6
