,board,correct,inverse_computation,k,move_limit,noise,shutter_size
0,10_easy_full,0.36,0.00305278261135,5,30,0.0,0.0
1,10_easy_pruned,0.47,0.00314594016422,5,30,0.0,0.0
2,10_hard_full,0.21,0.00274416179578,5,30,0.0,0.0
3,10_hard_pruned,0.14,0.00280875207145,5,30,0.0,0.0
4,10_medium_full,0.1,0.00261130695913,5,30,0.0,0.0
5,10_medium_pruned,0.34,0.0027193865064,5,30,0.0,0.0
6,6_easy_full,0.82,0.014852220407,5,30,0.0,0.0
7,6_easy_pruned,0.89,0.0157753588894,5,30,0.0,0.0
8,6_easy_pruned,0.96,0.00651168848082,5,30,0.0,2.0
9,6_hard_full,0.28,0.00596267366287,5,30,0.0,0.0
10,6_hard_pruned,0.2,0.00664849411608,5,30,0.0,0.0
11,10_easy_full,0.37,0.00301522689582,10,30,0.0,0.0
12,10_easy_pruned,0.59,0.00304349149344,10,30,0.0,0.0
13,10_hard_full,0.18,0.00284446467175,10,30,0.0,0.0
14,10_hard_pruned,0.11,0.00282757450659,10,30,0.0,0.0
15,10_medium_full,0.11,0.00263289539507,10,30,0.0,0.0
16,10_medium_pruned,0.37,0.00255604120338,10,30,0.0,0.0
17,6_easy_full,0.71,0.0151285930408,10,30,0.0,0.0
18,6_easy_full,0.86,0.00892618048737,10,30,0.0,0.5
19,6_easy_pruned,0.89,0.0147318797879,10,30,0.0,0.0
20,6_hard_full,0.15,0.00639836201932,10,30,0.0,0.0
21,6_hard_pruned,0.15,0.00735186002059,10,30,0.0,0.0
22,10_easy_full,0.32,0.00293435840254,5,30,0.25,0.0
23,10_easy_pruned,0.48,0.00314090081035,5,30,0.25,0.0
24,10_hard_full,0.23,0.00283414578846,5,30,0.25,0.0
25,10_hard_pruned,0.06,0.00274175417432,5,30,0.25,0.0
26,10_hard_pruned,0.15,0.00110542431712,5,30,0.25,1.0
27,10_medium_full,0.09,0.00250231464104,5,30,0.25,0.0
28,10_medium_full,0.19,0.000706963591375,5,30,0.25,2.0
29,10_medium_pruned,0.32,0.0027389006053,5,30,0.25,0.0
30,6_easy_full,0.63,0.0138792505205,5,30,0.25,0.0
31,6_easy_full,0.75,0.00869565217391,5,30,0.25,0.5
32,6_easy_pruned,0.87,0.0154966682163,5,30,0.25,0.0
33,6_hard_full,0.31,0.00612369871402,5,30,0.25,0.0
34,6_hard_pruned,0.21,0.00673083395033,5,30,0.25,0.0
35,10_easy_full,0.25,0.00296515937732,10,30,0.25,0.0
36,10_easy_full,0.37,0.000881134901753,10,30,0.25,2.0
37,10_easy_pruned,0.54,0.00298222593344,10,30,0.25,0.0
38,10_hard_full,0.14,0.00283438678042,10,30,0.25,0.0
39,10_hard_pruned,0.1,0.00283213911467,10,30,0.25,0.0
40,10_medium_full,0.1,0.0025706940874,10,30,0.25,0.0
41,10_medium_pruned,0.4,0.00256732818156,10,30,0.25,0.0
42,6_easy_full,0.7,0.0141904356464,10,30,0.25,0.0
43,6_easy_pruned,0.83,0.0142714428429,10,30,0.25,0.0
44,6_easy_pruned,0.93,0.00929022668153,10,30,0.25,0.5
45,6_hard_full,0.08,0.00637226789014,10,30,0.25,0.0
46,6_hard_pruned,0.13,0.00715154115712,10,30,0.25,0.0
47,10_easy_full,0.32,0.00292184075968,5,30,0.5,0.0
48,10_easy_pruned,0.39,0.00305670181874,5,30,0.5,0.0
49,10_hard_full,0.27,0.00279540435524,5,30,0.5,0.0
50,10_hard_pruned,0.15,0.00279002287819,5,30,0.5,0.0
51,10_medium_full,0.04,0.00251597645046,5,30,0.5,0.0
52,10_medium_full,0.2,0.0012142258703,5,30,0.5,0.5
53,10_medium_pruned,0.37,0.00273119571749,5,30,0.5,0.0
54,6_easy_full,0.58,0.0130599451482,5,30,0.5,0.0
55,6_easy_full,0.7,0.00841325929665,5,30,0.5,0.5
56,6_easy_pruned,0.86,0.0153303694619,5,30,0.5,0.0
57,6_hard_full,0.19,0.00611583389395,5,30,0.5,0.0
58,6_hard_pruned,0.13,0.0069328896284,5,30,0.5,0.0
59,10_easy_full,0.37,0.00298204807061,10,30,0.5,0.0
60,10_easy_pruned,0.59,0.0028901734104,10,30,0.5,0.0
61,10_hard_full,0.2,0.0028384093554,10,30,0.5,0.0
62,10_hard_pruned,0.08,0.00283535115824,10,30,0.5,0.0
63,10_medium_full,0.1,0.00258819266506,10,30,0.5,0.0
64,10_medium_pruned,0.39,0.00255382179432,10,30,0.5,0.0
65,6_easy_full,0.65,0.0138331719463,10,30,0.5,0.0
66,6_easy_full,0.83,0.00848968503269,10,30,0.5,0.5
67,6_easy_pruned,0.82,0.0139958012596,10,30,0.5,0.0
68,6_hard_full,0.14,0.00647584509779,10,30,0.5,0.0
69,6_hard_pruned,0.16,0.00727272727273,10,30,0.5,0.0
70,10_easy_full,0.25,0.00292928701154,5,30,0.75,0.0
71,10_easy_pruned,0.43,0.0031927460809,5,30,0.75,0.0
72,10_hard_full,0.19,0.00275103163686,5,30,0.75,0.0
73,10_hard_pruned,0.07,0.00282781438226,5,30,0.75,0.0
74,10_hard_pruned,0.14,0.00136765228808,5,30,0.75,0.5
75,10_medium_full,0.05,0.00254783561365,5,30,0.75,0.0
76,10_medium_pruned,0.27,0.00273912567109,5,30,0.75,0.0
77,10_medium_pruned,0.38,0.00132874473485,5,30,0.75,0.5
78,6_easy_full,0.55,0.0135685210312,5,30,0.75,0.0
79,6_easy_full,0.71,0.00716794495018,5,30,0.75,1.0
80,6_easy_pruned,0.8,0.015192950471,5,30,0.75,0.0
81,6_easy_pruned,0.89,0.0095529231945,5,30,0.75,0.5
82,6_hard_full,0.28,0.0062825909405,5,30,0.75,0.0
83,6_hard_pruned,0.19,0.0067732321864,5,30,0.75,0.0
84,6_hard_pruned,0.31,0.00220828548715,5,30,0.75,2.0
85,10_easy_full,0.3,0.00292585873954,10,30,0.75,0.0
86,10_easy_pruned,0.59,0.00295281403177,10,30,0.75,0.0
87,10_hard_full,0.17,0.00281817157029,10,30,0.75,0.0
88,10_hard_pruned,0.11,0.00280151281692,10,30,0.75,0.0
89,10_medium_full,0.1,0.00255154113084,10,30,0.75,0.0
90,10_medium_pruned,0.32,0.00256436557596,10,30,0.75,0.0
91,6_easy_full,0.63,0.0136593361563,10,30,0.75,0.0
92,6_easy_pruned,0.74,0.0138908181692,10,30,0.75,0.0
93,6_easy_pruned,0.84,0.00867678958785,10,30,0.75,0.5
94,6_hard_full,0.15,0.00638691958868,10,30,0.75,0.0
95,6_hard_pruned,0.18,0.0071367399372,10,30,0.75,0.0
96,10_easy_full,0.26,0.00289821469974,5,30,1.0,0.0
97,10_easy_pruned,0.41,0.0032421216444,5,30,1.0,0.0
98,10_hard_full,0.18,0.00281618744544,5,30,1.0,0.0
99,10_hard_pruned,0.08,0.00281373100732,5,30,1.0,0.0
100,10_medium_full,0.12,0.00252735865747,5,30,1.0,0.0
101,10_medium_pruned,0.38,0.00282119280032,5,30,1.0,0.0
102,6_easy_full,0.52,0.0134066228717,5,30,1.0,0.0
103,6_easy_pruned,0.75,0.0147015583652,5,30,1.0,0.0
104,6_easy_pruned,0.85,0.00796305144131,5,30,1.0,1.0
105,6_hard_full,0.21,0.00633593106507,5,30,1.0,0.0
106,6_hard_pruned,0.12,0.00679209400258,5,30,1.0,0.0
107,10_easy_full,0.23,0.00291791894021,10,30,1.0,0.0
108,10_easy_pruned,0.43,0.0029823148728,10,30,1.0,0.0
109,10_hard_full,0.12,0.0028930999566,10,30,1.0,0.0
110,10_hard_pruned,0.13,0.00283254022207,10,30,1.0,0.0
111,10_medium_full,0.08,0.00256154102308,10,30,1.0,0.0
112,10_medium_pruned,0.29,0.00258825965421,10,30,1.0,0.0
113,10_medium_pruned,0.39,0.00121245923106,10,30,1.0,0.5
114,6_easy_full,0.58,0.0133815067577,10,30,1.0,0.0
115,6_easy_full,0.71,0.0087496718873,10,30,1.0,0.5
116,6_easy_pruned,0.76,0.0136351240796,10,30,1.0,0.0
117,6_easy_pruned,0.86,0.00870170553428,10,30,1.0,0.5
118,6_hard_full,0.15,0.00650956906653,10,30,1.0,0.0
119,6_hard_pruned,0.13,0.0071530758226,10,30,1.0,0.0
120,10_easy_full,0.24,0.00298418382572,5,30,1.25,0.0
121,10_easy_full,0.34,0.000875932868505,5,30,1.25,2.0
122,10_easy_pruned,0.3,0.00322092311657,5,30,1.25,0.0
123,10_easy_pruned,0.46,0.00157547303578,5,30,1.25,0.5
124,10_hard_full,0.14,0.00284584080367,5,30,1.25,0.0
125,10_hard_pruned,0.14,0.00282613610671,5,30,1.25,0.0
126,10_medium_full,0.12,0.00256337955961,5,30,1.25,0.0
127,10_medium_pruned,0.28,0.00278287972394,5,30,1.25,0.0
128,10_medium_pruned,0.38,0.00137822677343,5,30,1.25,0.5
129,6_easy_full,0.45,0.0132961042415,5,30,1.25,0.0
130,6_easy_full,0.61,0.0085631101216,5,30,1.25,0.5
131,6_easy_pruned,0.75,0.0149342891278,5,30,1.25,0.0
132,6_easy_pruned,0.88,0.00942329438372,5,30,1.25,0.5
133,6_hard_full,0.14,0.00630318310747,5,30,1.25,0.0
134,6_hard_pruned,0.11,0.00659891777748,5,30,1.25,0.0
135,10_easy_full,0.37,0.00294273438879,10,30,1.25,0.0
136,10_easy_pruned,0.41,0.00288292443855,10,30,1.25,0.0
137,10_easy_pruned,0.58,0.00139971725711,10,30,1.25,0.5
138,10_hard_full,0.12,0.00285632676378,10,30,1.25,0.0
139,10_hard_pruned,0.05,0.00286327845383,10,30,1.25,0.0
140,10_medium_full,0.09,0.00258585022755,10,30,1.25,0.0
141,10_medium_pruned,0.32,0.00256298536535,10,30,1.25,0.0
142,10_medium_pruned,0.46,0.000740274641892,10,30,1.25,2.0
143,6_easy_full,0.5,0.0130276185513,10,30,1.25,0.0
144,6_easy_full,0.65,0.00827677536832,10,30,1.25,0.5
145,6_easy_pruned,0.65,0.0142389292325,10,30,1.25,0.0
146,6_easy_pruned,0.83,0.00880359186548,10,30,1.25,0.5
147,6_hard_full,0.05,0.00643500643501,10,30,1.25,0.0
148,6_hard_pruned,0.18,0.00713165026387,10,30,1.25,0.0
149,10_easy_full,0.14,0.00288508698537,5,30,1.5,0.0
150,10_easy_full,0.27,0.00117839761492,5,30,1.5,1.0
151,10_easy_pruned,0.38,0.00326392062145,5,30,1.5,0.0
152,10_easy_pruned,0.49,0.00157185746397,5,30,1.5,0.5
153,10_hard_full,0.19,0.00289939112786,5,30,1.5,0.0
154,10_hard_pruned,0.13,0.0028547774701,5,30,1.5,0.0
155,10_medium_full,0.1,0.00256798746822,5,30,1.5,0.0
156,10_medium_pruned,0.24,0.00280300482117,5,30,1.5,0.0
157,6_easy_full,0.58,0.0130667712008,5,30,1.5,0.0
158,6_easy_pruned,0.68,0.014465499783,5,30,1.5,0.0
159,6_easy_pruned,0.79,0.00923616883717,5,30,1.5,0.5
160,6_hard_full,0.1,0.00628535512256,5,30,1.5,0.0
161,6_hard_pruned,0.11,0.0069094175361,5,30,1.5,0.0
162,10_easy_full,0.23,0.00300273248656,10,30,1.5,0.0
163,10_easy_pruned,0.25,0.00286647939001,10,30,1.5,0.0
164,10_easy_pruned,0.49,0.00141898315667,10,30,1.5,0.5
165,10_hard_full,0.14,0.00290132590594,10,30,1.5,0.0
166,10_hard_pruned,0.09,0.00283446712018,10,30,1.5,0.0
167,10_medium_full,0.08,0.00257818341197,10,30,1.5,0.0
168,10_medium_pruned,0.37,0.00260586319218,10,30,1.5,0.0
169,6_easy_full,0.48,0.0135153399108,10,30,1.5,0.0
170,6_easy_full,0.68,0.00815261699005,10,30,1.5,0.5
171,6_easy_pruned,0.67,0.0138370001384,10,30,1.5,0.0
172,6_easy_pruned,0.86,0.00746602956548,10,30,1.5,1.0
173,6_hard_full,0.1,0.00656512605042,10,30,1.5,0.0
174,6_hard_pruned,0.15,0.00726269155349,10,30,1.5,0.0
175,10_easy_full,0.22,0.00298098133906,5,30,1.75,0.0
176,10_easy_pruned,0.31,0.0031917270435,5,30,1.75,0.0
177,10_hard_full,0.15,0.00286861732645,5,30,1.75,0.0
178,10_hard_pruned,0.12,0.00278055833611,5,30,1.75,0.0
179,10_medium_full,0.05,0.00256752593201,5,30,1.75,0.0
180,10_medium_full,0.13,0.00122488975992,5,30,1.75,0.5
181,10_medium_pruned,0.17,0.00288317379772,5,30,1.75,0.0
182,10_medium_pruned,0.28,0.00139958012596,5,30,1.75,0.5
183,6_easy_full,0.41,0.013453518095,5,30,1.75,0.0
184,6_easy_full,0.63,0.00563856780378,5,30,1.75,2.0
185,6_easy_pruned,0.7,0.014465499783,5,30,1.75,0.0
186,6_hard_full,0.14,0.00643210908857,5,30,1.75,0.0
187,6_hard_pruned,0.18,0.00696912676842,5,30,1.75,0.0
188,10_easy_full,0.24,0.00296630280019,10,30,1.75,0.0
189,10_easy_pruned,0.48,0.00293392794273,10,30,1.75,0.0
190,10_hard_full,0.11,0.00284681299285,10,30,1.75,0.0
191,10_hard_pruned,0.11,0.00289050757313,10,30,1.75,0.0
192,10_medium_full,0.08,0.00260647448261,10,30,1.75,0.0
193,10_medium_pruned,0.39,0.00260538794226,10,30,1.75,0.0
194,6_easy_full,0.61,0.0136574706364,10,30,1.75,0.0
195,6_easy_pruned,0.63,0.0137969094923,10,30,1.75,0.0
196,6_easy_pruned,0.77,0.00872524212547,10,30,1.75,0.5
197,6_hard_full,0.03,0.00655222120299,10,30,1.75,0.0
198,6_hard_full,0.08,0.00382248385001,10,30,1.75,0.5
199,6_hard_pruned,0.12,0.00727166957533,10,30,1.75,0.0
200,10_easy_full,0.15,0.00291749328977,5,30,2.0,0.0
201,10_easy_pruned,0.26,0.00327235838869,5,30,2.0,0.0
202,10_hard_full,0.12,0.00282469916954,5,30,2.0,0.0
203,10_hard_full,0.22,0.00144678019069,5,30,2.0,0.5
204,10_hard_pruned,0.11,0.00287629073547,5,30,2.0,0.0
205,10_medium_full,0.12,0.00257831635942,5,30,2.0,0.0
206,10_medium_pruned,0.27,0.00280127738249,5,30,2.0,0.0
207,6_easy_full,0.41,0.0130582397493,5,30,2.0,0.0
208,6_easy_pruned,0.5,0.0147688672279,5,30,2.0,0.0
209,6_easy_pruned,0.75,0.00935891436593,5,30,2.0,0.5
210,6_hard_full,0.18,0.00636294222448,5,30,2.0,0.0
211,6_hard_pruned,0.13,0.00673945275644,5,30,2.0,0.0
212,10_easy_full,0.19,0.0030580104584,10,30,2.0,0.0
213,10_easy_pruned,0.42,0.00297583620998,10,30,2.0,0.0
214,10_hard_full,0.15,0.00290486564996,10,30,2.0,0.0
215,10_hard_pruned,0.1,0.00280835767243,10,30,2.0,0.0
216,10_medium_full,0.07,0.00261643118786,10,30,2.0,0.0
217,10_medium_pruned,0.26,0.00259437021663,10,30,2.0,0.0
218,6_easy_full,0.51,0.0135391280802,10,30,2.0,0.0
219,6_easy_pruned,0.66,0.0134734572891,10,30,2.0,0.0
220,6_easy_pruned,0.81,0.00732815477063,10,30,2.0,1.0
221,6_hard_full,0.09,0.0066106961063,10,30,2.0,0.0
222,6_hard_pruned,0.14,0.00715154115712,10,30,2.0,0.0
223,10_easy_full,0.19,0.0030267259905,5,30,2.25,0.0
224,10_easy_pruned,0.29,0.00336530371866,5,30,2.25,0.0
225,10_hard_full,0.17,0.00288217661978,5,30,2.25,0.0
226,10_hard_pruned,0.06,0.00282167042889,5,30,2.25,0.0
227,10_medium_full,0.08,0.0025490046137,5,30,2.25,0.0
228,10_medium_pruned,0.17,0.00291800408521,5,30,2.25,0.0
229,10_medium_pruned,0.34,0.00138417883591,5,30,2.25,0.5
230,6_easy_full,0.46,0.0129249062944,5,30,2.25,0.0
231,6_easy_pruned,0.64,0.01500150015,5,30,2.25,0.0
232,6_easy_pruned,0.79,0.00905387052965,5,30,2.25,0.5
233,6_hard_full,0.12,0.00631592244047,5,30,2.25,0.0
234,6_hard_pruned,0.14,0.00700231076255,5,30,2.25,0.0
235,10_easy_full,0.24,0.00303812851284,10,30,2.25,0.0
236,10_easy_pruned,0.38,0.00299931015866,10,30,2.25,0.0
237,10_hard_full,0.15,0.00287794629752,10,30,2.25,0.0
238,10_hard_pruned,0.05,0.00278776727719,10,30,2.25,0.0
239,10_medium_full,0.06,0.00259834745102,10,30,2.25,0.0
240,10_medium_pruned,0.32,0.00258980136224,10,30,2.25,0.0
241,6_easy_full,0.45,0.013194352817,10,30,2.25,0.0
242,6_easy_full,0.61,0.00850918992512,10,30,2.25,0.5
243,6_easy_pruned,0.65,0.0133850890108,10,30,2.25,0.0
244,6_hard_full,0.08,0.006559527714,10,30,2.25,0.0
245,6_hard_pruned,0.1,0.00715819613457,10,30,2.25,0.0
246,10_easy_full,0.17,0.00294637595757,5,30,2.5,0.0
247,10_easy_pruned,0.34,0.00323593178656,5,30,2.5,0.0
248,10_hard_full,0.16,0.00290393773957,5,30,2.5,0.0
249,10_hard_pruned,0.05,0.00283366392746,5,30,2.5,0.0
250,10_hard_pruned,0.11,0.00143041052782,5,30,2.5,0.5
251,10_medium_full,0.07,0.00255682544553,5,30,2.5,0.0
252,10_medium_pruned,0.23,0.00286557583746,5,30,2.5,0.0
253,10_medium_pruned,0.32,0.00136147038802,5,30,2.5,0.5
254,6_easy_full,0.32,0.0125439036628,5,30,2.5,0.0
255,6_easy_full,0.47,0.0083970106642,5,30,2.5,0.5
256,6_easy_pruned,0.62,0.0145666423889,5,30,2.5,0.0
257,6_hard_full,0.19,0.00649392817715,5,30,2.5,0.0
258,6_hard_pruned,0.15,0.00694878743659,5,30,2.5,0.0
259,10_easy_full,0.18,0.00299769177733,10,30,2.5,0.0
260,10_easy_pruned,0.36,0.00296903298596,10,30,2.5,0.0
261,10_easy_pruned,0.49,0.00118063754427,10,30,2.5,1.0
262,10_hard_full,0.07,0.00293918819622,10,30,2.5,0.0
263,10_hard_pruned,0.05,0.00282485875706,10,30,2.5,0.0
264,10_hard_pruned,0.11,0.00115425458239,10,30,2.5,1.0
265,10_medium_full,0.07,0.00257208261529,10,30,2.5,0.0
266,10_medium_pruned,0.26,0.00258671978065,10,30,2.5,0.0
267,6_easy_full,0.4,0.0129282482224,10,30,2.5,0.0
268,6_easy_full,0.5,0.00869792119683,10,30,2.5,0.5
269,6_easy_pruned,0.49,0.0138370001384,10,30,2.5,0.0
270,6_easy_pruned,0.64,0.00866025807569,10,30,2.5,0.5
271,6_hard_full,0.08,0.00663570006636,10,30,2.5,0.0
272,6_hard_pruned,0.11,0.00709773582227,10,30,2.5,0.0
273,10_easy_full,0.32,0.00194295484573,5,50,0.0,0.0
274,10_easy_pruned,0.41,0.0025453712424,5,50,0.0,0.0
275,10_hard_full,0.26,0.00189257731178,5,50,0.0,0.0
276,10_hard_pruned,0.09,0.00184002796843,5,50,0.0,0.0
277,10_medium_full,0.14,0.00174298014746,5,50,0.0,0.0
278,10_medium_pruned,0.39,0.00239498012166,5,50,0.0,0.0
279,6_easy_full,0.75,0.00993936984395,5,50,0.0,0.0
280,6_easy_pruned,0.93,0.0146134736227,5,50,0.0,0.0
281,6_hard_full,0.24,0.00412184163884,5,50,0.0,0.0
282,6_hard_pruned,0.2,0.00455249021215,5,50,0.0,0.0
283,10_easy_full,0.23,0.00200116067319,10,50,0.0,0.0
284,10_easy_full,0.34,0.000729048955637,10,50,0.0,1.0
285,10_easy_pruned,0.55,0.00198538754765,10,50,0.0,0.0
286,10_hard_full,0.2,0.00182778600281,10,50,0.0,0.0
287,10_hard_pruned,0.13,0.00181356546971,10,50,0.0,0.0
288,10_medium_full,0.11,0.00176812772955,10,50,0.0,0.0
289,10_medium_pruned,0.34,0.00167838740538,10,50,0.0,0.0
290,10_medium_pruned,0.46,0.000766594862281,10,50,0.0,0.5
291,6_easy_full,0.84,0.0104766893662,10,50,0.0,0.0
292,6_easy_pruned,0.88,0.00963020030817,10,50,0.0,0.0
293,6_hard_full,0.18,0.00414284530616,10,50,0.0,0.0
294,6_hard_pruned,0.22,0.00466984215934,10,50,0.0,0.0
295,10_easy_full,0.19,0.00187332571514,5,50,0.25,0.0
296,10_easy_full,0.31,0.0008613041868,5,50,0.25,0.5
297,10_easy_pruned,0.42,0.00260287878394,5,50,0.25,0.0
298,10_hard_full,0.26,0.00181202094696,5,50,0.25,0.0
299,10_hard_pruned,0.13,0.00185614849188,5,50,0.25,0.0
300,10_medium_full,0.06,0.00167064837864,5,50,0.25,0.0
301,10_medium_pruned,0.33,0.00250112550648,5,50,0.25,0.0
302,6_easy_full,0.55,0.00952925481227,5,50,0.25,0.0
303,6_easy_full,0.74,0.0057090659968,5,50,0.25,0.5
304,6_easy_pruned,0.85,0.014878738283,5,50,0.25,0.0
305,6_hard_full,0.22,0.00415385893495,5,50,0.25,0.0
306,6_hard_pruned,0.24,0.00462064504205,5,50,0.25,0.0
307,10_easy_full,0.33,0.00192023350039,10,50,0.25,0.0
308,10_easy_pruned,0.47,0.00196955074547,10,50,0.25,0.0
309,10_hard_full,0.16,0.0018723436125,10,50,0.25,0.0
310,10_hard_pruned,0.16,0.00185797629222,10,50,0.25,0.0
311,10_medium_full,0.1,0.00166961632217,10,50,0.25,0.0
312,10_medium_pruned,0.31,0.00170114316821,10,50,0.25,0.0
313,6_easy_full,0.72,0.00976657876746,10,50,0.25,0.0
314,6_easy_pruned,0.88,0.00953470633105,10,50,0.25,0.0
315,6_hard_full,0.12,0.00423083432053,10,50,0.25,0.0
316,6_hard_pruned,0.15,0.00472321934631,10,50,0.25,0.0
317,10_easy_full,0.28,0.00187160771102,5,50,0.5,0.0
318,10_easy_pruned,0.42,0.00285567422468,5,50,0.5,0.0
319,10_hard_full,0.16,0.00187216834538,5,50,0.5,0.0
320,10_hard_pruned,0.15,0.00189684933326,5,50,0.5,0.0
321,10_medium_full,0.09,0.00166251039069,5,50,0.5,0.0
322,10_medium_pruned,0.26,0.00252283162622,5,50,0.5,0.0
323,10_medium_pruned,0.37,0.00117335085537,5,50,0.5,0.5
324,6_easy_full,0.6,0.00927127758205,5,50,0.5,0.0
325,6_easy_full,0.76,0.00539840207299,5,50,0.5,0.5
326,6_easy_pruned,0.9,0.0146327187591,5,50,0.5,0.0
327,6_hard_full,0.2,0.00418567661462,5,50,0.5,0.0
328,6_hard_pruned,0.18,0.00461979118544,5,50,0.5,0.0
329,10_easy_full,0.27,0.00191931211854,10,50,0.5,0.0
330,10_easy_pruned,0.48,0.00198141433355,10,50,0.5,0.0
331,10_hard_full,0.15,0.00184491633304,10,50,0.5,0.0
332,10_hard_pruned,0.12,0.00183820150365,10,50,0.5,0.0
333,10_medium_full,0.11,0.00167622112709,10,50,0.5,0.0
334,10_medium_pruned,0.33,0.00170444861087,10,50,0.5,0.0
335,6_easy_full,0.64,0.00963020030817,10,50,0.5,0.0
336,6_easy_full,0.75,0.00561987186692,10,50,0.5,0.5
337,6_easy_pruned,0.75,0.00930319099451,10,50,0.5,0.0
338,6_hard_full,0.14,0.00424466233711,10,50,0.5,0.0
339,6_hard_pruned,0.17,0.00467617488894,10,50,0.5,0.0
340,10_easy_full,0.29,0.00190675946229,5,50,0.75,0.0
341,10_easy_pruned,0.38,0.0029189410082,5,50,0.75,0.0
342,10_easy_pruned,0.48,0.00128511578893,5,50,0.75,0.5
343,10_hard_full,0.21,0.00186216271578,5,50,0.75,0.0
344,10_hard_pruned,0.12,0.00184702905377,5,50,0.75,0.0
345,10_medium_full,0.08,0.00167294019239,5,50,0.75,0.0
346,10_medium_full,0.17,0.000441411457276,5,50,0.75,2.0
347,10_medium_pruned,0.23,0.00247090509254,5,50,0.75,0.0
348,10_medium_pruned,0.33,0.00115130442792,5,50,0.75,0.5
349,6_easy_full,0.52,0.00904731747037,5,50,0.75,0.0
350,6_easy_full,0.72,0.00479064865383,5,50,0.75,1.0
351,6_easy_pruned,0.8,0.0136481506756,5,50,0.75,0.0
352,6_hard_full,0.2,0.00426803243705,5,50,0.75,0.0
353,6_hard_pruned,0.17,0.00465159549726,5,50,0.75,0.0
354,10_easy_full,0.21,0.00192908677032,10,50,0.75,0.0
355,10_easy_pruned,0.41,0.0019855058076,10,50,0.75,0.0
356,10_hard_full,0.17,0.00187575030012,10,50,0.75,0.0
357,10_hard_pruned,0.15,0.00187076738878,10,50,0.75,0.0
358,10_medium_full,0.04,0.00170668851228,10,50,0.75,0.0
359,10_medium_pruned,0.27,0.00169623774468,10,50,0.75,0.0
360,10_medium_pruned,0.38,0.000635845133559,10,50,0.75,1.0
361,6_easy_full,0.64,0.00905469032959,10,50,0.75,0.0
362,6_easy_pruned,0.91,0.00918273645546,10,50,0.75,0.0
363,6_hard_full,0.18,0.00433425797503,10,50,0.75,0.0
364,6_hard_pruned,0.14,0.00472813238771,10,50,0.75,0.0
365,10_easy_full,0.24,0.00190414532437,5,50,1.0,0.0
366,10_easy_pruned,0.44,0.00266545832556,5,50,1.0,0.0
367,10_hard_full,0.26,0.00185439305715,5,50,1.0,0.0
368,10_hard_pruned,0.13,0.00186776242062,5,50,1.0,0.0
369,10_medium_full,0.09,0.00166364437938,5,50,1.0,0.0
370,10_medium_pruned,0.3,0.00255316976026,5,50,1.0,0.0
371,6_easy_full,0.46,0.00869036238811,5,50,1.0,0.0
372,6_easy_full,0.61,0.00564652738566,5,50,1.0,0.5
373,6_easy_pruned,0.77,0.0141203049986,5,50,1.0,0.0
374,6_easy_pruned,0.86,0.00912408759124,5,50,1.0,0.5
375,6_hard_full,0.18,0.00430755976739,5,50,1.0,0.0
376,6_hard_pruned,0.24,0.00476508148289,5,50,1.0,0.0
377,10_easy_full,0.27,0.00195343022347,10,50,1.0,0.0
378,10_easy_pruned,0.41,0.00196509982707,10,50,1.0,0.0
379,10_hard_full,0.15,0.00188739784459,10,50,1.0,0.0
380,10_hard_pruned,0.05,0.00186563683513,10,50,1.0,0.0
381,10_hard_pruned,0.13,0.000876693113576,10,50,1.0,0.5
382,10_medium_full,0.11,0.00169353746105,10,50,1.0,0.0
383,10_medium_pruned,0.3,0.00173952371841,10,50,1.0,0.0
384,6_easy_full,0.53,0.0091399323645,10,50,1.0,0.0
385,6_easy_full,0.68,0.00551602404986,10,50,1.0,0.5
386,6_easy_pruned,0.64,0.00923872875092,10,50,1.0,0.0
387,6_easy_pruned,0.74,0.00562967967123,10,50,1.0,0.5
388,6_easy_pruned,0.85,0.00483582378258,10,50,1.0,1.0
389,6_hard_full,0.13,0.00421923125607,10,50,1.0,0.0
390,6_hard_pruned,0.16,0.00459453250632,10,50,1.0,0.0
391,10_easy_full,0.22,0.00193296478138,5,50,1.25,0.0
392,10_easy_pruned,0.37,0.00261342253816,5,50,1.25,0.0
393,10_hard_full,0.19,0.00188008798812,5,50,1.25,0.0
394,10_hard_pruned,0.13,0.00186487141712,5,50,1.25,0.0
395,10_medium_full,0.1,0.00166464135302,5,50,1.25,0.0
396,10_medium_pruned,0.26,0.00263692218443,5,50,1.25,0.0
397,6_easy_full,0.4,0.00907523368727,5,50,1.25,0.0
398,6_easy_full,0.58,0.0055417013023,5,50,1.25,0.5
399,6_easy_pruned,0.71,0.0138908181692,5,50,1.25,0.0
400,6_easy_pruned,0.88,0.0089102735454,5,50,1.25,0.5
401,6_hard_full,0.17,0.00430607587306,5,50,1.25,0.0
402,6_hard_pruned,0.16,0.00464770403421,5,50,1.25,0.0
403,10_easy_full,0.14,0.00197773075174,10,50,1.25,0.0
404,10_easy_full,0.22,0.000893439473943,10,50,1.25,0.5
405,10_easy_pruned,0.33,0.00198098256735,10,50,1.25,0.0
406,10_hard_full,0.14,0.00189584241758,10,50,1.25,0.0
407,10_hard_pruned,0.13,0.00186049973023,10,50,1.25,0.0
408,10_medium_full,0.12,0.00168970295022,10,50,1.25,0.0
409,10_medium_pruned,0.3,0.00172013417047,10,50,1.25,0.0
410,6_easy_full,0.54,0.00892219842969,10,50,1.25,0.0
411,6_easy_full,0.73,0.00547375335267,10,50,1.25,0.5
412,6_easy_pruned,0.62,0.00932227090519,10,50,1.25,0.0
413,6_easy_pruned,0.79,0.00555802578924,10,50,1.25,0.5
414,6_hard_full,0.14,0.00435938794193,10,50,1.25,0.0
415,6_hard_pruned,0.16,0.00469153178513,10,50,1.25,0.0
416,10_easy_full,0.19,0.0019349470792,5,50,1.5,0.0
417,10_easy_pruned,0.44,0.00280379072506,5,50,1.5,0.0
418,10_hard_full,0.17,0.00191927528165,5,50,1.5,0.0
419,10_hard_pruned,0.09,0.0018377961149,5,50,1.5,0.0
420,10_medium_full,0.11,0.00166425349909,5,50,1.5,0.0
421,10_medium_pruned,0.26,0.0024520621843,5,50,1.5,0.0
422,6_easy_full,0.43,0.00890075656431,5,50,1.5,0.0
423,6_easy_pruned,0.67,0.0138312586445,5,50,1.5,0.0
424,6_easy_pruned,0.81,0.00864453665284,5,50,1.5,0.5
425,6_hard_full,0.23,0.00417920427951,5,50,1.5,0.0
426,6_hard_pruned,0.19,0.00464144813182,5,50,1.5,0.0
427,10_easy_full,0.24,0.00193356278278,10,50,1.5,0.0
428,10_easy_pruned,0.39,0.00199481348494,10,50,1.5,0.0
429,10_hard_full,0.15,0.00188136135308,10,50,1.5,0.0
430,10_hard_pruned,0.1,0.00187385226549,10,50,1.5,0.0
431,10_medium_full,0.08,0.00168685267029,10,50,1.5,0.0
432,10_medium_pruned,0.2,0.00173268184496,10,50,1.5,0.0
433,6_easy_full,0.5,0.00916506278068,10,50,1.5,0.0
434,6_easy_full,0.68,0.00475737392959,10,50,1.5,1.0
435,6_easy_pruned,0.7,0.00908760450745,10,50,1.5,0.0
436,6_easy_pruned,0.8,0.00562682871933,10,50,1.5,0.5
437,6_hard_full,0.15,0.00434971726838,10,50,1.5,0.0
438,6_hard_pruned,0.08,0.00467726847521,10,50,1.5,0.0
439,6_hard_pruned,0.18,0.00203388451604,10,50,1.5,1.0
440,10_easy_full,0.12,0.00196082276123,5,50,1.75,0.0
441,10_easy_full,0.21,0.000884087312463,5,50,1.75,0.5
442,10_easy_pruned,0.36,0.00281333520889,5,50,1.75,0.0
443,10_hard_full,0.16,0.0018760318175,5,50,1.75,0.0
444,10_hard_pruned,0.15,0.00188462335802,5,50,1.75,0.0
445,10_medium_full,0.07,0.00166394888349,5,50,1.75,0.0
446,10_medium_pruned,0.27,0.00259497612622,5,50,1.75,0.0
447,6_easy_full,0.42,0.00879816998064,5,50,1.75,0.0
448,6_easy_full,0.59,0.00554446662231,5,50,1.75,0.5
449,6_easy_pruned,0.75,0.0136091453457,5,50,1.75,0.0
450,6_hard_full,0.12,0.00438788942519,5,50,1.75,0.0
451,6_hard_pruned,0.15,0.00470212065642,5,50,1.75,0.0
452,10_easy_full,0.12,0.00194446604962,10,50,1.75,0.0
453,10_easy_full,0.22,0.000890884470102,10,50,1.75,0.5
454,10_easy_pruned,0.33,0.00201316610634,10,50,1.75,0.0
455,10_hard_full,0.1,0.0018911098924,10,50,1.75,0.0
456,10_hard_pruned,0.04,0.00182611712715,10,50,1.75,0.0
457,10_hard_pruned,0.11,0.000888952103261,10,50,1.75,0.5
458,10_medium_full,0.06,0.0016919328641,10,50,1.75,0.0
459,10_medium_pruned,0.22,0.0017335529167,10,50,1.75,0.0
460,6_easy_full,0.43,0.00919117647059,10,50,1.75,0.0
461,6_easy_full,0.57,0.00548065329387,10,50,1.75,0.5
462,6_easy_pruned,0.64,0.00947957152337,10,50,1.75,0.0
463,6_easy_pruned,0.77,0.00555957080113,10,50,1.75,0.5
464,6_hard_full,0.13,0.00440742209881,10,50,1.75,0.0
465,6_hard_pruned,0.17,0.00460193281178,10,50,1.75,0.0
466,10_easy_full,0.16,0.00191673694702,5,50,2.0,0.0
467,10_easy_pruned,0.31,0.00272383079563,5,50,2.0,0.0
468,10_hard_full,0.07,0.00190161066423,5,50,2.0,0.0
469,10_hard_pruned,0.11,0.00186539322489,5,50,2.0,0.0
470,10_medium_full,0.1,0.00169411126923,5,50,2.0,0.0
471,10_medium_pruned,0.19,0.00259127775906,5,50,2.0,0.0
472,6_easy_full,0.35,0.00927729845069,5,50,2.0,0.0
473,6_easy_full,0.46,0.00545583501555,5,50,2.0,0.5
474,6_easy_pruned,0.7,0.0133333333333,5,50,2.0,0.0
475,6_easy_pruned,0.8,0.0081103000811,5,50,2.0,0.5
476,6_hard_full,0.21,0.0043233895374,5,50,2.0,0.0
477,6_hard_pruned,0.16,0.00469505610592,5,50,2.0,0.0
478,10_easy_full,0.18,0.00193790938336,10,50,2.0,0.0
479,10_easy_pruned,0.34,0.00198676812429,10,50,2.0,0.0
480,10_easy_pruned,0.5,0.000779131735594,10,50,2.0,1.0
481,10_hard_full,0.16,0.00188490754528,10,50,2.0,0.0
482,10_hard_pruned,0.06,0.00184556326591,10,50,2.0,0.0
483,10_medium_full,0.09,0.00170227253383,10,50,2.0,0.0
484,10_medium_pruned,0.2,0.00176569259292,10,50,2.0,0.0
485,10_medium_pruned,0.29,0.000653167864141,10,50,2.0,1.0
486,6_easy_full,0.33,0.00902364194189,10,50,2.0,0.0
487,6_easy_full,0.47,0.00553005585356,10,50,2.0,0.5
488,6_easy_pruned,0.64,0.00924385283786,10,50,2.0,0.0
489,6_easy_pruned,0.8,0.00467967616641,10,50,2.0,1.0
490,6_hard_full,0.11,0.00436166964714,10,50,2.0,0.0
491,6_hard_pruned,0.15,0.0047092064987,10,50,2.0,0.0
492,10_easy_full,0.18,0.0018904306401,5,50,2.25,0.0
493,10_easy_pruned,0.42,0.00273358482314,5,50,2.25,0.0
494,10_hard_full,0.13,0.00190255132132,5,50,2.25,0.0
495,10_hard_pruned,0.07,0.00185312158331,5,50,2.25,0.0
496,10_hard_pruned,0.13,0.000492809903508,5,50,2.25,2.0
497,10_medium_full,0.06,0.0016924482957,5,50,2.25,0.0
498,10_medium_full,0.14,0.000636675028332,5,50,2.25,1.0
499,10_medium_pruned,0.22,0.00258799171843,5,50,2.25,0.0
500,10_medium_pruned,0.31,0.00125524062963,5,50,2.25,0.5
501,6_easy_full,0.42,0.00903995660821,5,50,2.25,0.0
502,6_easy_pruned,0.65,0.0140726146918,5,50,2.25,0.0
503,6_hard_full,0.17,0.00428063867129,5,50,2.25,0.0
504,6_hard_pruned,0.12,0.00471275743437,5,50,2.25,0.0
505,10_easy_full,0.1,0.00192555793041,10,50,2.25,0.0
506,10_easy_full,0.22,0.000908248714828,10,50,2.25,0.5
507,10_easy_pruned,0.23,0.00209639210918,10,50,2.25,0.0
508,10_hard_full,0.08,0.00193554630795,10,50,2.25,0.0
509,10_hard_full,0.19,0.000913575735428,10,50,2.25,0.5
510,10_hard_pruned,0.06,0.00188051225154,10,50,2.25,0.0
511,10_medium_full,0.06,0.00170450671576,10,50,2.25,0.0
512,10_medium_pruned,0.26,0.00172601273797,10,50,2.25,0.0
513,6_easy_full,0.48,0.00902527075812,10,50,2.25,0.0
514,6_easy_pruned,0.58,0.00912575287461,10,50,2.25,0.0
515,6_easy_pruned,0.68,0.00560946878331,10,50,2.25,0.5
516,6_easy_pruned,0.77,0.00477623346229,10,50,2.25,1.0
517,6_hard_full,0.1,0.0044165709743,10,50,2.25,0.0
518,6_hard_pruned,0.11,0.0047519482988,10,50,2.25,0.0
519,10_easy_full,0.15,0.00195495777291,5,50,2.5,0.0
520,10_easy_pruned,0.24,0.00278605856295,5,50,2.5,0.0
521,10_hard_full,0.07,0.00192189421894,5,50,2.5,0.0
522,10_hard_full,0.14,0.000908925649882,5,50,2.5,0.5
523,10_hard_pruned,0.07,0.00188544062747,5,50,2.5,0.0
524,10_medium_full,0.08,0.0016919328641,5,50,2.5,0.0
525,10_medium_pruned,0.21,0.00276877924523,5,50,2.5,0.0
526,6_easy_full,0.33,0.0092652645233,5,50,2.5,0.0
527,6_easy_full,0.44,0.00495957942766,5,50,2.5,1.0
528,6_easy_pruned,0.67,0.0134898151895,5,50,2.5,0.0
529,6_hard_full,0.17,0.00445553377295,5,50,2.5,0.0
530,6_hard_pruned,0.12,0.00475714761429,5,50,2.5,0.0
531,10_easy_full,0.14,0.00198027644659,10,50,2.5,0.0
532,10_easy_pruned,0.25,0.00205338809035,10,50,2.5,0.0
533,10_easy_pruned,0.43,0.000927437305238,10,50,2.5,0.5
534,10_hard_full,0.12,0.0019061415882,10,50,2.5,0.0
535,10_hard_pruned,0.05,0.00186441941979,10,50,2.5,0.0
536,10_medium_full,0.06,0.0016988600649,10,50,2.5,0.0
537,10_medium_pruned,0.18,0.00179462330857,10,50,2.5,0.0
538,6_easy_full,0.4,0.00937207122774,10,50,2.5,0.0
539,6_easy_full,0.58,0.00565514901318,10,50,2.5,0.5
540,6_easy_pruned,0.44,0.00925069380204,10,50,2.5,0.0
541,6_easy_pruned,0.72,0.00550357732526,10,50,2.5,0.5
542,6_hard_full,0.1,0.00446947349602,10,50,2.5,0.0
543,6_hard_pruned,0.12,0.00471409041625,10,50,2.5,0.0
544,10_easy_full,0.26,0.00115533475825,5,100,0.0,0.0
545,10_easy_pruned,0.51,0.00248212867355,5,100,0.0,0.0
546,10_hard_full,0.27,0.00101501202789,5,100,0.0,0.0
547,10_hard_pruned,0.18,0.00129595790729,5,100,0.0,0.0
548,10_medium_full,0.12,0.00109652729805,5,100,0.0,0.0
549,10_medium_pruned,0.33,0.00234076917675,5,100,0.0,0.0
550,6_easy_full,0.7,0.00640943468786,5,100,0.0,0.0
551,6_easy_pruned,0.91,0.0148038490007,5,100,0.0,0.0
552,6_hard_full,0.33,0.00252595417919,5,100,0.0,0.0
553,6_hard_pruned,0.23,0.00344827586207,5,100,0.0,0.0
554,10_easy_full,0.34,0.0010791910384,10,100,0.0,0.0
555,10_easy_pruned,0.44,0.00149229231022,10,100,0.0,0.0
556,10_hard_full,0.24,0.00100217471914,10,100,0.0,0.0
557,10_hard_pruned,0.09,0.00100668438431,10,100,0.0,0.0
558,10_hard_pruned,0.17,0.000455531058108,10,100,0.0,0.5
559,10_medium_full,0.08,0.000963418981281,10,100,0.0,0.0
560,10_medium_pruned,0.26,0.0013407162106,10,100,0.0,0.0
561,6_easy_full,0.74,0.00581429152858,10,100,0.0,0.0
562,6_easy_pruned,0.89,0.00780822987429,10,100,0.0,0.0
563,6_hard_full,0.2,0.00240038406145,10,100,0.0,0.0
564,6_hard_pruned,0.18,0.00270328719723,10,100,0.0,0.0
565,10_easy_full,0.22,0.00115392160257,5,100,0.25,0.0
566,10_easy_pruned,0.45,0.00261622583261,5,100,0.25,0.0
567,10_hard_full,0.23,0.00102572518771,5,100,0.25,0.0
568,10_hard_pruned,0.14,0.00124418344241,5,100,0.25,0.0
569,10_medium_full,0.07,0.000996055619746,5,100,0.25,0.0
570,10_medium_full,0.18,0.000252460862255,5,100,0.25,2.0
571,10_medium_pruned,0.36,0.0024481602076,5,100,0.25,0.0
572,6_easy_full,0.71,0.00584385226741,5,100,0.25,0.0
573,6_easy_pruned,0.86,0.0142857142857,5,100,0.25,0.0
574,6_hard_full,0.28,0.00256620817081,5,100,0.25,0.0
575,6_hard_pruned,0.15,0.00339662375599,5,100,0.25,0.0
576,6_hard_pruned,0.23,0.00174773231732,5,100,0.25,0.5
577,10_easy_full,0.21,0.00106086163182,10,100,0.25,0.0
578,10_easy_pruned,0.39,0.00155782652044,10,100,0.25,0.0
579,10_hard_full,0.19,0.00101657009251,10,100,0.25,0.0
580,10_hard_pruned,0.08,0.0010179567572,10,100,0.25,0.0
581,10_medium_full,0.13,0.000905321479657,10,100,0.25,0.0
582,10_medium_pruned,0.31,0.00144768081533,10,100,0.25,0.0
583,6_easy_full,0.66,0.00548125411094,10,100,0.25,0.0
584,6_easy_pruned,0.88,0.00738716111398,10,100,0.25,0.0
585,6_hard_full,0.19,0.00232639292777,10,100,0.25,0.0
586,6_hard_pruned,0.2,0.00268348316114,10,100,0.25,0.0
587,10_easy_full,0.21,0.00117087792427,5,100,0.5,0.0
588,10_easy_pruned,0.45,0.00260132147131,5,100,0.5,0.0
589,10_hard_full,0.23,0.00101573371525,5,100,0.5,0.0
590,10_hard_pruned,0.09,0.00123208851324,5,100,0.5,0.0
591,10_medium_full,0.09,0.00100222493937,5,100,0.5,0.0
592,10_medium_pruned,0.41,0.00250978817388,5,100,0.5,0.0
593,6_easy_full,0.53,0.0059182103332,5,100,0.5,0.0
594,6_easy_full,0.65,0.00347548048518,5,100,0.5,0.5
595,6_easy_pruned,0.85,0.014400921659,5,100,0.5,0.0
596,6_hard_full,0.28,0.00265371653,5,100,0.5,0.0
597,6_hard_pruned,0.24,0.0029943705833,5,100,0.5,0.0
598,10_easy_full,0.22,0.00104560948577,10,100,0.5,0.0
599,10_easy_pruned,0.34,0.00159813338021,10,100,0.5,0.0
600,10_easy_pruned,0.47,0.000675369933881,10,100,0.5,0.5
601,10_hard_full,0.13,0.00102036651565,10,100,0.5,0.0
602,10_hard_pruned,0.13,0.00101995022643,10,100,0.5,0.0
603,10_medium_full,0.14,0.000905903774901,10,100,0.5,0.0
604,10_medium_pruned,0.29,0.00144279324773,10,100,0.5,0.0
605,6_easy_full,0.67,0.00541389204699,10,100,0.5,0.0
606,6_easy_pruned,0.8,0.00766342248448,10,100,0.5,0.0
607,6_easy_pruned,0.91,0.0043495280762,10,100,0.5,0.5
608,6_hard_full,0.19,0.00248626339474,10,100,0.5,0.0
609,6_hard_pruned,0.16,0.00264459312935,10,100,0.5,0.0
610,10_easy_full,0.26,0.00121768566662,5,100,0.75,0.0
611,10_easy_pruned,0.34,0.00258605084176,5,100,0.75,0.0
612,10_hard_full,0.11,0.00103841081609,5,100,0.75,0.0
613,10_hard_pruned,0.13,0.00125794075099,5,100,0.75,0.0
614,10_medium_full,0.1,0.00101568213212,5,100,0.75,0.0
615,10_medium_pruned,0.26,0.00246791707799,5,100,0.75,0.0
616,6_easy_full,0.48,0.00589448865311,5,100,0.75,0.0
617,6_easy_full,0.64,0.00369877200769,5,100,0.75,0.5
618,6_easy_pruned,0.79,0.0139918847069,5,100,0.75,0.0
619,6_hard_full,0.26,0.00265027032757,5,100,0.75,0.0
620,6_hard_pruned,0.22,0.00337940590044,5,100,0.75,0.0
621,10_easy_full,0.21,0.00106090665082,10,100,0.75,0.0
622,10_easy_pruned,0.37,0.00158740237475,10,100,0.75,0.0
623,10_hard_full,0.09,0.00101648742605,10,100,0.75,0.0
624,10_hard_pruned,0.12,0.00100170289492,10,100,0.75,0.0
625,10_medium_full,0.09,0.000899604174163,10,100,0.75,0.0
626,10_medium_pruned,0.26,0.0013960436124,10,100,0.75,0.0
627,6_easy_full,0.51,0.00523944252332,10,100,0.75,0.0
628,6_easy_full,0.63,0.00313617261494,10,100,0.75,0.5
629,6_easy_pruned,0.8,0.00729447808009,10,100,0.75,0.0
630,6_hard_full,0.19,0.00240540735574,10,100,0.75,0.0
631,6_hard_pruned,0.1,0.00264158918005,10,100,0.75,0.0
632,10_easy_full,0.18,0.00118709861228,5,100,1.0,0.0
633,10_easy_pruned,0.43,0.00269236982392,5,100,1.0,0.0
634,10_hard_full,0.19,0.0010589854919,5,100,1.0,0.0
635,10_hard_pruned,0.08,0.00121740400769,5,100,1.0,0.0
636,10_medium_full,0.1,0.0010004602117,5,100,1.0,0.0
637,10_medium_pruned,0.22,0.00246566560643,5,100,1.0,0.0
638,10_medium_pruned,0.31,0.0010623492792,5,100,1.0,0.5
639,6_easy_full,0.34,0.00559503161193,5,100,1.0,0.0
640,6_easy_full,0.61,0.00362161379111,5,100,1.0,0.5
641,6_easy_pruned,0.76,0.0144487790782,5,100,1.0,0.0
642,6_easy_pruned,0.88,0.00606796116505,5,100,1.0,2.0
643,6_hard_full,0.22,0.00262667121956,5,100,1.0,0.0
644,6_hard_pruned,0.31,0.00307399096247,5,100,1.0,0.0
645,10_easy_full,0.26,0.00104907576425,10,100,1.0,0.0
646,10_easy_pruned,0.34,0.00163722392312,10,100,1.0,0.0
647,10_hard_full,0.2,0.00102830935659,10,100,1.0,0.0
648,10_hard_pruned,0.11,0.00100455061428,10,100,1.0,0.0
649,10_medium_full,0.11,0.00090050338139,10,100,1.0,0.0
650,10_medium_pruned,0.27,0.00137651933321,10,100,1.0,0.0
651,6_easy_full,0.48,0.00521947909599,10,100,1.0,0.0
652,6_easy_full,0.62,0.00309894945613,10,100,1.0,0.5
653,6_easy_pruned,0.64,0.00733944954128,10,100,1.0,0.0
654,6_easy_pruned,0.78,0.00450775333574,10,100,1.0,0.5
655,6_hard_full,0.15,0.00241207969511,10,100,1.0,0.0
656,6_hard_pruned,0.11,0.00268867797704,10,100,1.0,0.0
657,10_easy_full,0.19,0.00118338993882,5,100,1.25,0.0
658,10_easy_pruned,0.29,0.00266425107902,5,100,1.25,0.0
659,10_easy_pruned,0.4,0.00129230689704,5,100,1.25,0.5
660,10_hard_full,0.2,0.00102052271173,5,100,1.25,0.0
661,10_hard_pruned,0.11,0.0011697274535,5,100,1.25,0.0
662,10_medium_full,0.08,0.000980171137881,5,100,1.25,0.0
663,10_medium_pruned,0.38,0.00248564539783,5,100,1.25,0.0
664,6_easy_full,0.55,0.0058363487802,5,100,1.25,0.0
665,6_easy_pruned,0.7,0.0130463144162,5,100,1.25,0.0
666,6_easy_pruned,0.81,0.00890789239266,5,100,1.25,0.5
667,6_hard_full,0.26,0.00267673117589,5,100,1.25,0.0
668,6_hard_pruned,0.21,0.00330022111481,5,100,1.25,0.0
669,10_easy_full,0.12,0.00106394297266,10,100,1.25,0.0
670,10_easy_full,0.23,0.000469759248385,10,100,1.25,0.5
671,10_easy_pruned,0.3,0.00164141621391,10,100,1.25,0.0
672,10_easy_pruned,0.42,0.000681705080748,10,100,1.25,0.5
673,10_hard_full,0.13,0.00102852088412,10,100,1.25,0.0
674,10_hard_pruned,0.09,0.00100135182496,10,100,1.25,0.0
675,10_medium_full,0.08,0.00090767987946,10,100,1.25,0.0
676,10_medium_pruned,0.31,0.00145106290358,10,100,1.25,0.0
677,6_easy_full,0.34,0.00533219579823,10,100,1.25,0.0
678,6_easy_full,0.57,0.0031350910744,10,100,1.25,0.5
679,6_easy_pruned,0.67,0.00741179958494,10,100,1.25,0.0
680,6_hard_full,0.16,0.00252314990034,10,100,1.25,0.0
681,6_hard_pruned,0.21,0.00257964658842,10,100,1.25,0.0
682,10_easy_full,0.14,0.00127339870113,5,100,1.5,0.0
683,10_easy_pruned,0.33,0.00257294293213,5,100,1.5,0.0
684,10_hard_full,0.13,0.00104802028967,5,100,1.5,0.0
685,10_hard_pruned,0.05,0.00114374599689,5,100,1.5,0.0
686,10_hard_pruned,0.16,0.000498710832498,5,100,1.5,0.5
687,10_medium_full,0.07,0.00101722156103,5,100,1.5,0.0
688,10_medium_pruned,0.31,0.00268369921099,5,100,1.5,0.0
689,6_easy_full,0.45,0.00573624734699,5,100,1.5,0.0
690,6_easy_full,0.56,0.00348359228036,5,100,1.5,0.5
691,6_easy_pruned,0.71,0.0139938427092,5,100,1.5,0.0
692,6_easy_pruned,0.81,0.00742445615859,5,100,1.5,1.0
693,6_hard_full,0.23,0.00269128293457,5,100,1.5,0.0
694,6_hard_pruned,0.2,0.00308756329505,5,100,1.5,0.0
695,10_easy_full,0.2,0.00105529759392,10,100,1.5,0.0
696,10_easy_pruned,0.32,0.0016779368089,10,100,1.5,0.0
697,10_hard_full,0.17,0.00102554635982,10,100,1.5,0.0
698,10_hard_pruned,0.11,0.00100964208188,10,100,1.5,0.0
699,10_medium_full,0.11,0.000894174453436,10,100,1.5,0.0
700,10_medium_pruned,0.18,0.00149133534166,10,100,1.5,0.0
701,10_medium_pruned,0.33,0.000617695747782,10,100,1.5,0.5
702,6_easy_full,0.41,0.00520670623763,10,100,1.5,0.0
703,6_easy_full,0.51,0.00315238635647,10,100,1.5,0.5
704,6_easy_pruned,0.6,0.00734645900676,10,100,1.5,0.0
705,6_easy_pruned,0.75,0.00426511984987,10,100,1.5,0.5
706,6_hard_full,0.2,0.00243985751232,10,100,1.5,0.0
707,6_hard_pruned,0.11,0.00267315351921,10,100,1.5,0.0
708,10_easy_full,0.14,0.00121078567883,5,100,1.75,0.0
709,10_easy_pruned,0.35,0.00270943968787,5,100,1.75,0.0
710,10_hard_full,0.11,0.00105134782792,5,100,1.75,0.0
711,10_hard_pruned,0.13,0.00121475686641,5,100,1.75,0.0
712,10_medium_full,0.05,0.00099779487333,5,100,1.75,0.0
713,10_medium_pruned,0.25,0.00258564964447,5,100,1.75,0.0
714,6_easy_full,0.31,0.00567054153672,5,100,1.75,0.0
715,6_easy_pruned,0.67,0.0135263086704,5,100,1.75,0.0
716,6_easy_pruned,0.85,0.00578938227291,5,100,1.75,2.0
717,6_hard_full,0.16,0.00276082935314,5,100,1.75,0.0
718,6_hard_pruned,0.19,0.00314495078152,5,100,1.75,0.0
719,10_easy_full,0.17,0.00106545063234,10,100,1.75,0.0
720,10_easy_pruned,0.29,0.00170878829822,10,100,1.75,0.0
721,10_easy_pruned,0.49,0.000420855936804,10,100,1.75,2.0
722,10_hard_full,0.1,0.00103400854091,10,100,1.75,0.0
723,10_hard_pruned,0.06,0.00100207429379,10,100,1.75,0.0
724,10_hard_pruned,0.12,0.00046848940277,10,100,1.75,0.5
725,10_medium_full,0.11,0.00090642108698,10,100,1.75,0.0
726,10_medium_pruned,0.24,0.00141326775771,10,100,1.75,0.0
727,6_easy_full,0.38,0.00532141336739,10,100,1.75,0.0
728,6_easy_full,0.57,0.00305110602593,10,100,1.75,0.5
729,6_easy_pruned,0.6,0.0071002556092,10,100,1.75,0.0
730,6_easy_pruned,0.75,0.00405679513185,10,100,1.75,0.5
731,6_hard_full,0.09,0.00250991416094,10,100,1.75,0.0
732,6_hard_pruned,0.12,0.00258960016573,10,100,1.75,0.0
733,10_easy_full,0.19,0.00123920344003,5,100,2.0,0.0
734,10_easy_pruned,0.37,0.00304729400293,5,100,2.0,0.0
735,10_hard_full,0.09,0.00107530350441,5,100,2.0,0.0
736,10_hard_pruned,0.07,0.001194386384,5,100,2.0,0.0
737,10_medium_full,0.09,0.00104243763617,5,100,2.0,0.0
738,10_medium_pruned,0.33,0.00253254317986,5,100,2.0,0.0
739,6_easy_full,0.34,0.00609198903442,5,100,2.0,0.0
740,6_easy_full,0.49,0.00368351259761,5,100,2.0,0.5
741,6_easy_pruned,0.66,0.0128716694555,5,100,2.0,0.0
742,6_easy_pruned,0.76,0.00873591333974,5,100,2.0,0.5
743,6_hard_full,0.19,0.00276227832716,5,100,2.0,0.0
744,6_hard_pruned,0.07,0.00314376434342,5,100,2.0,0.0
745,10_easy_full,0.18,0.00106979331593,10,100,2.0,0.0
746,10_easy_pruned,0.22,0.00169241965238,10,100,2.0,0.0
747,10_easy_pruned,0.33,0.000734899649453,10,100,2.0,0.5
748,10_hard_full,0.05,0.00102473715492,10,100,2.0,0.0
749,10_hard_full,0.13,0.000482325193292,10,100,2.0,0.5
750,10_hard_pruned,0.06,0.00101564086939,10,100,2.0,0.0
751,10_medium_full,0.08,0.00090340765367,10,100,2.0,0.0
752,10_medium_pruned,0.18,0.00148491328106,10,100,2.0,0.0
753,6_easy_full,0.38,0.00501806503412,10,100,2.0,0.0
754,6_easy_full,0.55,0.00183523279928,10,100,2.0,2.0
755,6_easy_pruned,0.64,0.00711997152011,10,100,2.0,0.0
756,6_hard_full,0.09,0.00253794223643,10,100,2.0,0.0
757,6_hard_pruned,0.21,0.00255284386807,10,100,2.0,0.0
758,10_easy_full,0.18,0.00125393421861,5,100,2.25,0.0
759,10_easy_pruned,0.28,0.00256746001181,5,100,2.25,0.0
760,10_easy_pruned,0.42,0.00106358086405,5,100,2.25,1.0
761,10_hard_full,0.12,0.00105369636685,5,100,2.25,0.0
762,10_hard_pruned,0.12,0.00119869581895,5,100,2.25,0.0
763,10_medium_full,0.05,0.00099803387327,5,100,2.25,0.0
764,10_medium_full,0.13,0.000366903808828,5,100,2.25,1.0
765,10_medium_pruned,0.22,0.00257958004437,5,100,2.25,0.0
766,6_easy_full,0.38,0.00548335800844,5,100,2.25,0.0
767,6_easy_pruned,0.61,0.0136017410229,5,100,2.25,0.0
768,6_easy_pruned,0.75,0.00851788756388,5,100,2.25,0.5
769,6_hard_full,0.21,0.00261014825642,5,100,2.25,0.0
770,6_hard_pruned,0.11,0.00315776177845,5,100,2.25,0.0
771,6_hard_pruned,0.22,0.00168418216114,5,100,2.25,0.5
772,10_easy_full,0.1,0.00105626736239,10,100,2.25,0.0
773,10_easy_full,0.21,0.000468860621803,10,100,2.25,0.5
774,10_easy_pruned,0.25,0.00168699495589,10,100,2.25,0.0
775,10_hard_full,0.14,0.00102768585699,10,100,2.25,0.0
776,10_hard_pruned,0.1,0.00100244596816,10,100,2.25,0.0
777,10_medium_full,0.08,0.000902323482969,10,100,2.25,0.0
778,10_medium_pruned,0.24,0.00148266761557,10,100,2.25,0.0
779,6_easy_full,0.43,0.00494315373208,10,100,2.25,0.0
780,6_easy_full,0.53,0.00309233718845,10,100,2.25,0.5
781,6_easy_pruned,0.61,0.00730033581545,10,100,2.25,0.0
782,6_easy_pruned,0.77,0.00399504614278,10,100,2.25,0.5
783,6_hard_full,0.15,0.00245248313918,10,100,2.25,0.0
784,6_hard_pruned,0.12,0.00267637297934,10,100,2.25,0.0
785,10_easy_full,0.18,0.00121260625462,5,100,2.5,0.0
786,10_easy_pruned,0.28,0.00256193477314,5,100,2.5,0.0
787,10_hard_full,0.13,0.0010522771277,5,100,2.5,0.0
788,10_hard_pruned,0.08,0.00118872141125,5,100,2.5,0.0
789,10_medium_full,0.04,0.00101422964188,5,100,2.5,0.0
790,10_medium_pruned,0.27,0.00253074859543,5,100,2.5,0.0
791,6_easy_full,0.34,0.005761032377,5,100,2.5,0.0
792,6_easy_pruned,0.56,0.0133351113482,5,100,2.5,0.0
793,6_easy_pruned,0.7,0.00785360873321,5,100,2.5,0.5
794,6_hard_full,0.12,0.00277839519893,5,100,2.5,0.0
795,6_hard_pruned,0.09,0.00320502547995,5,100,2.5,0.0
796,10_easy_full,0.13,0.00106511018565,10,100,2.5,0.0
797,10_easy_pruned,0.27,0.00167226876704,10,100,2.5,0.0
798,10_easy_pruned,0.4,0.000464772563546,10,100,2.5,2.0
799,10_hard_full,0.1,0.00102688381836,10,100,2.5,0.0
800,10_hard_pruned,0.1,0.00100176310306,10,100,2.5,0.0
801,10_medium_full,0.06,0.000910075445254,10,100,2.5,0.0
802,10_medium_full,0.12,0.000229203243684,10,100,2.5,2.0
803,10_medium_pruned,0.23,0.0014788742809,10,100,2.5,0.0
804,6_easy_full,0.37,0.00509476258406,10,100,2.5,0.0
805,6_easy_pruned,0.55,0.00723589001447,10,100,2.5,0.0
806,6_easy_pruned,0.68,0.00364896916621,10,100,2.5,1.0
807,6_hard_full,0.09,0.00242248062016,10,100,2.5,0.0
808,6_hard_pruned,0.09,0.00266972795472,10,100,2.5,0.0
