num_unique_first_moves,num_resets,exploit_time,num_moves_win_score,mean_score,num_restarts,userid,solution_time,solved,board_name,size,type,condition,typeSize,median_score,explore_time,number_of_moves
4,3,0.4025,1,1431.921287,6,14b4c043,195.859,wrong,6_hard_full,6,hard,full,6hard,6.332937926,54.7665,11
6,4,14.33,2,7.248126214,7,14c5dc72,212.673,wrong,6_hard_full,6,hard,full,6hard,8.430386905,21.337,17
4,4,5.491333333,3,1671.958215,5,17b4c1ea,399.893,wrong,6_hard_full,6,hard,full,6hard,8.430386905,29.04366667,23
4,6,8.889857143,2,745.0070607,10,17e120dd,448.077,validatedCorrect,6_hard_full,6,hard,full,6hard,5.984672619,13.58585714,40
8,0,5.9925,3,-1956.014432,29,22dac859,562.645,wrong,6_hard_full,6,hard,full,6hard,1.083475057,7.5755,71
1,3,26.077,2,-450.4383926,3,24a5e25a,140.319,wrong,6_hard_full,6,hard,full,6hard,5.332121599,27.7035,19
3,3,37.795,2,-827.5790321,4,24f4c091,233.232,wrong,6_hard_full,6,hard,full,6hard,7.726478175,50.033,32
2,4,9.976,2,1181.046563,3,26dbf6e9,143.135,wrong,6_hard_full,6,hard,full,6hard,8.157467404,11.0555,14
3,4,33.491,2,292.4841869,4,32ebf2e8,233.131,wrong,6_hard_full,6,hard,full,6hard,8.157467404,42.62033333,31
2,2,4.848,1,-993.9510204,3,37f61258,36.802,wrong,6_hard_full,6,hard,full,6hard,6.541666665,7.358,8
4,5,21.13275,0,-286.8997013,6,38ebbf94,200.14,wrong,6_hard_full,6,hard,full,6hard,9.578733702,23.85175,29
2,2,8.087,1,2002.655353,3,3af4bfbb,173.844,wrong,6_hard_full,6,hard,full,6hard,8.430386905,36.472,8
3,4,19.39666667,1,1256.62691,5,3bb613b2,271.535,wrong,6_hard_full,6,hard,full,6hard,8.430386905,27.93366667,20
3,3,33.29,2,2505.574702,3,3cd60baf,371.221,wrong,6_hard_full,6,hard,full,6hard,11.84019345,59.3685,13
2,3,52.5685,2,746.3294487,3,3df11bae,435.21,validatedCorrect,6_hard_full,6,hard,full,6hard,12.08333333,62.777,24
4,7,7.6406,4,505.1642247,9,43c60cd9,350.412,solvedCorrect,6_hard_full,6,hard,full,6hard,10.12040037,9.6096,31
6,8,8.6709,4,121.8805523,18,47f614be,628.182,wrong,6_hard_full,6,hard,full,6hard,8.430386905,16.4275,63
2,9,25.48328571,1,7.820274673,10,49e6113d,425.068,validatedCorrect,6_hard_full,6,hard,full,6hard,15.25,30.32,53
1,0,0,1,1251.047983,1,4af5df5d,114.264,wrong,6_hard_full,6,hard,full,6hard,3.970559808,9.411,6
4,9,14.23775,3,1322.630881,12,4ed4c1d3,390.494,wrong,6_hard_full,6,hard,full,6hard,10.08411706,17.8245,29
6,0,6.50175,2,1617.064683,13,53c4c041,263.002,validatedCorrect,6_hard_full,6,hard,full,6hard,5.457121599,15.513,20
2,1,30.619,2,2149.050812,3,54f4bf95,205.41,wrong,6_hard_full,6,hard,full,6hard,11.84019345,48.002,11
2,1,52.939,2,1672.694538,3,57a4bf4b,273.836,wrong,6_hard_full,6,hard,full,6hard,11.7037337,74.759,10
2,3,37.785,2,-582.7174935,3,5ce612bc,192.396,validatedCorrect,6_hard_full,6,hard,full,6hard,11.25,41.1465,14
4,0,2.593,1,1113.923365,7,5edbbf73,211.884,wrong,6_hard_full,6,hard,full,6hard,5.332121599,53.681,13
3,3,14.7535,2,7.38705924,5,63e5efe1,151.911,wrong,6_hard_full,6,hard,full,6hard,12.08333333,19.5255,17
5,8,7.326857143,3,1407.493127,8,67eac875,245.973,wrong,6_hard_full,6,hard,full,6hard,7.208754252,10.94471429,49
4,4,27.67633333,3,694.2577587,5,68d5e249,413.654,wrong,6_hard_full,6,hard,full,6hard,5.5,37.49066667,24
8,16,3.451470588,4,1117.340576,31,69bad0fe,591.534,wrong,6_hard_full,6,hard,full,6hard,8.430386905,6.795588235,85
2,0,3.362,2,2503.540477,3,6bf51f66,85.485,wrong,6_hard_full,6,hard,full,6hard,8.430386905,4.066,11
5,3,13.3585,2,254.2686839,6,6ee61190,231.856,wrong,6_hard_full,6,hard,full,6hard,7.450852466,23.8825,34
4,5,18.04425,4,1254.572431,11,70da8cfb,304.458,wrong,6_hard_full,6,hard,full,6hard,8.293927155,27.12725,32
10,16,3.98975,4,731.7286479,15,7bf4bf38,185.397,wrong,6_hard_full,6,hard,full,6hard,10.37784722,6.977875,42
3,7,11.3515,3,1393.015858,7,87b50908,183.326,wrong,6_hard_full,6,hard,full,6hard,8.430386905,14.59666667,29
7,11,32.76055556,6,1132.529756,16,89d60ba4,814.172,wrong,6_hard_full,6,hard,full,6hard,8.430386905,36.93877778,57
6,6,8.065,0,-902.8890648,9,8ac4c37c,173.43,solvedCorrect,6_hard_full,6,hard,full,6hard,6.943754252,16.405,16
4,3,11.239,3,1823.151193,5,8ea4bf56,146.24,wrong,6_hard_full,6,hard,full,6hard,7.333754252,13.632,18
4,8,21.92616667,6,303.765438,8,8fc76287,430.892,wrong,6_hard_full,6,hard,full,6hard,8.157467404,32.709,58
8,10,10.20266667,0,-1017.788497,14,8fcbec83,566.581,validatedCorrect,6_hard_full,6,hard,full,6hard,1.541112528,21.54666667,39
5,3,18.5176,1,329.2016936,17,90c60de8,683.186,wrong,6_hard_full,6,hard,full,6hard,7.844377834,21.5088,43
4,3,14.0428,3,476.0084579,11,91cfd7fb,548.164,wrong,6_hard_full,6,hard,full,6hard,10.91637188,16.965,45
7,15,5.387,1,-140.8573188,21,94d6ef33,549.139,validatedCorrect,6_hard_full,6,hard,full,6hard,6.450749008,16.81976923,50
5,8,13.79171429,2,-207.9022665,9,94e4c554,391.842,wrong,6_hard_full,6,hard,full,6hard,8.430386905,17.26885714,38
5,5,16.8585,1,501.7508952,5,9adbc2df,246.866,wrong,6_hard_full,6,hard,full,6hard,2.59467262,22.85,15
7,12,15.78622222,6,-693.8813298,17,9dc50a3d,477.96,solvedCorrect,6_hard_full,6,hard,full,6hard,5.207121599,21.44655556,70
2,0,7.828,2,914.569032,3,9df60bf8,52.224,wrong,6_hard_full,6,hard,full,6hard,5.457121599,11.013,8
1,2,9.179,2,2503.8125,2,a2f6ba1d,185.364,wrong,6_hard_full,6,hard,full,6hard,5007.625,42.635,6
3,1,24.46,2,-1558.283055,7,a3d4c3b2,194.305,solvedCorrect,6_hard_full,6,hard,full,6hard,5.332121599,27.857,25
7,6,10.5912,5,-235.1357632,8,a3d5dfda,177.56,validatedCorrect,6_hard_full,6,hard,full,6hard,7.819570579,14.8238,36
6,5,10.60816667,0,5.709827493,13,a6f610e1,229.481,wrong,6_hard_full,6,hard,full,6hard,5.457121599,14.45916667,29
3,3,1.295,0,-1662.707271,3,acd61c3d,101.515,wrong,6_hard_full,6,hard,full,6hard,3.770853884,4.0445,9
8,19,13.38088235,3,-174.2256746,22,ada4c06f,585.649,wrong,6_hard_full,6,hard,full,6hard,7.458754252,17.70623529,87
10,19,9.753777778,2,-105.5403063,23,b0d518a1,530.911,wrong,6_hard_full,6,hard,full,6hard,7.208754252,16.1385,67
12,16,15.558,1,-795.8479534,21,b2d60bc9,570.864,wrong,6_hard_full,6,hard,full,6hard,7.924846231,22.64713333,79
6,6,21.5365,2,-1352.029297,7,bcdfd2df,478.509,solvedCorrect,6_hard_full,6,hard,full,6hard,1.963129252,49.10125,52
2,5,7.85025,3,6.818251559,5,bed50a1d,303.68,wrong,6_hard_full,6,hard,full,6hard,15.25,9.63875,25
4,5,4.6735,2,748.0393617,9,bfa60c8b,148.914,validatedCorrect,6_hard_full,6,hard,full,6hard,11.25,7.713,20
3,2,4.699,2,592.2757626,3,bfe4c87d,88.725,validatedCorrect,6_hard_full,6,hard,full,6hard,5.457121599,16.082,15
6,3,13.619,0,-202.6506691,17,c0f60e45,470.617,wrong,6_hard_full,6,hard,full,6hard,7.844377834,26.72466667,34
1,2,35.206,1,-2377.188437,2,c6b4c141,80.996,wrong,6_hard_full,6,hard,full,6hard,0.111111111,35.854,19
5,6,13.0106,1,-1021.3737,7,c6b60d63,165.267,solvedCorrect,6_hard_full,6,hard,full,6hard,2.792223639,15.2966,33
4,6,5.004875,2,1182.669583,13,c7a61295,199.748,wrong,6_hard_full,6,hard,full,6hard,8.430386905,8.826375,38
3,11,10.5273,3,-317.9278154,12,c7a67aab,235.805,solvedCorrect,6_hard_full,6,hard,full,6hard,7.208754252,13.2924,51
6,8,18.8217,1,-550.4607588,16,c8a4fa50,563.374,wrong,6_hard_full,6,hard,full,6hard,6.457937926,22.9074,54
5,1,24.832,0,1257.531831,10,c8f4c13d,315.199,wrong,6_hard_full,6,hard,full,6hard,10.37784722,36.2585,10
5,3,6.59025,1,394.0982057,15,cab61023,232.787,wrong,6_hard_full,6,hard,full,6hard,12.08333333,9.924,16
5,7,10.324,5,1147.821178,10,cee4bfa4,226.258,wrong,6_hard_full,6,hard,full,6hard,8.430386905,21.5825,28
2,0,14.85,1,-1327.413957,3,cfc5dcb3,227.176,wrong,6_hard_full,6,hard,full,6hard,8.430386905,18.441,12
3,2,19.405,2,1180.965686,3,dbe71b15,100.562,wrong,6_hard_full,6,hard,full,6hard,8.430386905,21.024,14
1,2,10.011,3,1769.408381,3,dcc4f10e,105.588,wrong,6_hard_full,6,hard,full,6hard,11.25,14.205,15
5,7,10.53083333,3,2.708001464,7,dfe6bee3,236.005,wrong,6_hard_full,6,hard,full,6hard,4.418300737,14.235,34
4,6,8.1282,2,975.9661005,10,e0d4bfdf,136.502,solvedCorrect,6_hard_full,6,hard,full,6hard,12.08333333,15.4368,25
1,2,0,3,1671.170676,2,ebc61801,81.329,wrong,6_hard_full,6,hard,full,6hard,11.7037337,0.822,14
2,2,27.155,0,-1814.351972,2,efebc5bb,489.447,wrong,6_hard_full,6,hard,full,6hard,1,38.514,9
1,1,5.251,2,6.218511669,2,f1e613a1,110.396,wrong,6_hard_full,6,hard,full,6hard,7.683110828,5.844,16
5,10,24.21677778,5,585.0915334,10,f2f60bd9,368.849,wrong,6_hard_full,6,hard,full,6hard,11,29.57011111,59
5,4,33.17833333,1,-1421.863273,6,f3dbeb7e,297.753,solvedCorrect,6_hard_full,6,hard,full,6hard,9.404117063,36.555,23
9,9,9.602625,6,-970.0976057,11,f6fbf6b1,581.653,wrong,6_hard_full,6,hard,full,6hard,2.483998016,16.368,89
3,4,9.709333333,1,-2047.995852,4,f8d60bcb,125.016,wrong,6_hard_full,6,hard,full,6hard,0.380208333,12.265,35
4,3,56.415,2,-642.0666973,4,fac10d6e,267.255,solvedCorrect,6_hard_full,6,hard,full,6hard,1.332743764,62.48,26
9,10,8.951333333,1,-1614.168485,12,fac6126a,179.032,wrong,6_hard_full,6,hard,full,6hard,0.809116355,10.95677778,58
5,6,14.927,1,275.5006035,7,fde4bf4b,206.251,wrong,6_hard_full,6,hard,full,6hard,8.430386905,17.2122,31
5,5,26.52425,0,-377.6857414,8,fff4bf68,556.09,wrong,6_hard_full,6,hard,full,6hard,5.457121599,56.68225,21
1,0,15.112,4,1769.482052,5,11a64d17,197.128,wrong,6_hard_pruned,6,hard,pruned,6hard,7.208754252,30.309,14
5,4,24.12475,0,-946.2692565,6,11e652f7,383.655,wrong,6_hard_pruned,6,hard,pruned,6hard,6.512223639,41.576,16
2,2,20.682,2,1341.002114,2,14d64999,238.048,wrong,6_hard_pruned,6,hard,pruned,6hard,11.28,36.25,13
3,0,0.836,0,-780.4776665,14,1dac01e7,550.382,wrong,6_hard_pruned,6,hard,pruned,6hard,11.73784722,3.607,27
3,1,5.081,2,562.6260336,4,25cfdeaf,125.337,solvedCorrect,6_hard_pruned,6,hard,pruned,6hard,6.450749008,25.478,15
4,7,12.816,4,-461.2224608,5,2afbbf79,178.228,wrong,6_hard_pruned,6,hard,pruned,6hard,3.845488946,16.219,38
7,11,11.8858,6,787.6052544,17,2cb650ed,357.807,wrong,6_hard_pruned,6,hard,pruned,6hard,8.157467404,16.4013,51
3,2,4.595,1,2504.948178,3,2ff50f64,58.26,wrong,6_hard_pruned,6,hard,pruned,6hard,9.598300736,7.371,6
4,4,12.59233333,1,-902.6926319,5,30e4feac,268.581,wrong,6_hard_pruned,6,hard,pruned,6hard,3.644932682,16.37666667,18
1,1,1.625,1,1258.36662,1,3ef64929,73.442,validatedCorrect,6_hard_pruned,6,hard,pruned,6hard,18.50637259,3.252,6
5,5,13.82825,3,-829.1671948,6,43e64821,168.235,wrong,6_hard_pruned,6,hard,pruned,6hard,3.534116355,16.8125,31
6,7,34.6155,0,-1131.17118,8,4ca65156,591.527,wrong,6_hard_pruned,6,hard,pruned,6hard,7.252121599,59.49066667,36
3,12,13.57809091,4,-126.5996584,13,4ee64c2a,405.6,validatedCorrect,6_hard_pruned,6,hard,pruned,6hard,7.208754252,21.22609091,63
4,1,14.698,0,-1717.1311,11,53a654e5,250.17,wrong,6_hard_pruned,6,hard,pruned,6hard,10.83274376,56.9475,21
3,2,10.075,3,815.4909271,14,53d65632,425.452,wrong,6_hard_pruned,6,hard,pruned,6hard,7.458754252,22.11275,25
7,8,7.933,2,7.665553335,12,5adff9a5,247.022,wrong,6_hard_pruned,6,hard,pruned,6hard,7.333754252,12.00528571,22
5,2,4.801,2,290.1552961,9,5fa651bb,300.302,solvedCorrect,6_hard_pruned,6,hard,pruned,6hard,2.873856293,36.335,28
10,15,7.342384615,3,-865.6229272,21,61e65cc1,327.507,wrong,6_hard_pruned,6,hard,pruned,6hard,2.853300029,10.98730769,73
1,0,4.389,7,253.142637,7,67f64a50,211.027,wrong,6_hard_pruned,6,hard,pruned,6hard,7.458754252,6.22,32
4,9,13.87575,6,-140.6457156,9,68c659b8,280.867,wrong,6_hard_pruned,6,hard,pruned,6hard,2.304376417,18.02975,60
3,5,16.29675,4,6.698223189,6,6dd103e2,197.279,wrong,6_hard_pruned,6,hard,pruned,6hard,7.208754252,24.3085,31
6,19,13.98782353,12,1627.119085,18,7dd704e0,577.426,wrong,6_hard_pruned,6,hard,pruned,6hard,8.157467404,16.60794118,93
2,2,17.914,2,1184.885099,2,81c11c9f,271.8,wrong,6_hard_pruned,6,hard,pruned,6hard,11.36111111,21.071,15
2,6,16.256,6,1469.077789,6,92a74a76,294.236,validatedCorrect,6_hard_pruned,6,hard,pruned,6hard,15.25,18.4646,35
6,13,7.515928571,1,-345.5470222,19,a0d659c9,345.7,wrong,6_hard_pruned,6,hard,pruned,6hard,7.208754252,15.31221429,39
3,6,12.08625,4,-722.5959944,8,a0f4f1bf,417.116,solvedCorrect,6_hard_pruned,6,hard,pruned,6hard,7.458754252,20.99925,44
6,5,0,1,7.579477494,9,aafbd6ab,239.929,solvedCorrect,6_hard_pruned,6,hard,pruned,6hard,7.844377834,9.169,20
7,12,2.498454545,0,-249.6561826,17,aed647d3,141.76,wrong,6_hard_pruned,6,hard,pruned,6hard,5.207121599,7.433454545,27
2,3,47.34,2,1061.314921,4,b0e1157c,409.539,wrong,6_hard_pruned,6,hard,pruned,6hard,11,58.44,16
3,3,15.593,2,1312.015822,4,b9e512db,147.293,wrong,6_hard_pruned,6,hard,pruned,6hard,10.14,23.9515,20
3,4,30.95266667,3,-317.0261808,5,c7fffe38,284.344,wrong,6_hard_pruned,6,hard,pruned,6hard,7.844377834,44.91866667,27
2,1,17.41,2,-1574.581208,4,c9f64da2,90.328,wrong,6_hard_pruned,6,hard,pruned,6hard,2.28,24.719,17
1,5,6.67425,5,2146.518191,5,d2f65bb5,78.892,wrong,6_hard_pruned,6,hard,pruned,6hard,5.457121599,7.869,23
4,2,55.003,2,-1424.785313,4,d4fac87b,162.449,wrong,6_hard_pruned,6,hard,pruned,6hard,5.332121599,64.566,12
2,2,9.318,2,-1869.275344,3,dec64994,148.441,wrong,6_hard_pruned,6,hard,pruned,6hard,5.207121599,42.751,14
4,5,45.9975,0,-1346.089274,5,e1a64c7d,482.302,wrong,6_hard_pruned,6,hard,pruned,6hard,4.712223639,65.1485,32
1,0,0,1,1120.718767,1,e2b655ad,50.594,validatedCorrect,6_hard_pruned,6,hard,pruned,6hard,2.955488946,6.322,6
3,3,12.924,2,1584.691272,3,e9dbbf8a,170.416,wrong,6_hard_pruned,6,hard,pruned,6hard,15.25,28.957,16
3,7,19.2314,5,518.5467785,7,e9e64bef,258.741,solvedCorrect,6_hard_pruned,6,hard,pruned,6hard,11.25,22.266,33
3,2,7.09,1,531.4363796,5,f1f65080,384.092,validatedCorrect,6_hard_pruned,6,hard,pruned,6hard,2.955488946,13.225,16
5,9,5.8355,5,-186.7224363,11,f6b64ced,133.992,wrong,6_hard_pruned,6,hard,pruned,6hard,7.208754252,9.14875,43
5,4,17.26075,6,-258.9529781,9,fcaffad4,332.322,wrong,6_hard_pruned,6,hard,pruned,6hard,1.495034722,26.813,68
11,20,5.749157895,3,-1370.177988,23,fdaa7ebb,351.882,wrong,6_hard_pruned,6,hard,pruned,6hard,5.207121599,13.18173684,60
5,4,16.04525,2,10.36785113,9,13f4ff5a,294.816,wrong,10_hard_full,10,hard,full,10hard,11.36111111,18.572,26
8,4,5.3324,2,672.8750664,16,1ff4f828,363.273,wrong,10_hard_full,10,hard,full,10hard,4.52723356,24.7814,20
4,1,25.513,2,-1306.781243,6,21abc061,232.419,wrong,10_hard_full,10,hard,full,10hard,10.0199948,30.484,35
3,4,19.098,2,-473.1790787,3,23dbc11c,169.067,wrong,10_hard_full,10,hard,full,10hard,0.733543084,37.5435,18
2,2,34.302,2,1549.42613,2,2fb4f99a,112.708,validatedCorrect,10_hard_full,10,hard,full,10hard,21.36111111,51.44,11
2,3,15.1965,2,679.3468654,4,65f68460,112.069,solvedCorrect,10_hard_full,10,hard,full,10hard,23.41908777,16.2575,12
9,7,10.06533333,1,-1419.728737,9,75ffd9e8,292.185,validatedCorrect,10_hard_full,10,hard,full,10hard,4.52723356,13.456,28
9,8,19.560375,1,-216.8383818,11,7cf6845b,440.834,wrong,10_hard_full,10,hard,full,10hard,1.222222222,33.841625,36
3,4,10.64733333,2,10.16192807,4,84dbf4f9,295.97,wrong,10_hard_full,10,hard,full,10hard,12.98736465,27.37466667,16
2,2,0,0,23.41908777,4,87cfed83,191.716,validatedCorrect,10_hard_full,10,hard,full,10hard,23.41908777,1.603,2
15,20,8.142052632,2,-190.3327899,22,8bc69c49,390.042,solvedCorrect,10_hard_full,10,hard,full,10hard,5.387477324,12.95557895,81
2,1,10.927,2,1007.676943,7,98d105c1,225.336,validatedCorrect,10_hard_full,10,hard,full,10hard,9.502037026,48.192,15
2,0,7.223,2,2389.060636,5,9befd8ad,201.262,validatedCorrect,10_hard_full,10,hard,full,10hard,14.31849535,12.383,15
5,6,6.0854,1,8.335115119,8,a3eacaa9,273.532,wrong,10_hard_full,10,hard,full,10hard,2.993278993,28.502,25
6,6,14.0846,1,247.4250211,8,a4f74985,232.048,wrong,10_hard_full,10,hard,full,10hard,7.88861678,21.1738,35
1,2,35.468,2,1259.545725,2,abc728e1,240.737,wrong,10_hard_full,10,hard,full,10hard,17.98736465,52.575,14
6,16,5.445866667,0,-154.9420716,20,aceaccbc,583.382,validatedCorrect,10_hard_full,10,hard,full,10hard,9.502037026,13.21326667,46
3,5,17.64675,1,-736.4660731,7,add50f98,313.812,wrong,10_hard_full,10,hard,full,10hard,9.502037026,20.4065,22
4,4,0,0,17.00866425,8,b1ebd3b5,116.748,wrong,10_hard_full,10,hard,full,10hard,17.55676611,9.979333333,4
7,4,8.282,2,215.9528821,16,b5b6dcbc,525.269,solvedCorrect,10_hard_full,10,hard,full,10hard,7.420011321,15.32766667,34
3,3,15.861,4,778.6305172,3,d2ac158a,344.162,wrong,10_hard_full,10,hard,full,10hard,14.61361819,27.6435,22
4,5,8.098333333,2,-1070.504035,7,edf12206,175.015,validatedCorrect,10_hard_full,10,hard,full,10hard,14.31849535,13.607,30
7,5,1.2835,1,-959.4346273,9,f0ebc21e,116.29,wrong,10_hard_full,10,hard,full,10hard,5.776515014,3.0895,24
1,3,31.775,1,-1422.025763,3,f6fbf7bf,203.124,wrong,10_hard_full,10,hard,full,10hard,2.957505669,41.2525,32
5,7,46.76966667,2,-1566.822838,8,f7ebbfe9,535.997,solvedCorrect,10_hard_full,10,hard,full,10hard,1.055555556,57.11133333,63
1,1,17.395,1,8.738043791,1,13b7468e,295.533,validatedCorrect,10_hard_pruned,10,hard,pruned,10hard,9.502037026,18.028,13
3,8,31.61857143,2,9.59404458,9,16f6e58d,533.393,wrong,10_hard_pruned,10,hard,pruned,10hard,11.25,54.21228571,41
6,14,13.56792308,9,-370.6123234,16,18a695e2,539.15,wrong,10_hard_pruned,10,hard,pruned,10hard,3.904056357,20.47676923,66
7,11,6.0411,6,525.2464937,11,28d4fefb,301.479,solvedCorrect,10_hard_pruned,10,hard,pruned,10hard,10.93055556,8.5096,47
4,12,21.2722,6,382.2761383,11,31f6a576,654.151,validatedCorrect,10_hard_pruned,10,hard,pruned,10hard,6.254465929,26.5618,67
2,2,13.05,7,2341.730136,4,32fad07f,281.645,solvedCorrect,10_hard_pruned,10,hard,pruned,10hard,33.98291524,18.0385,23
6,11,34.334875,6,574.3962541,10,41bad9a2,702.016,validatedCorrect,10_hard_pruned,10,hard,pruned,10hard,12.72111111,47.142,43
1,2,29.542,4,2509.138443,2,5bc4f225,150.1,wrong,10_hard_pruned,10,hard,pruned,10hard,28.63585105,34.202,14
3,2,18.946,2,1430.016544,3,77ba7edc,355.315,validatedCorrect,10_hard_pruned,10,hard,pruned,10hard,1.734964326,30.046,12
8,21,12.68695,3,-161.7574298,23,7dea8d37,586.684,wrong,10_hard_pruned,10,hard,pruned,10hard,11.3370493,17.72235,95
7,8,16.77771429,2,494.8919982,13,7ef11f8d,333.063,wrong,10_hard_pruned,10,hard,pruned,10hard,5.101272659,24.70085714,33
6,14,13.50461538,7,511.5784203,17,8aa6d830,563.026,wrong,10_hard_pruned,10,hard,pruned,10hard,17.65867465,19.239,66
4,11,31.89522222,2,10.45353605,11,8ea50714,562.332,validatedCorrect,10_hard_pruned,10,hard,pruned,10hard,11.89916667,43.26322222,53
3,2,11.018,2,601.8121964,3,98c10b8a,127.715,wrong,10_hard_pruned,10,hard,pruned,10hard,12.72285382,12.944,15
10,7,26.26033333,2,-1313.47165,12,acdac85f,477.783,wrong,10_hard_pruned,10,hard,pruned,10hard,11,31.5565,57
3,2,65.722,1,9.515287316,3,b8bac8b7,225.08,wrong,10_hard_pruned,10,hard,pruned,10hard,5.304261596,70.701,22
8,17,18.1646,3,-298.9815737,17,cce7504c,528.283,solvedCorrect,10_hard_pruned,10,hard,pruned,10hard,7.065561224,24.90313333,81
3,9,11.083375,6,-334.2891467,14,cdc514e1,584.96,wrong,10_hard_pruned,10,hard,pruned,10hard,11.25,14.91225,68
8,17,3.087818182,1,-1128.914278,24,d1cac84b,443.747,wrong,10_hard_pruned,10,hard,pruned,10hard,4.412831616,7.235,67
6,5,10.266,4,-208.274792,10,e2b10de5,362.189,wrong,10_hard_pruned,10,hard,pruned,10hard,11.29352465,16.3085,36
4,11,23.62833333,1,-748.1244276,12,e6efec72,627.899,validatedCorrect,10_hard_pruned,10,hard,pruned,10hard,5.714694565,30.00611111,52
3,3,18.385,1,10.11901691,3,edfff93e,209.895,solvedCorrect,10_hard_pruned,10,hard,pruned,10hard,11.61111111,39.105,13
2,4,27.35166667,3,747.4812157,5,f4c4f33c,287.793,wrong,10_hard_pruned,10,hard,pruned,10hard,9.502037026,50.07366667,23
3,8,10.31283333,2,12.23540667,9,fcb764e3,310.338,wrong,10_hard_pruned,10,hard,pruned,10hard,14.61361819,25.55933333,25
6,6,5.4374,1,-1285.766129,15,12eacae6,593.303,wrong,6_easy_full,6,easy,full,6easy,11,19.2508,21
5,4,12.974,2,652.7098566,11,25dfef96,404.475,wrong,6_easy_full,6,easy,full,6easy,11,19.16275,21
4,5,8.599,0,6.774994846,10,2aabe76a,187.803,validatedCorrect,6_easy_full,6,easy,full,6easy,11,19.87366667,25
7,0,3.496333333,0,-640.470078,23,2bcfe659,569.141,solvedCorrect,6_easy_full,6,easy,full,6easy,1.333333333,13.56266667,65
11,21,7.261882353,0,-1517.223699,19,32b10037,554.618,wrong,6_easy_full,6,easy,full,6easy,1.25,18.62741176,71
5,9,10.37214286,0,-601.2988415,11,34cffc40,440.552,wrong,6_easy_full,6,easy,full,6easy,1.25,19.146,25
2,3,11.2105,3,2110.717836,3,38abe966,205.879,solvedCorrect,6_easy_full,6,easy,full,6easy,11.36111111,21.951,16
3,2,0,2,2005.8,3,3bac0799,188.585,wrong,6_easy_full,6,easy,full,6easy,12.08333333,1.879,8
8,14,9.8665,0,-631.7596494,14,3fcbc0ab,322.47,validatedCorrect,6_easy_full,6,easy,full,6easy,1.14,15.79666667,50
4,9,23.644625,2,493.2467751,10,40a74de0,735.693,validatedCorrect,6_easy_full,6,easy,full,6easy,5.25,29.552,32
3,2,2.878666667,0,-765.222353,4,4ed755f1,123.231,validatedCorrect,6_easy_full,6,easy,full,6easy,0.75,11.116,8
8,7,8.077875,0,-1131.607983,10,59d51c4c,176.884,solvedCorrect,6_easy_full,6,easy,full,6easy,2.222188209,14.50425,35
7,12,9.789454545,1,-674.7394373,12,5de11557,460.121,validatedCorrect,6_easy_full,6,easy,full,6easy,1,20.91863636,47
5,3,9.2635,2,4.81145186,8,6bca8117,337.795,validatedCorrect,6_easy_full,6,easy,full,6easy,1.5,13.288,31
9,21,9.844952381,3,-684.4137766,24,86f6e2cb,510.341,wrong,6_easy_full,6,easy,full,6easy,1,15.7267619,134
5,10,10.82675,3,226.4192315,11,8df4f6e8,334.773,wrong,6_easy_full,6,easy,full,6easy,2.67,14.828875,36
6,6,55.187,0,-1343.056092,9,9defd82d,574.524,wrong,6_easy_full,6,easy,full,6easy,1,78.895,42
6,5,8.0516,0,-1020.863975,9,a6bff327,595.094,wrong,6_easy_full,6,easy,full,6easy,1,31.2768,30
2,5,9.325,3,1487.936214,7,aedbea55,209.886,wrong,6_easy_full,6,easy,full,6easy,11.72222222,19.8644,20
7,7,4.743666667,0,367.6145096,13,b7eae04f,457.538,validatedCorrect,6_easy_full,6,easy,full,6easy,1.332743764,10.7055,36
9,14,15.7871,7,-180.8032208,16,cfd6ff5a,512.086,wrong,6_easy_full,6,easy,full,6easy,1.333333333,19.5027,90
8,8,4.71325,2,-294.8039324,17,d3b525de,505.98,wrong,6_easy_full,6,easy,full,6easy,0.553854875,22.39375,53
1,4,29.239,3,631.0955208,4,d6b67ee1,394.028,wrong,6_easy_full,6,easy,full,6easy,11.25,46.0485,26
6,5,23.1325,1,-379.2917548,7,d6d500ab,411.132,validatedCorrect,6_easy_full,6,easy,full,6easy,6.416666667,56.89375,21
5,7,11.5458,2,-561.3086694,9,dabbe6bb,262.131,wrong,6_easy_full,6,easy,full,6easy,1,18.6344,41
7,9,8.93475,0,-847.8784691,10,efa7383d,178.143,validatedCorrect,6_easy_full,6,easy,full,6easy,0.843856293,17.170625,38
3,6,9.455,4,1295.544803,6,f9c123d7,253.734,wrong,6_easy_full,6,easy,full,6easy,11,17.5422,25
5,5,6.9105,2,1055.938713,7,fda4f169,306.459,validatedCorrect,6_easy_full,6,easy,full,6easy,1.64,31.935,14
5,4,5.811666667,2,1003.100222,5,11dfe866,308.999,validatedCorrect,6_easy_pruned,6,easy,pruned,6easy,1.32,19.933,16
3,7,5.904857143,3,1059.204327,11,16e512d0,269.584,validatedCorrect,6_easy_pruned,6,easy,pruned,6easy,11,14.94257143,27
9,13,10.08525,5,409.6396988,19,19a105e3,523.907,validatedCorrect,6_easy_pruned,6,easy,pruned,6easy,7.875555556,14.80425,56
1,0,2.601,1,4.714285714,3,1de715c7,79.087,validatedCorrect,6_easy_pruned,6,easy,pruned,6easy,11,4.336,5
1,2,2.585,1,1437.071429,2,1fdbc072,71.96,wrong,6_easy_pruned,6,easy,pruned,6easy,19.5,4.017,5
5,13,4.595583333,3,-596.5643333,13,2dca846d,153.646,solvedCorrect,6_easy_pruned,6,easy,pruned,6easy,1.681111111,7.173333333,37
1,1,5.734,2,2006.022222,3,2dfbc35a,175.86,wrong,6_easy_pruned,6,easy,pruned,6easy,19.5,25.924,7
2,3,12.8095,2,3.203298611,5,33b693e2,125.063,solvedCorrect,6_easy_pruned,6,easy,pruned,6easy,0.236111111,17.6855,28
4,7,7.6556,4,2226.947509,7,33ebe68d,268.479,wrong,6_easy_pruned,6,easy,pruned,6easy,19.5,16.4456,21
2,1,0,0,-1653.5,2,46dad3ed,115.364,validatedCorrect,6_easy_pruned,6,easy,pruned,6easy,19.5,12.631,3
4,6,37.803,0,-280.7263213,7,48c70a00,565.51,solvedCorrect,6_easy_pruned,6,easy,pruned,6easy,5.25,85.243,29
5,6,21.56628571,0,-1012.168663,8,4dc50d03,571.732,wrong,6_easy_pruned,6,easy,pruned,6easy,1.333333333,42.864,49
3,5,21.71875,0,-1149.38907,6,55a709fd,479.943,validatedCorrect,6_easy_pruned,6,easy,pruned,6easy,1.332743764,26.4205,21
2,4,7.252333333,6,1670.238426,4,58e72ee8,224.201,wrong,6_easy_pruned,6,easy,pruned,6easy,15.375,26.512,20
9,25,8.837095238,7,-875.6257036,26,67abc3ab,692.353,wrong,6_easy_pruned,6,easy,pruned,6easy,5.25,15.03880952,96
6,0,4.1335,2,2.833670385,21,67abf219,360.937,validatedCorrect,6_easy_pruned,6,easy,pruned,6easy,0.583333333,12.1775,37
5,7,4.8395,2,-535.7731991,7,6cbbcdf7,205.771,solvedCorrect,6_easy_pruned,6,easy,pruned,6easy,1.722222222,14.3175,30
6,11,13.739,4,1286.072849,10,6fc70a09,395.433,solvedCorrect,6_easy_pruned,6,easy,pruned,6easy,1.722222222,19.57475,30
4,5,7.2934,1,7.320096618,8,7acbc3e2,197.75,validatedCorrect,6_easy_pruned,6,easy,pruned,6easy,11,21.9338,17
5,6,4.004,4,1384.259808,7,7cc119e0,197.903,validatedCorrect,6_easy_pruned,6,easy,pruned,6easy,11,8.2444,22
2,4,5.707666667,4,2004.472222,4,7db4f1d2,166.902,validatedCorrect,6_easy_pruned,6,easy,pruned,6easy,11,8.062,16
2,2,17.516,4,2860.142857,4,8ab71c6b,209.281,solvedCorrect,6_easy_pruned,6,easy,pruned,6easy,19.5,21.403,11
3,6,3.096,2,1007.133333,8,94abbfb2,177.742,validatedCorrect,6_easy_pruned,6,easy,pruned,6easy,11,8.58,14
5,1,19.431,2,-766.8330769,11,96afd320,298.656,validatedCorrect,6_easy_pruned,6,easy,pruned,6easy,1.32,44.618,18
1,2,13.209,3,3004,2,9db10b00,374.889,validatedCorrect,6_easy_pruned,6,easy,pruned,6easy,5009.75,14.671,8
3,0,23.463,0,2.117276392,7,adfac866,215.976,validatedCorrect,6_easy_pruned,6,easy,pruned,6easy,0.75,24.956,5
1,2,10.043,2,5005.125,2,b7e510d3,119.747,wrong,6_easy_pruned,6,easy,pruned,6easy,5009.75,11.608,6
1,2,15.575,2,1117.722222,2,c0cbeef2,299.314,validatedCorrect,6_easy_pruned,6,easy,pruned,6easy,19.5,18.154,7
3,5,53.34433333,1,4.185024595,6,c8afed22,625.451,validatedCorrect,6_easy_pruned,6,easy,pruned,6easy,1.291666666,65.29366667,41
3,3,8.48,1,592.7385581,5,dcfbe5af,245.981,wrong,6_easy_pruned,6,easy,pruned,6easy,1.14,14.0295,12
2,2,7.6675,2,3.035,4,ddb7456a,162.824,validatedCorrect,6_easy_pruned,6,easy,pruned,6easy,1.64,32.3085,9
5,10,12.44422222,4,182.6792541,11,dfa705b9,551.324,validatedCorrect,6_easy_pruned,6,easy,pruned,6easy,1.332743764,31.93266667,46
5,8,14.612,6,1021.459586,12,e1b100ae,477.122,validatedCorrect,6_easy_pruned,6,easy,pruned,6easy,10.14,23.29875,44
7,6,11.146,1,-957.151047,16,edbbcb60,340.757,validatedCorrect,6_easy_pruned,6,easy,pruned,6easy,1.64,16.5195,39
5,1,0,0,8.2225,8,edbbea2c,186.257,wrong,6_easy_pruned,6,easy,pruned,6easy,6.32,11.685,4
3,3,6.643,1,5.445329366,5,20a4fec4,254.196,wrong,10_easy_full,10,easy,full,10easy,17.32553855,32.051,7
12,22,10.55484211,2,-250.7448075,28,23b6924e,582.69,solvedCorrect,10_easy_full,10,easy,full,10easy,1.187325202,13.24873684,92
9,14,16.76609091,0,5.84052658,20,26e680e4,521.497,wrong,10_easy_full,10,easy,full,10easy,1.379616391,23.39318182,58
2,6,15.215,1,613.2656798,6,31b4fc9e,456.54,validatedCorrect,10_easy_full,10,easy,full,10easy,11.25,52.7764,27
4,4,33.70966667,2,267.7231279,6,37bffc4e,588.877,validatedCorrect,10_easy_full,10,easy,full,10easy,3.237042695,64.72466667,29
3,4,15.51066667,2,775.6296499,4,3ac5170c,232.959,validatedCorrect,10_easy_full,10,easy,full,10easy,7.647449684,21.08666667,22
13,20,12.37652632,3,-91.60580849,25,55c68fc5,568.543,wrong,10_easy_full,10,easy,full,10easy,1.397953515,18.61684211,85
6,7,23.347,1,276.3722332,8,56e6f5d2,599.712,wrong,10_easy_full,10,easy,full,10easy,1.540058568,40.738,30
8,8,12.253875,1,468.7212744,13,58d72aaf,358.624,wrong,10_easy_full,10,easy,full,10easy,0.972222222,21.26575,33
2,3,65.675,3,619.0166503,4,5cd6bb63,475.524,wrong,10_easy_full,10,easy,full,10easy,12.65371409,73.529,45
8,14,18.22571429,0,10.383093,15,6ac7311a,549.496,wrong,10_easy_full,10,easy,full,10easy,11.36111111,22.03471429,71
8,9,10.020875,4,-559.0079447,10,6cc4f8b6,328.086,wrong,10_easy_full,10,easy,full,10easy,4.78859548,18.37225,44
4,8,16.78057143,2,4.625241892,8,6cd50fc7,389.863,wrong,10_easy_full,10,easy,full,10easy,1.347222222,21.64142857,41
11,13,14.453,0,-110.3941269,15,70bffd4d,596.696,wrong,10_easy_full,10,easy,full,10easy,1.397953515,23.7537,71
10,15,16.33371429,1,-322.1943782,15,72caeffe,563.497,wrong,10_easy_full,10,easy,full,10easy,1.094778912,27.29007143,77
8,8,2.262,0,6.774100366,17,75bbec9c,215.507,wrong,10_easy_full,10,easy,full,10easy,7.047047658,16.146,24
12,43,5.85897619,1,-556.9402511,49,89cbc391,599.418,wrong,10_easy_full,10,easy,full,10easy,0.913515209,8.992952381,171
11,8,1.7496,0,-401.3074109,32,92a70054,494.758,validatedCorrect,10_easy_full,10,easy,full,10easy,1.982984207,7.5596,48
4,9,17.00275,2,451.0817531,9,9ae751bc,441.001,wrong,10_easy_full,10,easy,full,10easy,12.11111111,23.94,36
7,9,20.30125,3,748.0687323,10,abdacc98,469.241,wrong,10_easy_full,10,easy,full,10easy,11.25,28.614875,70
6,16,8.32,1,7.58364036,20,acc6e9d4,603.473,wrong,10_easy_full,10,easy,full,10easy,1.585226757,18.3786,73
3,2,0,0,-2817.549139,3,aefbe715,403.157,validatedCorrect,10_easy_full,10,easy,full,10easy,0,90.149,37
6,9,19.80088889,1,-1106.405091,16,b4a4f22a,582.366,solvedCorrect,10_easy_full,10,easy,full,10easy,0.972222222,24.64233333,67
9,9,4.53525,0,2.33552148,12,b8a4fbaa,299.103,wrong,10_easy_full,10,easy,full,10easy,1.182428182,8.323125,23
4,4,5.477666667,0,-947.3744484,7,b9bbef4c,198.454,wrong,10_easy_full,10,easy,full,10easy,0,7.148666667,15
7,4,14.56466667,2,171.1303738,18,c0dfd341,430.526,wrong,10_easy_full,10,easy,full,10easy,1.235090937,23.91666667,45
5,8,11.97528571,2,196.70407,8,c6aad6d0,253.324,validatedCorrect,10_easy_full,10,easy,full,10easy,1.128472222,22.53985714,44
3,1,8.1615,3,1435.005736,9,c8c4f85a,328.208,validatedCorrect,10_easy_full,10,easy,full,10easy,13.22222222,15.163,21
9,14,13.95192308,0,-100.0997907,16,cccfd3ac,366.307,validatedCorrect,10_easy_full,10,easy,full,10easy,0.804425543,18.35961538,82
5,9,7.709875,2,1004.733635,9,cff10c9a,469.659,wrong,10_easy_full,10,easy,full,10easy,1.553333333,20.755875,31
11,18,13.4724375,0,-747.9523819,21,d0e6841e,582.116,validatedCorrect,10_easy_full,10,easy,full,10easy,0.884410431,23.5243125,76
10,11,16.7552,1,-136.8583336,12,d4cbca4e,599.241,validatedCorrect,10_easy_full,10,easy,full,10easy,1.347222222,32.6921,60
4,4,18.50666667,3,393.6506532,5,d6c10e9a,533.302,wrong,10_easy_full,10,easy,full,10easy,11.43150227,82.10566667,48
6,6,17.31671429,1,-321.3700422,11,dacfd3d4,395.967,wrong,10_easy_full,10,easy,full,10easy,0.983563395,26.79157143,74
3,1,21.523,2,563.9945515,7,daf74d3f,250.532,wrong,10_easy_full,10,easy,full,10easy,13.22222222,49.09133333,12
1,1,13.273,2,1432.664788,1,e6abcdb2,92.175,validatedCorrect,10_easy_full,10,easy,full,10easy,1.401666667,18.053,12
4,4,23.514,1,378.577075,7,f1fbe0de,241.113,wrong,10_easy_full,10,easy,full,10easy,12.11111111,39.8745,21
7,12,8.386,0,-816.492963,16,f5dac888,385.951,wrong,10_easy_full,10,easy,full,10easy,1.111039293,21.341875,58
6,1,14.627,0,5.270434806,12,fcf4f6d3,379.692,wrong,10_easy_full,10,easy,full,10easy,1.48140447,16.965,26
9,7,8.753333333,0,4.584490531,11,fedbec09,278.533,wrong,10_easy_full,10,easy,full,10easy,1.051769647,19.32316667,26
5,4,10.802,0,-2571.987821,7,2fd101b0,218.377,validatedCorrect,10_easy_pruned,10,easy,pruned,10easy,0.607973356,14.57433333,61
2,3,2.048,1,2862.917773,2,39afd1eb,168.836,wrong,10_easy_pruned,10,easy,pruned,10easy,4.78859548,13.824,5
12,16,7.847230769,3,252.8328212,21,3ab7160d,555.601,validatedCorrect,10_easy_pruned,10,easy,pruned,10easy,1.01454932,18.51446154,62
9,10,11.81075,1,-1212.940693,12,43dbc360,503.376,wrong,10_easy_pruned,10,easy,pruned,10easy,1.347222222,30.78325,31
4,8,16.71075,2,-429.8098108,5,46c12352,454.768,wrong,10_easy_pruned,10,easy,pruned,10easy,1.335453515,26.2175,18
7,11,8.3361,6,627.2209904,16,4ecfea32,552.067,validatedCorrect,10_easy_pruned,10,easy,pruned,10easy,0.758316327,24.4553,64
9,2,21.3295,0,-923.056476,17,76bfdf0b,537.46,wrong,10_easy_pruned,10,easy,pruned,10easy,1.333410804,31.8775,40
11,16,6.098928571,2,280.668776,18,89cbfdf9,356.401,wrong,10_easy_pruned,10,easy,pruned,10easy,0.909166667,14.401,55
7,11,10.29077778,1,-348.1229564,14,8defd34b,599.523,validatedCorrect,10_easy_pruned,10,easy,pruned,10easy,0.721111111,32.48822222,45
2,3,7.411,2,1339.203556,3,92f69945,172.905,wrong,10_easy_pruned,10,easy,pruned,10easy,1.347222222,26.4835,12
3,3,7.86,2,565.6054775,5,a7bfd4fc,166.666,wrong,10_easy_pruned,10,easy,pruned,10easy,15.73795395,27.2855,15
5,1,10.859,2,673.2830626,9,b9e10f8b,257.194,validatedCorrect,10_easy_pruned,10,easy,pruned,10easy,4.611334783,32.345,22
21,25,7.716708333,4,192.7861684,29,c3dfd812,565.171,validatedCorrect,10_easy_pruned,10,easy,pruned,10easy,0.990079365,14.14441667,80
3,4,1.969333333,1,1433.911548,4,c7c6f18d,184.515,validatedCorrect,10_easy_pruned,10,easy,pruned,10easy,1.269722222,3.319333333,10
9,13,7.44975,6,1055.241835,16,cdc50047,427.938,validatedCorrect,10_easy_pruned,10,easy,pruned,10easy,0.94744898,10.93391667,44
5,4,3.158,2,955.3395167,6,ceafe698,248.849,validatedCorrect,10_easy_pruned,10,easy,pruned,10easy,1.982984207,19.941,16
20,27,5.357769231,0,-333.7110274,31,d5aff345,576.461,validatedCorrect,10_easy_pruned,10,easy,pruned,10easy,0.682777778,16.07884615,92
5,5,9.41975,1,3.075013412,6,e2bbe5e1,135.477,wrong,10_easy_pruned,10,easy,pruned,10easy,1.982984207,18.5565,28
7,7,6.095666667,2,695.9107248,9,eec719ce,389.017,wrong,10_easy_pruned,10,easy,pruned,10easy,3.594172336,25.70283333,22
1,4,6.071666667,6,3006.034722,4,f8efd664,145.466,validatedCorrect,10_easy_pruned,10,easy,pruned,10easy,5014.75,7.552333333,16
4,7,12.46333333,8,2289.487258,7,fdc4f07b,321.403,validatedCorrect,10_easy_pruned,10,easy,pruned,10easy,1.540058568,26.82333333,28
3,3,11.63866667,3,1012.159848,12,18c75602,333.24,validatedCorrect,10_medium_full,10,medium,full,10medium,14.07674508,13.52133333,32
6,5,0.324,1,698.9662229,9,33bbca9a,180.128,wrong,10_medium_full,10,medium,full,10medium,12.5035941,3.713333333,22
8,6,22.39333333,1,7.941452876,9,38cbc1f6,281.808,wrong,10_medium_full,10,medium,full,10medium,6.183123583,25.46933333,49
5,7,11.22066667,3,454.8954789,14,48ec02bc,390.555,solvedCorrect,10_medium_full,10,medium,full,10medium,4.768524635,19.432,54
4,12,24.8912,4,649.8768257,11,4cb73467,513.003,solvedCorrect,10_medium_full,10,medium,full,10medium,7.403416925,29.84,67
7,10,6.380777778,1,-556.2285365,13,4cffe209,150.443,solvedCorrect,10_medium_full,10,medium,full,10medium,7.196343504,9.185444444,43
8,8,13.23942857,3,-182.8601759,10,4de4f27d,336.056,wrong,10_medium_full,10,medium,full,10medium,3.564962666,25.67428571,45
7,18,15.29564706,2,94.99950088,19,54d4fd9d,601.602,solvedCorrect,10_medium_full,10,medium,full,10medium,4.768524635,21.97370588,94
3,3,22.9565,2,5.868641122,3,54f6b927,207.659,solvedCorrect,10_medium_full,10,medium,full,10medium,3.847835876,28.381,25
2,4,6.487333333,4,934.887178,4,76abf978,265.368,validatedCorrect,10_medium_full,10,medium,full,10medium,4.308662601,13.14533333,39
3,4,18.177,2,651.264637,4,81a10227,259.869,validatedCorrect,10_medium_full,10,medium,full,10medium,7.403416925,30.93966667,27
3,1,8.704,3,974.2259248,7,85e50169,394.259,solvedCorrect,10_medium_full,10,medium,full,10medium,9.177999805,10.75,24
2,0,0,0,-820.7410592,3,89fbc220,67.723,validatedCorrect,10_medium_full,10,medium,full,10medium,14.21847506,1.735,9
1,2,43.048,4,1004.358886,2,93c70cc1,335.274,wrong,10_medium_full,10,medium,full,10medium,7.196343504,44.98,18
8,7,10.8265,2,-803.0198926,10,a0a4f4ea,266.525,wrong,10_medium_full,10,medium,full,10medium,10.93948554,19.67366667,30
9,15,12.7015,7,-244.3685423,18,a7b511d6,580.816,wrong,10_medium_full,10,medium,full,10medium,14.72111111,17.15121429,98
4,2,8.373,2,6.636593946,7,b0d5043d,191.525,wrong,10_medium_full,10,medium,full,10medium,6.607161038,10.769,33
2,2,17.577,1,1675.141137,2,b3dbd892,143.328,wrong,10_medium_full,10,medium,full,10medium,8.031148429,18.655,10
2,3,28.182,2,1062.536104,2,b9bbc96c,185.674,solvedCorrect,10_medium_full,10,medium,full,10medium,13.64654571,31.3545,16
6,1,22.24,4,8.315192977,21,c6c100be,527.02,wrong,10_medium_full,10,medium,full,10medium,11.42361111,26.983,74
4,3,20.605,1,1823.497477,4,e0a10efa,150.483,wrong,10_medium_full,10,medium,full,10medium,7.096543829,36.2645,8
8,9,7.889,3,-377.2571683,11,e3a4effd,267.22,solvedCorrect,10_medium_full,10,medium,full,10medium,4.836944444,18.82625,43
5,8,19.252,5,609.6778269,8,f8e11654,430.02,wrong,10_medium_full,10,medium,full,10medium,8.079000842,25.46,42
3,3,8.838,2,632.3773876,3,19b680e2,203.225,validatedCorrect,10_medium_pruned,10,medium,pruned,10medium,11.69444444,14.8275,13
15,54,7.767285714,3,-1558.88677,36,29e72a67,567.541,validatedCorrect,10_medium_pruned,10,medium,pruned,10medium,1.43122449,14.33628571,115
6,14,12.54525,12,1162.380514,14,33a74451,499.696,wrong,10_medium_pruned,10,medium,pruned,10medium,13.08277778,17.612,64
2,1,2.586,2,1120.853403,3,43c516b5,113.185,validatedCorrect,10_medium_pruned,10,medium,pruned,10medium,13.52735261,6.301,13
4,1,11.888,1,876.9933819,7,5efbf191,151.334,wrong,10_medium_pruned,10,medium,pruned,10medium,11.52083333,12.596,15
3,1,0,3,2232.004052,5,6db76212,232.394,validatedCorrect,10_medium_pruned,10,medium,pruned,10medium,14.96895809,2.717,13
8,10,6.58225,3,-476.7831114,10,76f6a1e9,313.985,wrong,10_medium_pruned,10,medium,pruned,10medium,4.629198081,21.182625,52
4,5,27.82025,4,9.123606741,7,93ebead7,410.195,validatedCorrect,10_medium_pruned,10,medium,pruned,10medium,11.087654,33.50675,40
5,4,2.531,2,3341.659373,5,94a4f5d4,112.219,validatedCorrect,10_medium_pruned,10,medium,pruned,10medium,14.40284014,4.344333333,11
2,4,8.1805,2,1440.917808,3,95e69707,212.619,validatedCorrect,10_medium_pruned,10,medium,pruned,10medium,18.90150227,12.991,11
5,10,17.43966667,9,1507.643209,10,9da51cdd,311.772,solvedCorrect,10_medium_pruned,10,medium,pruned,10medium,10.54833545,20.16966667,50
8,4,5.788,4,145.8703844,30,9dd11e8e,584.185,validatedCorrect,10_medium_pruned,10,medium,pruned,10medium,11.00169689,22.670125,49
1,2,7.622,1,919.1352187,2,a9cbcabb,75.564,wrong,10_medium_pruned,10,medium,pruned,10medium,8.265539488,10.083,9
3,3,3.3615,1,849.2661761,4,abd12ee2,186.299,validatedCorrect,10_medium_pruned,10,medium,pruned,10medium,24.01406084,8.48,9
6,8,15.74755556,4,10.54917111,10,b0c6f3a8,451.68,validatedCorrect,10_medium_pruned,10,medium,pruned,10medium,8.076122449,26.595,47
3,1,21.656,2,2009.102356,5,bdd7483e,532.439,solvedCorrect,10_medium_pruned,10,medium,pruned,10medium,14.40284014,25.487,7
4,5,9.7895,4,844.1673183,6,cefc077d,198.167,validatedCorrect,10_medium_pruned,10,medium,pruned,10medium,22.94333333,12.77775,19
7,1,9.538,3,408.3605791,16,d0f687f1,600.417,validatedCorrect,10_medium_pruned,10,medium,pruned,10medium,13.08277778,27.015,38
3,1,0,4,2011.299386,8,e9b10766,319.859,validatedCorrect,10_medium_pruned,10,medium,pruned,10medium,27.64446923,1.459,15
12,20,5.555181818,1,-152.7282597,34,ecefd3a0,557.659,validatedCorrect,10_medium_pruned,10,medium,pruned,10medium,8.998118383,16.47390909,87
3,4,7.267333333,4,1745.431559,4,eefbf52d,196.111,wrong,10_medium_pruned,10,medium,pruned,10medium,9.177999805,17.31766667,19
